name,address
AltModel_InitBody,0x5101d5
AltModel_InitRigid,0x51014c
AltModel_SaveBody,0x51033a
AltModel_SaveRigid,0x5102dd
AmbientSoundManager_Create,0x494d83
AmbientSoundManager_HandleMessage,0x4949f3
AmbientSoundManager_Init,0x494a02
AmbientSoundManager_PickRepeatDelay,0x494972
AmbientSoundManager_Update,0x494170
AmbientSoundManager_vtbl,0x575938
AnimMesh_ApplyFrame,0x40bee2
AnimMesh_BuildFromBsFile,0x40b6e1
AnimMesh_CapturePose,0x40bf3a
AnimMesh_Construct,0x40b630
AnimMesh_Destruct,0x40b6c5
AnimMesh_Draw,0x40b870
AnimMesh_DrawAll,0x40b870
AnimMesh_GetFlag,0x40bad9
AnimMesh_Load,0x40b6e1
AnimMesh_ScalarDeletingDtor,0x40bff0
AnimMesh_SetBlendTarget,0x40bf8e
AnimMesh_SetSequence,0x40ba9b
AnimMesh_Stub_40bac3,0x40bac3
AnimMesh_Stub_40bace,0x40bace
AnimMesh_TransformAll,0x40b865
AnimMesh_TransformAll_Stub,0x40b865
AnimMesh_UpdateAnim,0x40bb19
AnimMesh_vtbl,0x574358
AnimSprite_Draw,0x53b67e
AnimSprite_DrawThunk8,0x53c356
AnimSprite_DrawThunk9,0x53c321
AnimSprite_InitFromRes,0x53b531
Anim_Advance,0x55060c
Anim_ClearPose,0x5523bd
Anim_DecodeFirstKey,0x551845
Anim_DecodeKey,0x551dc3
Anim_FireSoundEvent,0x50d540
Anim_GetCurrentKey,0x54ffb0
Anim_GetDebugNames,0x55005c
Anim_GetDurationMs,0x5503d8
Anim_GetNextKey,0x54fffc
Anim_GetRootOffset,0x55086d
Anim_InterpolatePose,0x55154e
Anim_PostInitStub,0x550868
Anim_RestorePose,0x5504e1
Anim_Start,0x550196
Anim_StartDirect,0x54fe9b
Animator_Init,0x55b3ae
Anvil_Create,0x4950ee
Anvil_HandleMessage,0x495011
Anvil_PostLoadInit,0x494df0
Anvil_Update,0x494e92
Anvil_vtbl,0x575980
App_CopyBackBufferToClipboard,0x403921
App_EnsureDirectX,0x403a59
App_GetExeDir,0x401053
App_GetLanguageMask,0x4035ef
App_InitGameSystems,0x401871
App_OfferDesktopShortcut,0x40369c
App_Shutdown,0x401ad5
App_WndProc,0x4017ec
AttachLink_Alloc,0x55ba1a
AttachLink_FindFirstChildSlot,0x55b7ca
AttachLink_Free,0x55bb1a
AttachLink_InitPool,0x55b769
AttachLink_InsertFreeAt,0x55b839
AttachLink_SetParams,0x55b8b2
AutomaticDoor_Create,0x4954dd
AutomaticDoor_HandleMessage,0x4952a0
AutomaticDoor_PostLoadInit,0x495430
AutomaticDoor_Reset,0x4952af
AutomaticDoor_SetCollision,0x4954ae
AutomaticDoor_SetState,0x4952ba
AutomaticDoor_Update,0x495160
AutomaticDoor_vtbl,0x5759a4
Bat_Create,0x496121
Bat_HandleMessage,0x495d5d
Bat_PostLoadInit,0x495900
Bat_Render,0x4960e9
Bat_SetState,0x495d6c
Bat_Update,0x49595f
Bat_vtbl,0x5759ec
Battery_Create,0x497186
Battery_HandleMessage,0x496af7
Battery_PostLoadInit,0x496190
Battery_Render,0x496c7f
Battery_Reset,0x49648f
Battery_SetState,0x496ccb
Battery_StepCollectFlight,0x496f8d
Battery_Update,0x49658b
Battery_vtbl,0x575a10
Bees_Create,0x498fbb
Bees_FaceTowards,0x498eec
Bees_HandleMessage,0x49806a
Bees_MoveToward,0x498e0b
Bees_Orbit,0x498d45
Bees_PostLoadInit,0x4971f0
Bees_Render,0x498f16
Bees_Reset,0x498f3c
Bees_SetState,0x4981ed
Bees_Update,0x4974b2
Bees_vtbl,0x575a34
Bell_Create,0x499295
Bell_HandleMessage,0x499136
Bell_PostLoadInit,0x499030
Bell_Reset,0x49904e
Bell_SetState,0x499155
Bell_Update,0x499063
Bell_vtbl,0x575a58
Bezier2_EvalWithTangent,0x5389d6
Bezier3_Eval,0x538b2d
BipbipLevel14_Create,0x42ebaa
BipbipLevel14_HandleMessage,0x42e588
BipbipLevel14_PostLoadInit,0x42dae0
BipbipLevel14_Reset,0x42eb66
BipbipLevel14_SetState,0x42e59f
BipbipLevel14_TrajInit,0x42e91d
BipbipLevel14_TrajStep,0x42e987
BipbipLevel14_Update,0x42dd3d
BipbipLevel14_vtbl,0x574bf8
Bird_Create,0x49ace6
Bird_HandleMessage,0x49a5e5
Bird_Init,0x499e30
Bird_Render,0x49acb9
Bird_Reset,0x49a066
Bird_SetState,0x49a5f4
Bird_Update,0x49a07b
Bird_vtbl,0x575aa0
BlackHole_ApplyPull,0x49b149
BlackHole_Create,0x49b5b9
BlackHole_HandleMessage,0x49b39b
BlackHole_PostLoadInit,0x49b552
BlackHole_Render,0x49b3e6
BlackHole_Reset,0x49b405
BlackHole_Update,0x49ad50
BlackHole_vtbl,0x575ac4
BonusManager_Create,0x49cc0f
BonusManager_DrawBonusList,0x49b83c
BonusManager_DrawEntryInfo,0x49b9e1
BonusManager_DrawViewerFooter,0x49bb2e
BonusManager_GetUiString,0x49cc76
BonusManager_HandleMessage,0x49cb69
BonusManager_PostLoadInit,0x49b620
BonusManager_Reset,0x49cbe6
BonusManager_Update,0x49bd01
BonusManager_vtbl,0x575ae8
Bounds_FromAnimModel,0x55c304
Bounds_FromRigidModel,0x55c797
BoxList_FindContainingPoint,0x514823
BoxList_FindContainingPointBelowTop,0x5148ff
BoxList_FindContainingPointXZ,0x514aa5
BoxList_FindOverlappingBox,0x5149cc
BoxList_FindOverlappingBoxXZ,0x514b56
Box_ContainsPointXZ,0x4486c0
Box_GapXZ,0x514bfa
Box_GroundQueryDome,0x515a00
Box_GroundQueryFlatTop,0x515934
Box_SegmentCrossesXZ,0x4593a0
Box_Translate,0x5154ce
BsDecode_Kind0_1,0x41c136
BsDecode_Kind10_11,0x41c836
BsDecode_Kind12,0x41cbb6
BsDecode_Kind2_3,0x41c461
BsDecode_Stride24_Pass1,0x41cfe6
BsDecode_Stride24_Pass2,0x41e09a
BsDecode_Stride48_Pass1,0x41d7d2
BsDecode_Stride48_Pass2,0x41e9ca
BsFile_CountKindAcrossFrames,0x41bddb
BsFile_Ctor,0x41b7f0
BsFile_Dtor,0x41b9b3
BsFile_FindEntryValue,0x41bcf3
BsFile_FindFrameOfType,0x41bbc6
BsFile_FirstFrame,0x41bb5b
BsFile_NextFrame,0x41ba79
BsFile_Open,0x41b7f0
BsFile_PeekEntryCount,0x41bc0f
BsFile_ReadAnimNames,0x41f54b
BsFile_ReadJointTable,0x41ff60
BsFile_ReadRgbHalved,0x41f994
BsFile_ReadTrack12,0x41fe75
BsFile_ReadU16,0x41f82b
BsFile_ReadU24BE,0x41f91f
BsFile_ReadU32,0x41f88e
BsFile_ReadU8,0x41f7ef
BsFile_ReadVertices,0x41c03f
BsFile_ScalarDeletingDtor,0x420420
BsFile_SeekFrameOfType,0x41bb23
BsFile_SkipEntry,0x41fc89
BsFile_TotalField18AllFrames,0x41bec3
BsFile_TotalTableCountAllFrames,0x41bfb4
BsFile_TotalVerticesAllFrames,0x41bc68
BsFile_Type4_GetField18,0x41be6d
BsFile_Type4_GetTableCount,0x41bf4e
BsFile_Type4_ReadTable14,0x41f422
BsFile_WriteU16,0x41fa79
BsFile_WriteU32,0x41face
BsFile_WriteU8,0x41fa42
BsPolyBlendFlat_Ctor,0x41a8f0
BsPolyBlendFlat_Dtor,0x41a90f
BsPolyBlendFlat_VectorDeletingDtor,0x4153e0
BsPolyBlendFlat_vtbl,0x5743dc
BsPolyBlendGouraud_Ctor,0x41a930
BsPolyBlendGouraud_Dtor,0x41a94f
BsPolyBlendGouraud_VectorDeletingDtor,0x415490
BsPolyBlendGouraud_vtbl,0x5743e0
BsPolyFlat_Ctor,0x41a970
BsPolyFlat_Dtor,0x41a98f
BsPolyFlat_VectorDeletingDtor,0x415120
BsPolyFlat_vtbl,0x5743e4
BsPolyGouraud_Ctor,0x41a9f0
BsPolyGouraud_Dtor,0x41aa0f
BsPolyGouraud_VectorDeletingDtor,0x4151d0
BsPolyGouraud_vtbl,0x5743ec
BsPolyTexFlat_Ctor,0x41a9b0
BsPolyTexFlat_Dtor,0x41a9cf
BsPolyTexFlat_VectorDeletingDtor,0x415280
BsPolyTexFlat_vtbl,0x5743e8
BsPolyTexGouraud_Ctor,0x41aa30
BsPolyTexGouraud_Dtor,0x41aa4f
BsPolyTexGouraud_VectorDeletingDtor,0x415330
BsPolyTexGouraud_vtbl,0x5743f0
BsStream_Ctor,0x41b1a0
BsStream_Dtor,0x41b1fa
BsStream_Open,0x41b1a0
BsStream_ReadU16,0x41b2e9
BsStream_ReadU32,0x41b34c
BsStream_ReadU8,0x41b2ad
BsStream_ScalarDeletingDtor,0x41b3e0
BsStream_Seek,0x41b22e
BsStream_Skip,0x41b264
Bs_Angle12ToRadians,0x41fb71
Bs_Angle8ToRadians,0x41fbba
Bs_FileSize,0x41b6e0
Bs_Fixed12ToFloat,0x41fc03
Bs_IsGeometryResource,0x41ba1d
Bs_LoadFile,0x41b72d
Bs_Normal8ToFloat,0x41fc22
Bs_S16ToFloat,0x41fb58
Bs_TexelToUV,0x41fc41
Bs_WriteFile,0x41b7ad
Bullet_AimAt,0x49e52e
Bullet_Create,0x49e958
Bullet_HandleMessage,0x49e634
Bullet_PostLoadInit,0x49e020
Bullet_Reset,0x49e146
Bullet_SetState,0x49e6c6
Bullet_Update,0x49e15b
Bullet_vtbl,0x575b54
Bush_Create,0x49f1f7
Bush_HandleMessage,0x49eca9
Bush_Init,0x49f11e
Bush_Render,0x49efc1
Bush_Reset,0x49f000
Bush_StartRespawn,0x49ec1f
Bush_Update,0x49e9d0
Bush_vtbl,0x575b78
Butterfly_Create,0x49fea8
Butterfly_HandleMessage,0x49fa12
Butterfly_Init,0x49f260
Butterfly_Render,0x49fe7b
Butterfly_SetState,0x49fa21
Butterfly_Update,0x49f48e
Butterfly_vtbl,0x575b9c
CLSID_AMMultiMediaStream,0x577768
CLSID_AudioRender,0x577788
CLSID_ShellLink,0x5777a8
Cactus_Create,0x4a004d
Cactus_HandleMessage,0x49ffcd
Cactus_Init,0x49ff30
Cactus_Update,0x49ffba
Cactus_vtbl,0x575bc0
CamShot_Init,0x4ef8c9
CamShot_Start,0x4efa8f
CamShot_Stop,0x4ef8f9
CamShot_Update,0x4ef982
CameraManager2_Create,0x4a0d53
CameraManager2_Init,0x4a0a5a
CameraManager2_Reset,0x4a0a30
CameraManager2_Update,0x4a07b0
CameraManager2_vtbl,0x575c08
CameraManager_Create,0x4a0740
CameraManager_HandleMessage,0x4a059f
CameraManager_Init,0x4a00c0
CameraManager_Reset,0x4a0728
CameraManager_Update,0x4a0393
CameraManager_vtbl,0x575be4
CameraRestriction_Create,0x4a1666
CameraRestriction_HandleMessage,0x4a0ece
CameraRestriction_Init,0x4a1113
CameraRestriction_ReadAngleRange,0x4a1081
CameraRestriction_Update,0x4a0dc0
CameraRestriction_vtbl,0x575c2c
Camera_ApplyRestriction,0x55414c
Camera_BuildViewMatrix,0x55a9d2
Camera_ClampAngleToArc,0x553fad
Camera_ClampToTrajectory,0x55497d
Camera_EaseFocal,0x5595fc
Camera_EaseLerp,0x559381
Camera_EaseLerpAngles,0x5594d5
Camera_EaseLerpVec3s,0x5593fd
Camera_EyeToAngles,0x55503c
Camera_FindClearDistance,0x556c6a
Camera_FollowTrajectory,0x554eba
Camera_FreeLevel,0x55a308
Camera_InitOnceStub,0x55a222
Camera_InitSettings,0x55a227
Camera_InitUnderwaterOverlay,0x55acb7
Camera_IsEyeClear,0x558c3d
Camera_IsPointOnScreen,0x55af38
Camera_OnManualRotate,0x552450
Camera_OrbitInstance_Unused,0x5526c9
Camera_ProbeLedgeAhead,0x553d78
Camera_ReleaseAny,0x55a30d
Camera_ReleaseScripted,0x55a367
Camera_Reset,0x559ff1
Camera_ResetMotion,0x559c49
Camera_ResetUnderwaterOverlay,0x55ac6b
Camera_SetMode,0x559e07
Camera_SetSamChase,0x55a93e
Camera_ShakeOffset,0x55254c
Camera_SmoothToDesired,0x55442a
Camera_SolveCollision,0x5551e8
Camera_StartScripted,0x55a70d
Camera_StartShake,0x55262a
Camera_StickAxisDeadzone,0x55266e
Camera_StopShake,0x55264c
Camera_SweepEyeBox,0x552e22
Camera_TooFarAndCutLogic,0x555470
Camera_Update,0x55a3d0
Camera_UpdateDebugFreeCam,0x55285d
Camera_UpdateDirected,0x558f9b
Camera_UpdateFixedLookAt,0x558d5d
Camera_UpdateFollow,0x557d8d
Camera_UpdateLedgeLook,0x553e86
Camera_UpdateLook,0x558934
Camera_UpdateOrbit_Unused,0x5591f2
Camera_UpdateRocket,0x558857
Camera_UpdateSamChase,0x556e0b
Camera_UpdateScriptBlendIn,0x559972
Camera_UpdateScriptReturn,0x559639
Camera_UpdateScriptToScript,0x559b5a
Camera_UpdateScriptedHold,0x558f75
Camera_UpdateUnderwater,0x55adec
CannonBall2_Create,0x4a56a0
CannonBall2_HandleMessage,0x4a518b
CannonBall2_Move,0x4a4bc0
CannonBall2_PostLoadInit,0x4a55fb
CannonBall2_Render,0x4a5501
CannonBall2_Reset,0x4a5520
CannonBall2_StepFall,0x4a4e63
CannonBall2_Update,0x4a4f2b
CannonBall2_vtbl,0x575c74
CannonBall_Create,0x4a4928
CannonBall_HandleMessage,0x4a2d89
CannonBall_Init,0x4a1790
CannonBall_PlaceChaseCamera,0x4a40ea
CannonBall_Render,0x4a39f8
CannonBall_Reset,0x4a1b3c
CannonBall_SetState,0x4a3512
CannonBall_SweepMove,0x4a42f5
CannonBall_Update,0x4a1c3c
CannonBall_UpdateChaseCamera,0x4a3b4f
CannonBall_UpdateDebris,0x4a3dad
CannonBall_vtbl,0x575c50
CanonDummy_Create,0x4a5ab5
CanonDummy_HandleMessage,0x4a5874
CanonDummy_Init,0x4a5710
CanonDummy_Render,0x4a5a64
CanonDummy_Reset,0x4a57e5
CanonDummy_SetState,0x4a594c
CanonDummy_Update,0x4a57fa
CanonDummy_vtbl,0x575c98
CanonSheep_AimDummyAlong,0x4a6f9a
CanonSheep_ComputeLaunchVelocity,0x4a6ef9
CanonSheep_Create,0x4a70d8
CanonSheep_HandleMessage,0x4a6563
CanonSheep_NearestPoint,0x4a704a
CanonSheep_PostLoadInit,0x4a5b20
CanonSheep_Reset,0x4a5f14
CanonSheep_SetState,0x4a66f4
CanonSheep_Update,0x4a5f5d
CanonSheep_vtbl,0x575cbc
CanonSimple_AddAimOffset,0x4a8385
CanonSimple_ApplyAim,0x4a87d5
CanonSimple_Create,0x4a8859
CanonSimple_HandleMessage,0x4a75f7
CanonSimple_Init,0x4a7140
CanonSimple_MoveTo,0x4a848e
CanonSimple_Reset,0x4a74f9
CanonSimple_SetState,0x4a7840
CanonSimple_Translate,0x4a8670
CanonSimple_Update,0x4a7591
CanonSimple_UpdateAim,0x4a7cbc
CanonSimple_vtbl,0x575ce0
CardStub_FreeBlocks,0x52a308
CardStub_Status,0x52a2fe
CardStub_Status2,0x52a312
CardStub_Status3,0x52a31c
Card_Access,0x54a9c1
Card_AnyBlockUsed,0x54b04e
Card_CommitBlock,0x54aaaa
Card_DrawScreen,0x54b176
Card_ReadBlocks,0x52a3a6
Card_ReadWholeBlocks,0x52a326
Card_SaveExists,0x52a2d6
Card_StateMachine,0x54b459
Card_WriteBlocks,0x52a42c
Card_WriteFrames,0x52a46d
Case_Create,0x4a88c0
Case_HandleMessage,0x4a89f5
Case_PostLoadInit,0x4a8924
Case_vtbl,0x575d04
Catapult_Create,0x4ab30f
Catapult_CustomCollide,0x4a9e4d
Catapult_DrawPowerGauge,0x4ab137
Catapult_FindFreeLandingSpot,0x4a998f
Catapult_GroundQuery,0x4ab24f
Catapult_HandleMessage,0x4aa907
Catapult_Init,0x4a8a40
Catapult_Launch,0x4aab94
Catapult_Reset,0x4aaf7b
Catapult_ScanBucket,0x4a9b9e
Catapult_SetArmPose,0x4a91f3
Catapult_SetState,0x4a9469
Catapult_SweepThrown,0x4a9ff0
Catapult_TrackCamera,0x4a9eb7
Catapult_Update,0x4aa17b
Catapult_UpdateArmAngle,0x4a91cb
Catapult_UpdateBucketArmed,0x4a90f3
Catapult_UpdateBucketBox,0x4a963d
Catapult_UpdatePowerInput,0x4aafe2
Catapult_vtbl,0x575d2c
Cheat_CheckSequence,0x52dd70
Cheat_IsLevelSkipRequested,0x52de40
Cheat_Poll,0x52de00
CheckpointManager_Create,0x4abb9d
CheckpointManager_FindEntryAt,0x4ab390
CheckpointManager_HandleMessage,0x4ab702
CheckpointManager_Init,0x4ab8d4
CheckpointManager_Reset,0x4ab8bf
CheckpointManager_Update,0x4ab403
CheckpointManager_vtbl,0x575d50
Chronometer_Create,0x4ac51f
Chronometer_HandleMessage,0x4ac217
Chronometer_PostLoadInit,0x4abcc0
Chronometer_SetMode,0x4ac462
Chronometer_Update,0x4abec3
Chronometer_vtbl,0x575d74
Cine_AdvanceScriptCursor,0x561be0
Cine_AttachEntry,0x562660
Cine_CaptureCamera,0x561b60
Cine_Construct,0x5617c0
Cine_DetachEntry,0x5626b0
Cine_FindCinBBox,0x561a60
Cine_FindCinSheepBBox,0x561aa0
Cine_FindFirstPosKey,0x5619c0
Cine_FindFirstPosKeyFor,0x561970
Cine_FindFirstRotKey,0x561a10
Cine_Finish,0x5620a0
Cine_InitRecordCursors,0x563470
Cine_KeyAtLast,0x5630f0
Cine_KeyPastLast,0x563120
Cine_KeyframePos,0x5623d0
Cine_KeyframeRot,0x5624c0
Cine_KeyframeScalar,0x5625f0
Cine_LerpAngle,0x562570
Cine_LerpVec3s,0x562420
Cine_Load,0x561d10
Cine_LoadKeyPair,0x563150
Cine_LoadStepKeyPair,0x563190
Cine_NotifyActors,0x561e60
Cine_OpAdvanceAnim,0x562fa0
Cine_OpFlickerVisibility,0x562fc0
Cine_OpKeyCamScalar,0x562ff0
Cine_OpKeyPosition,0x562e00
Cine_OpKeyRotation,0x562ee0
Cine_OpStartAnim,0x562f70
Cine_OpToggleActorEntry,0x563060
Cine_RecordSize,0x561800
Cine_RenderTaggedObjects,0x561820
Cine_Reset,0x562070
Cine_ResetIterators,0x561bc0
Cine_ResolveText,0x4acd5f
Cine_ResolveTracks,0x561dc0
Cine_RestoreActorState,0x562340
Cine_RestoreIterator,0x561cb0
Cine_Rewind,0x5633f0
Cine_RunOpcodes,0x5621b0
Cine_SaveActorState,0x5622b0
Cine_SaveIterator,0x561c90
Cine_ScriptTargetsObject,0x561920
Cine_SetCamPos,0x561ae0
Cine_SetCamRot,0x561b10
Cine_SetCamScalar,0x561b40
Cine_SetDialogueParams,0x561cd0
Cine_SkipRecords,0x561c50
Cine_Start,0x5631d0
Cine_StaticInit_g_cinePlayer,0x5634b0
Cine_Stop,0x563350
Cine_Stop_SetsLevelExit,0x56219f
Cine_TagObjectsInBox,0x561f50
Cine_Update,0x5626d0
CinematicsManager_Create,0x4accfa
CinematicsManager_HandleMessage,0x4acc8c
CinematicsManager_Init,0x4ac5b0
CinematicsManager_Update,0x4ac945
CinematicsManager_vtbl,0x575d98
Coll_BoxGroundQuery,0x51a9de
Coll_BoxGroundQuery_customCollideArgs,0x51b1c0
Coll_BoxGroundQuery_objectPass,0x51ae00
Coll_BoxGroundQuery_staticPass,0x51ab16
Coll_BuildCellGrid,0x5196fc
Coll_FreeCellGrid,0x5199ff
Collide_BoxPolyClipXZ_MaxY,0x517c4b
Collide_BoxTriangleSweep,0x5175da
Collide_BoxTriangleSweep_MinMaxY,0x51902f
Collide_BoxVsObjBox,0x519bea
Collide_ClipTriToBox,0x517d2f
Collide_GroundYRay,0x51b5f3
Collide_InitLevel,0x5196c0
Collide_MergeTriLists,0x519a55
Collide_PointInPolyXZ,0x51b525
Collide_RayCastStatic,0x51b8a2
Collide_RayInsideTri,0x51b3bc
Collide_ResolveMove,0x50e6b7
Collide_SegCells_AddCell,0x51c297
Collide_SegCells_Gather,0x51c51e
Collide_SegmentClearStatic,0x51d2eb
Collide_SegmentVsBoxListXZ,0x51e033
Collide_SegmentVsStaticTris,0x51c99e
Collide_ShutdownLevel,0x5196f2
Collide_SweepBox,0x519f6d
Collide_SweepBoxVsBox,0x517e4b
Collide_SweepBoxVsCone,0x518742
Collide_SweepBoxVsCylinder,0x51819d
Collide_SweepBoxVsEllipsoid,0x518a8d
Collide_SweepBox_Sam,0x51d3f0
Collide_TriNormalRaw,0x51b301
Color16_LerpToTarget,0x527854
Color_BgrHalvedToRgb,0x526a46
Color_GreyFromScalar,0x538d20
Color_Lerp,0x40f7d3
Color_RgbToBgr,0x5269f2
Color_RgbToBgrHalved,0x526a1b
Color_ScaleClamp,0x55abb7
CompositeRod_BeginFishing,0x4be769
CompositeRod_EndFishing,0x4be7e3
CompositeRod_HandleMessage,0x4be9d6
CompositeRod_InitParts,0x4becc6
CompositeRod_Render,0x4beedb
CompositeRod_Reset,0x4becb3
CompositeRod_Update,0x4be87e
CompositeRod_vtbl,0x576110
Countdown_DrawHud,0x52dea3
Countdown_Format,0x52de50
Cpp_AtExit_g_scratchPoly,0x40f951
Cpp_Ctor_g_scratchPoly,0x40f942
Cpp_Dtor_g_scratchPoly,0x40f963
Cpp_NoopCtor,0x415c70
Cpp_StaticInitArray_5c9248,0x40f8e8
Cpp_StaticInit_5c9248,0x40f8de
Cpp_StaticInit_RenderPoly,0x40f933
Cpp_VectorCtorIterator,0x40c0d0
Crane_Create,0x4ad917
Crane_HandleMessage,0x4ad64f
Crane_PostLoadInit,0x4acd80
Crane_Reset,0x4ad8b4
Crane_SetCargoAttached,0x4acfbc
Crane_SetState,0x4ad0a1
Crane_SetWolfLock,0x4ad038
Crane_Update,0x4ad40e
Crane_vtbl,0x575dbc
Crc32,0x55f6b0
CreditsManager_Create,0x4adee6
CreditsManager_CreateProjectionVBs,0x4adf48
CreditsManager_HandleMessage,0x4ade4b
CreditsManager_Init,0x4ad980
CreditsManager_Render,0x4ae092
CreditsManager_Update,0x4adbf7
CreditsManager_vtbl,0x575de0
CrocodileLevel09_Create,0x434236
CrocodileLevel09_HandleMessage,0x4335ff
CrocodileLevel09_Init,0x431d20
CrocodileLevel09_MoveAndTilt,0x434090
CrocodileLevel09_Reset,0x431f27
CrocodileLevel09_SetState,0x4337ca
CrocodileLevel09_Update,0x431fcc
CrocodileLevel09_vtbl,0x574ca8
CrocodileLevel11_Create,0x435ebd
CrocodileLevel11_HandleMessage,0x435334
CrocodileLevel11_HeadingToBoxCenter,0x435e31
CrocodileLevel11_HeadingToObject,0x435dfa
CrocodileLevel11_HeadingToPoint,0x435d6a
CrocodileLevel11_Init,0x4342b0
CrocodileLevel11_PlayAnim,0x435bd6
CrocodileLevel11_Render,0x435bbd
CrocodileLevel11_Reset,0x434667
CrocodileLevel11_SetState,0x43539b
CrocodileLevel11_Update,0x4346e3
CrocodileLevel11_UpdateCamera,0x435c29
CrocodileLevel11_vtbl,0x574ccc
Crowd_Create,0x436071
Crowd_HandleMessage,0x435fe2
Crowd_PostLoadInit,0x435f30
Crowd_Update,0x435f4b
Crowd_vtbl,0x574cf0
CrumblyGround_CountAndCapture,0x4aec26
CrumblyGround_Create,0x4aeec5
CrumblyGround_GetFloor,0x4aee05
CrumblyGround_HandleMessage,0x4ae945
CrumblyGround_Init,0x4ae760
CrumblyGround_PushObjectsDown,0x4aed66
CrumblyGround_Reset,0x4ae99d
CrumblyGround_SetState,0x4aea32
CrumblyGround_Update,0x4ae8c4
CrumblyGround_vtbl,0x575e0c
CrumblyPlat_CheckWolfOnTop,0x4af204
CrumblyPlat_Create,0x4af434
CrumblyPlat_GroundQuery,0x4af374
CrumblyPlat_HandleMessage,0x4af02b
CrumblyPlat_PostLoadInit,0x4aef30
CrumblyPlat_PushRiders,0x4af2bb
CrumblyPlat_Reset,0x4af07f
CrumblyPlat_SetState,0x4af0f8
CrumblyPlat_Update,0x4aefd6
CrumblyPlat_vtbl,0x575e30
Cull_IsAabbVisible,0x55bbe6
D3DApp_Construct,0x40464f
D3DApp_ConstructUnfiltered,0x4044ff
D3DApp_CreateDevice,0x405367
D3DApp_CreateJoystickDevice,0x405cfb
D3DApp_CreateKeyboardDevice,0x405d6c
D3DApp_CreateMouseDevice,0x405cb8
D3DApp_CreateTextureSurface,0x404b08
D3DApp_Destruct,0x404aec
D3DApp_DrawFpsText,0x405e42
D3DApp_GetDeviceName,0x404ed8
D3DApp_GetFreeTextureMem,0x405230
D3DApp_GetFreeVideoMem,0x4050c2
D3DApp_GetJoystickInstanceName,0x405c49
D3DApp_GetModeMemCost,0x4052e7
D3DApp_GetModeString,0x404f0b
D3DApp_GetTotalTextureMem,0x405179
D3DApp_GetTotalVideoMem,0x40500b
D3DApp_HasJoystick,0x405b5d
D3DApp_ReleaseInterfaces,0x405add
D3DApp_RestoreRenderTarget,0x405ff0
D3DApp_ScalarDeletingDtor,0x406570
D3DApp_SetDeviceIndex,0x404d77
D3DApp_SetJoystickIndex,0x405c11
D3DApp_SetModeIndex,0x404e86
D3DApp_SetRenderTargetSurface,0x405f08
D3DApp_StepDevice,0x404c9b
D3DApp_StepJoystick,0x405b79
D3DApp_StepMode,0x404dcf
D3DEnum_D3DDeviceCallback,0x40605b
D3DEnum_DDrawDeviceCallback,0x4062e5
D3DEnum_DisplayModeCallback,0x40600d
D3DEnum_ZBufferFormatCallback,0x4064a0
DI_JoystickAxisEnumCallback,0x407116
DI_JoystickEnumCallback,0x4064ce
DS_EnumCallback,0x406cfb
DX_IsVersionOk,0x401000
DaffyElf_Create,0x436892
DaffyElf_DrawChoice0,0x4360e0
DaffyElf_DrawChoice1,0x436127
DaffyElf_DrawChoice2,0x436171
DaffyElf_HandleMessage,0x4366cf
DaffyElf_PostLoadInit,0x4361bb
DaffyElf_Reset,0x436733
DaffyElf_SetState,0x436770
DaffyElf_Update,0x436329
DaffyElf_vtbl,0x574d14
DaffyLevel01_Create,0x437a9b
DaffyLevel01_DrawChoice0,0x436910
DaffyLevel01_DrawChoice1,0x43694d
DaffyLevel01_DrawChoice2,0x43698a
DaffyLevel01_DrawChoice3,0x4369c7
DaffyLevel01_DrawChoice4,0x436a04
DaffyLevel01_HandleMessage,0x436e3a
DaffyLevel01_Init,0x4375bd
DaffyLevel01_Reset,0x43753c
DaffyLevel01_SetState,0x43716f
DaffyLevel01_Update,0x436b07
DaffyLevel01_UpdateLipSync,0x436a41
DaffyLevel01_vtbl,0x574d38
DaffyLevel02_Create,0x43a00d
DaffyLevel02_DetectWolf,0x439430
DaffyLevel02_DrawAlertIcon,0x439b8e
DaffyLevel02_DrawAnswer0,0x437b10
DaffyLevel02_DrawAnswer1,0x437b57
DaffyLevel02_DrawAnswer2,0x437ba1
DaffyLevel02_FaceWolf,0x439fe0
DaffyLevel02_HandleMessage,0x439755
DaffyLevel02_Init,0x437beb
DaffyLevel02_InitHeadRecord,0x439b0c
DaffyLevel02_IsWolfInBoxXZ,0x4396cc
DaffyLevel02_Reset,0x439983
DaffyLevel02_SayGoalReached,0x43930b
DaffyLevel02_SetState,0x439df6
DaffyLevel02_Update,0x438020
DaffyLevel02_UpdateHeadSweep,0x439d5b
DaffyLevel02_vtbl,0x574d5c
DaffyLevel09_Create,0x43b246
DaffyLevel09_HandleMessage,0x43ab0f
DaffyLevel09_PostLoadInit,0x43a0a0
DaffyLevel09_Render,0x43ac33
DaffyLevel09_Reset,0x43a3e0
DaffyLevel09_SetState,0x43ac7f
DaffyLevel09_Update,0x43a430
DaffyLevel09_vtbl,0x574d80
DaffyMilitary_Create,0x43bea4
DaffyMilitary_DrawAnswer0,0x43b2e0
DaffyMilitary_DrawAnswer1,0x43b327
DaffyMilitary_DrawAnswer2,0x43b371
DaffyMilitary_FaceWolf,0x43b606
DaffyMilitary_HandleMessage,0x43b83b
DaffyMilitary_PostLoadInit,0x43b3bb
DaffyMilitary_Reset,0x43ba74
DaffyMilitary_SetState,0x43bb97
DaffyMilitary_Update,0x43b6f0
DaffyMilitary_UpdateTalkAnim,0x43b652
DaffyMilitary_vtbl,0x574da4
DaffyScene_Create,0x43d542
DaffyScene_HandleMessage,0x43cee1
DaffyScene_PickIdleChatterLine,0x43d422
DaffyScene_PickResultLine,0x43d07a
DaffyScene_PostLoadInit,0x43bf20
DaffyScene_Reset,0x43c192
DaffyScene_SetState,0x43c3a9
DaffyScene_StartRandomTalkAnim,0x43cf70
DaffyScene_Update,0x43c19d
DaffyScene_vtbl,0x574dc8
DaffyTrainingLevel_Create,0x43d5c0
DaffyTrainingLevel_EatTextTag,0x43d728
DaffyTrainingLevel_HandleMessage,0x440d56
DaffyTrainingLevel_MoveTo,0x43d872
DaffyTrainingLevel_ParseTextTags,0x43d7ed
DaffyTrainingLevel_PlayPendingVoice,0x43d630
DaffyTrainingLevel_PostLoadInit,0x43e282
DaffyTrainingLevel_Reset,0x43e7f6
DaffyTrainingLevel_SetHelpLine,0x43d67e
DaffyTrainingLevel_SetLine,0x43d6fa
DaffyTrainingLevel_SetMode,0x43eb56
DaffyTrainingLevel_Update,0x43ef00
DaffyTrainingLevel_vtbl,0x574dec
DaffyWheel_Create,0x441293
DaffyWheel_HandleMessage,0x4411f8
DaffyWheel_Init,0x440f30
DaffyWheel_Reset,0x441278
DaffyWheel_StartCamera,0x440f88
DaffyWheel_Update,0x440ffe
DaffyWheel_vtbl,0x574e10
DancingGhostManager_AbortRound,0x4b0fd2
DancingGhostManager_ClearGhostQueue,0x4b2760
DancingGhostManager_CountTextChars,0x4af4a0
DancingGhostManager_Create,0x4b259a
DancingGhostManager_DespawnDanceSet,0x4af997
DancingGhostManager_FindTwoNearestGhosts,0x4afa22
DancingGhostManager_HandleBeatResult,0x4afb17
DancingGhostManager_HandleMessage,0x4b19b7
DancingGhostManager_NextToken,0x4af579
DancingGhostManager_ParseSequences,0x4af65d
DancingGhostManager_PostLoadInit,0x4b057f
DancingGhostManager_Reset,0x4b0e91
DancingGhostManager_SetGhostSpot,0x4af933
DancingGhostManager_SetState,0x4b1a03
DancingGhostManager_TokenEquals,0x4af522
DancingGhostManager_Update,0x4b1069
DancingGhostManager_UpdateBeatTrack,0x4b2840
DancingGhostManager_vtbl,0x575e54
DancingGhost_CarryStep,0x441eb0
DancingGhost_ClearGhostQueue,0x4b2760
DancingGhost_Create,0x4427bb
DancingGhost_Despawn,0x441bd3
DancingGhost_HandleMessage,0x441c21
DancingGhost_PopStep,0x44134a
DancingGhost_PostLoadInit,0x4416c4
DancingGhost_PushStep,0x4414d8
DancingGhost_ReleasePartnerWait,0x441310
DancingGhost_Reset,0x441959
DancingGhost_StartDanceCamera,0x442692
DancingGhost_StepToward,0x441c8e
DancingGhost_Update,0x441acd
DancingGhost_UpdateCarry,0x44235f
DancingGhost_UpdateState,0x4429a0
DancingGhost_vtbl,0x574e34
Dav_FindResourceIndex,0x51474f
Dav_Free,0x54867e
Dav_GetBitmapTable_Dead,0x548366
Dav_GetResourcePtr,0x55b1ee
DebugDraw_Bounds,0x51ec60
DebugDraw_Camera,0x52154a
DebugDraw_CollBox,0x51e3b4
DebugDraw_PointMarker,0x51f4fb
DebugDraw_WorldQuadBitmap,0x5208bb
DebugDraw_WorldQuadTex,0x51fe69
Debug_Printf,0x5363a5
Debug_Stub_5363a0,0x5363a0
Debug_Stub_5363aa,0x5363aa
Debug_Stub_5363af,0x5363af
Debug_Stub_5363b4,0x5363b4
Debug_Stub_5363b9,0x5363b9
DefusableMine_Create,0x4d7c50
DefusableMine_DrawBeatLights,0x4d6ac1
DefusableMine_DrawGlyph,0x4d66ec
DefusableMine_DrawPanel,0x4d679b
DefusableMine_HandleMessage,0x4d7347
DefusableMine_Init,0x4d7aff
DefusableMine_Render,0x4d7a14
DefusableMine_Reset,0x4d7aba
DefusableMine_SetState,0x4d7699
DefusableMine_Update,0x4d6c73
DefusableMine_vtbl,0x5766e0
Dialog_Begin,0x53ec02
Dialog_Close,0x53eeda
Dialog_Update,0x53eee8
Dialog_UpdateAnswer,0x53efaa
Dialogue_Reset,0x539507
Dialogue_Say,0x539893
Dialogue_SetBoxActive,0x539479
Dialogue_Show,0x5395c7
Dialogue_StartVoice,0x539550
Dialogue_StopVoice,0x5394d7
Diamond_Create,0x4b3a6c
Diamond_HandleMessage,0x4b3664
Diamond_PostLoadInit,0x4b3270
Diamond_Reset,0x4b3811
Diamond_SetState,0x4b3872
Diamond_TeleportZone,0x4b38db
Diamond_Update,0x4b3609
Diamond_vtbl,0x575e78
DirectDrawCreateEx,0x5644ec
DirectDrawEnumerateExA,0x5644e6
DirectInput8Create,0x565830
DirectSoundCreate,0x56583c
DirectSoundEnumerateA,0x565836
DirectXSetupGetVersion,0x5644e0
DoorLevel_Create,0x4b420c
DoorLevel_GetLevelLabel,0x4b3ae0
DoorLevel_HandleMessage,0x4b3e8c
DoorLevel_PostLoadInit,0x4b3b10
DoorLevel_Render,0x4b41e8
DoorLevel_Reset,0x4b419a
DoorLevel_Update,0x4b3c2c
DoorLevel_vtbl,0x575e9c
DoorMechanism_Create,0x4b4322
DoorMechanism_HandleMessage,0x4b428c
DoorMechanism_PostLoadInit,0x4b42c7
DoorMechanism_Update,0x4b4270
DoorMechanism_vtbl,0x575ec0
DoorWorld_Create,0x4b4ded
DoorWorld_CustomCollide,0x4b4d94
DoorWorld_HandleMessage,0x4b498a
DoorWorld_PostLoadInit,0x4b43a0
DoorWorld_Reset,0x4b4c1b
DoorWorld_Update,0x4b4447
DoorWorld_vtbl,0x575ee4
Dragon_ApproachSphere,0x447b53
Dragon_BackAwayFromWolf,0x4471f5
Dragon_CalcAnglesTo,0x446beb
Dragon_CheckWolfInRockZone,0x447943
Dragon_ChooseState,0x4447be
Dragon_Create,0x44861a
Dragon_FaceTarget,0x447bff
Dragon_HandleMessage,0x447e10
Dragon_Init,0x444310
Dragon_IsFiring,0x4489a0
Dragon_IsFlying,0x4487a0
Dragon_IsIdleVariant,0x448730
Dragon_IsLanding,0x4488f0
Dragon_IsTakingOff,0x448940
Dragon_IsWolfInFireReach,0x446cf9
Dragon_IsWolfNear,0x446d37
Dragon_MoveToTarget,0x446d5a
Dragon_NegSign,0x447339
Dragon_PlayAnim,0x448a40
Dragon_Render,0x4485c6
Dragon_Reset,0x448607
Dragon_ScaleVector,0x447615
Dragon_SetBoxCollision,0x448a00
Dragon_SetState,0x445ef2
Dragon_ShouldFly,0x447798
Dragon_StartSkid,0x4472ad
Dragon_TryMoveInZone,0x447518
Dragon_Update,0x444760
Dragon_UpdateDust,0x447c3a
Dragon_UpdateSkid,0x447365
Dragon_UpdateState,0x44563a
Dragon_VerticalMove,0x447657
Dragon_vtbl,0x574e58
Draw2D_FlatRect,0x522f45
Draw2D_FlatRect_Immediate,0x524c82
Draw2D_FlatTri,0x522a65
Draw2D_FlatTri_Immediate,0x5247d1
Draw2D_GouraudRect,0x52390e
Draw2D_GouraudRect_Immediate,0x525657
Draw2D_GouraudTri,0x52342e
Draw2D_GouraudTri_Immediate,0x5251a6
Draw2D_LayerToZ,0x52a67b
Draw2D_TexRect,0x5242df
Draw2D_TexRect_Immediate,0x52607b
Draw2D_TexTri,0x523e03
Draw2D_TexTri_Immediate,0x525b56
Draw_CreateScratchVertexBuffers,0x51e1f0
Draw_StaticInit_Empty,0x5228de
Dynamite_Create,0x4b5896
Dynamite_HandleMessage,0x4b531d
Dynamite_Init,0x4b57e4
Dynamite_Render,0x4b55fa
Dynamite_Reset,0x4b5672
Dynamite_SetState,0x4b4e70
Dynamite_Update,0x4b4f6e
Dynamite_vtbl,0x575f08
ElasticTree_Create,0x4b90ab
ElasticTree_HandleMessage,0x4b905a
ElasticTree_Init,0x4b8f20
ElasticTree_Reset,0x4b90a0
ElasticTree_Update,0x4b8f6e
ElasticTree_vtbl,0x575f5c
Elmer_Create,0x44b0bd
Elmer_HandleMessage,0x44a4dc
Elmer_MoveToward,0x44a0af
Elmer_PostLoadInit,0x448aa0
Elmer_Reset,0x448d53
Elmer_SetState,0x44a697
Elmer_Update,0x448e59
Elmer_vtbl,0x574e7c
Emitter_AddParticle,0x52c636
Emitter_Init,0x52dc84
Emitter_Render,0x52a9e9
Emitter_RenderFlat,0x52afc1
Emitter_RenderFlat_Fwd,0x52afa8
Emitter_Reset,0x52dbe3
Emitter_UpdateColumn,0x52d381
Emitter_UpdateDrift,0x52c9ec
Emitter_UpdateDriftAnimated,0x52d971
Emitter_UpdateDriftLift,0x52d0ee
Emitter_UpdateFade,0x52d57c
Emitter_UpdatePerfume,0x52ce36
Emitter_UpdateRiseToCap,0x52cc89
Emitter_UpdateTrail,0x52d791
FacingCamera_Create,0x4b91f7
FacingCamera_PostLoadInit,0x4b9110
FacingCamera_Render,0x4b91d7
FacingCamera_vtbl,0x575f80
Fade_DrawOverlay,0x53d8b5
Fade_StartLevelExit,0x53e700
Fade_StartOut,0x53e7f9
Fade_StartRestart,0x53e767
Fade_Update,0x53e8a3
FallingGate2_Create,0x4bb004
FallingGate2_HandleMessage,0x4ba8e2
FallingGate2_PostLoadInit,0x4ba2b0
FallingGate2_Reset,0x4ba5c8
FallingGate2_SetState,0x4baae9
FallingGate2_Update,0x4ba6ff
FallingGate2_vtbl,0x575fc8
FallingGate_Create,0x4ba234
FallingGate_FinishMove,0x4b9857
FallingGate_HandleMessage,0x4b9adf
FallingGate_Init,0x4b9260
FallingGate_Update,0x4b96a7
FallingGate_vtbl,0x575fa4
FallingRock_Create,0x4bb4e1
FallingRock_HandleMessage,0x4bb38f
FallingRock_PostLoadInit,0x4bb070
FallingRock_Trigger,0x4bb39e
FallingRock_Unused_Nop,0x4bb384
FallingRock_Update,0x4bb180
FallingRock_vtbl,0x575fec
Fan_Blow,0x4bb62e
Fan_Create,0x4bc0d2
Fan_HandleMessage,0x4bbc71
Fan_Init,0x4bc047
Fan_Reset,0x4bbfd8
Fan_SetState,0x4bba85
Fan_StopSound,0x4bb5de
Fan_Update,0x4bbb91
Fan_UpdateSound,0x4bb550
Fan_vtbl,0x576020
File_Close,0x5320f8
File_Create,0x531f9d
File_LoadWhole,0x53210d
File_Open,0x531f00
File_Read,0x53208b
File_ReadAt,0x531fcb
File_ReadChecked,0x532020
File_SaveWhole,0x532181
File_Seek,0x532007
File_Write,0x5320d1
FireBall_Create,0x4bc5ed
FireBall_HandleMessage,0x4bc1cf
FireBall_PostLoadInit,0x4bc150
FireBall_RegisterAtexit_FlamePoly,0x4bc67a
FireBall_Render,0x4bc5b0
FireBall_RenderFlames,0x4bc69b
FireBall_Reset,0x4bc17f
FireBall_SetState,0x4bc279
FireBall_StaticCtor_FlamePoly,0x4bc66b
FireBall_StaticDtor_FlamePoly,0x4bc68c
FireBall_StaticInit_FlamePoly,0x4bc65c
FireBall_Update,0x4bc194
FireBall_vtbl,0x576044
Firefly_Create,0x4bd6f0
Firefly_HandleMessage,0x4bd6d9
Firefly_PostLoadInit,0x4bd400
Firefly_Update,0x4bd455
Firefly_vtbl,0x576070
Fish_Create,0x4bdbc7
Fish_HandleMessage,0x4bda57
Fish_Init,0x4bd760
Fish_Render,0x4bdb97
Fish_SetState,0x4bda66
Fish_Update,0x4bd936
Fish_vtbl,0x576094
FishingRod_BeginFishing,0x4bde07
FishingRod_CalcTipPos,0x4bdc30
FishingRod_Create,0x4be6f9
FishingRod_EndFishing,0x4bde33
FishingRod_GetLineFloorY,0x4bdde6
FishingRod_HandleMessage,0x4bdf55
FishingRod_Init,0x4be60a
FishingRod_IsTipBlocked,0x4bdcd0
FishingRod_RegisterAtexit_LinePoly,0x4beeba
FishingRod_Reset,0x4be528
FishingRod_StaticCtor_LinePoly,0x4beeab
FishingRod_StaticDtor_LinePoly,0x4beecc
FishingRod_StaticInit_LinePoly,0x4bee9c
FishingRod_Update,0x4bde53
FishingRod_vtbl,0x5760b8
FloatingBox_BuildRecord,0x4c1e2a
FloatingBox_Create,0x4c1d35
FloatingBox_HandleMessage,0x4c0e56
FloatingBox_PostLoadInit,0x4bf872
FloatingBox_ReleaseContents,0x4bf7aa
FloatingBox_Render,0x4bf6b0
FloatingBox_Reset,0x4bfaa3
FloatingBox_SetState,0x4c17c1
FloatingBox_Update,0x4bfb44
FloatingBox_vtbl,0x576168
Flock_AddScentSource,0x47760f
Flock_FindScentSource,0x4775bd
Flock_GetObjNearestAvailableSheep_Scent,0x477afc
Flock_GetObjNearestAvailableSheep_Vision,0x477a5f
Flock_IsTargetReserved,0x477a1f
Flock_NearestAvailableSheepCB,0x477ac4
Flock_RemoveScentSource,0x477682
Flock_ReserveTarget,0x477979
Flock_ResetGlobals,0x47d20b
Flock_UnreserveTarget,0x4779b0
Flute_Create,0x4c26b1
Flute_HandleMessage,0x4c2151
Flute_Init,0x4c25e5
Flute_Render,0x4c24ca
Flute_Reset,0x4c251f
Flute_SetState,0x4c1ef0
Flute_Update,0x4c1f44
Flute_vtbl,0x5761a4
FogManager_Create,0x4c2916
FogManager_HandleMessage,0x4c28a6
FogManager_Init,0x4c2760
FogManager_vtbl,0x5761c8
Font_CloneResized,0x535c31
Font_LoadFromRes,0x535c83
Font_SetCellSize,0x5335f3
Font_SetHeader,0x5336cd
Frame_GetFps,0x405e0b
Frame_LimitFps,0x405daf
FrozenRiver_AddCargo,0x4c34ca
FrozenRiver_Create,0x4c2980
FrozenRiver_FindNextNode,0x4c340c
FrozenRiver_HandleMessage,0x4c2ebc
FrozenRiver_IsNodeTaken,0x4c364b
FrozenRiver_LaunchFloe,0x4c3c03
FrozenRiver_MoveCargo,0x4c38e4
FrozenRiver_PostLoadInit,0x4c29e5
FrozenRiver_Reset,0x4c3187
FrozenRiver_SpinCargo,0x4c3bc7
FrozenRiver_Update,0x4c2e8b
FrozenRiver_UpdateCargo,0x4c373a
FrozenRiver_vtbl,0x5761ec
Frustrum_BuildFogRamp,0x419e86
Frustrum_BuildProjectionMatrix,0x419b83
Frustrum_Construct,0x418ad0
Frustrum_DenormalizeDepth,0x419e64
Frustrum_Destruct,0x418c97
Frustrum_EnableFog,0x41971f
Frustrum_GetFogRangeRaw,0x419b2b
Frustrum_GetFogRangeWorld,0x419b4e
Frustrum_GetFogValue,0x419da6
Frustrum_GetViewDistanceNormalized,0x419d81
Frustrum_NormalizeDepth,0x419e40
Frustrum_ScalarDeletingDtor,0x41a040
Frustrum_SetFog,0x419223
Frustrum_SetFogColor,0x4196dd
Frustrum_SetFogStartEnd,0x418d6e
Frustrum_SetFov,0x418d06
Frustrum_SetFovFromTan,0x418d3c
Frustrum_SetProjection,0x418cb5
Frustrum_SetViewDistance,0x419bb4
Frustrum_SetViewDistanceNormalized,0x419c96
Frustrum_vtbl,0x5743b0
Game_CanOpenMenu,0x536369
Game_Frame,0x560382
Game_Frame_2,0x560542
Game_FreeLevel,0x529f40
Game_IsPaused,0x542d8b
Game_ReloadLevel,0x529f88
Game_RenderStaticWorld,0x5602e2
Game_ResetState,0x536317
Game_SetFlags,0x5362e0
Gdi_CreateBitmapInfoStruct,0x403b4e
GetResourceType,0x547470
GeyserIn_Create,0x4c58ac
GeyserIn_HandleMessage,0x4c5160
GeyserIn_PostLoadInit,0x4c3eb0
GeyserIn_Reset,0x4c411e
GeyserIn_SetAnimState,0x4c5683
GeyserIn_SetState,0x4c534f
GeyserIn_Update,0x4c4135
GeyserIn_vtbl,0x576210
GeyserManger_Create,0x4c5c28
GeyserManger_PostLoadInit,0x4c5920
GeyserManger_Update,0x4c5ae6
GeyserManger_vtbl,0x576234
GeyserOut_Create,0x4c7002
GeyserOut_HandleMessage,0x4c6ab0
GeyserOut_PostLoadInit,0x4c5c90
GeyserOut_Reset,0x4c5f01
GeyserOut_SetAnimState,0x4c6846
GeyserOut_SetState,0x4c6792
GeyserOut_Update,0x4c5f25
GeyserOut_vtbl,0x576258
GhostCostume_Create,0x4c71fd
GhostCostume_HandleMessage,0x4c7070
GhostCostume_Init,0x4c70fd
GhostCostume_vtbl,0x57627c
GhostHalo_Create,0x4c742c
GhostHalo_HandleMessage,0x4c7395
GhostHalo_PostLoadInit,0x4c7270
GhostHalo_vtbl,0x5762a0
Ghost_BuildNodeGraph,0x44e1a7
Ghost_CheckWolfProximity,0x44eaf9
Ghost_Create,0x44d964
Ghost_FindNearestNode,0x44e136
Ghost_FindNodeAt,0x44e458
Ghost_HandleMessage,0x44cfdc
Ghost_Init,0x44b130
Ghost_PickNextNode,0x44e4c2
Ghost_Render,0x44d917
Ghost_Reset,0x44b441
Ghost_SetState,0x44d255
Ghost_SetTravel,0x44e947
Ghost_StartCaptureCamera,0x44da32
Ghost_StartChaseCamera,0x44ded8
Ghost_StepTravel,0x44ea01
Ghost_TurnToward,0x44eab2
Ghost_Update,0x44b653
Ghost_Update_state4_fireballTimer,0x44c378
Ghost_vtbl,0x574ea0
Goal_Create,0x4c78c0
Goal_Init,0x4c76cb
Goal_Reset,0x4c76bc
Goal_Update,0x4c74a0
Goal_vtbl,0x5762c4
GoldenCoins_Create,0x4c8095
GoldenCoins_HandleMessage,0x4c7cde
GoldenCoins_Init,0x4c7930
GoldenCoins_NearestCoinScoreCB,0x4c8009
GoldenCoins_Render,0x4c7c5f
GoldenCoins_Reset,0x4c8035
GoldenCoins_SetState,0x4c7a41
GoldenCoins_Update,0x4c79db
GoldenCoins_vtbl,0x5762e8
GossamerBoss_State0B_WaitAndSmash,0x44ff00
GossamerOnde_Create,0x4c880a
GossamerOnde_HandleMessage,0x4c82ff
GossamerOnde_PostLoadInit,0x4c8110
GossamerOnde_Reset,0x4c824f
GossamerOnde_SetState,0x4c87a3
GossamerOnde_Update,0x4c8187
GossamerOnde_vtbl,0x57630c
Gossamer_Boss_ChaseStep,0x451921
Gossamer_Boss_Create,0x44ebe0
Gossamer_Boss_FallStep,0x4510d7
Gossamer_Boss_HandleMessage,0x450473
Gossamer_Boss_IsInBox,0x450f43
Gossamer_Boss_IsInSmashBox,0x45105c
Gossamer_Boss_MoveTo,0x451faa
Gossamer_Boss_PostLoadInit,0x44ecbf
Gossamer_Boss_Render,0x44f2b8
Gossamer_Boss_Reset,0x451710
Gossamer_Boss_SetState,0x450767
Gossamer_Boss_StartHitCamera,0x451359
Gossamer_Boss_TurnStep,0x451c84
Gossamer_Boss_Update,0x44f378
Gossamer_Boss_UpdateFacingDelta,0x45214b
Gossamer_Boss_Update_case0F,0x450080
Gossamer_Boss_WalkHome,0x451202
Gossamer_Boss_vtbl,0x574ec4
Gossamer_Lev08_ChaseWolf,0x4551e1
Gossamer_Lev08_Create,0x452210
Gossamer_Lev08_HandleMessage,0x454861
Gossamer_Lev08_IsInActionZone,0x454e1c
Gossamer_Lev08_IsWolfOnHighGround,0x455ae6
Gossamer_Lev08_NearestFleePoint,0x455b15
Gossamer_Lev08_PostLoadInit,0x4522b3
Gossamer_Lev08_Render,0x455be3
Gossamer_Lev08_Reset,0x4527fa
Gossamer_Lev08_SetState,0x454f47
Gossamer_Lev08_Update,0x4528f2
Gossamer_Lev08_UpdateStruggle,0x4558c9
Gossamer_Lev08_vtbl,0x574ee8
GroundMine_Create,0x4d6610
GroundMine_FallStep,0x4d590e
GroundMine_HandleMessage,0x4d5f98
GroundMine_Init,0x4d6319
GroundMine_Move,0x4d566b
GroundMine_RayBoxEdgeXZ,0x4d525d
GroundMine_RayToHazard,0x4d549f
GroundMine_Render,0x4d6195
GroundMine_Reset,0x4d6266
GroundMine_Update,0x4d59e1
GroundMine_vtbl,0x576690
HairDryer_Blow,0x4c8e2a
HairDryer_Create,0x4c90ce
HairDryer_HandleMessage,0x4c89c1
HairDryer_Init,0x4c8880
HairDryer_Reset,0x4c8d73
HairDryer_SetState,0x4c891d
HairDryer_Update,0x4c8971
HairDryer_vtbl,0x576330
HeapOfLeaf_ComputeRadius,0x4c97ae
HeapOfLeaf_Create,0x4c9890
HeapOfLeaf_DetectMovers,0x4c93aa
HeapOfLeaf_HandleMessage,0x4c9841
HeapOfLeaf_Init,0x4c9140
HeapOfLeaf_PointInPolygon,0x4c9677
HeapOfLeaf_Render,0x4c9850
HeapOfLeaf_Reset,0x4c9885
HeapOfLeaf_Update,0x4c937c
HeapOfLeaf_vtbl,0x576354
Heap_Alloc,0x54de2a
Heap_AllocAligned,0x54df38
Heap_AllocSmall,0x54e63d
Heap_BitmapFill,0x54dbb2
Heap_CarveBlock,0x54dc26
Heap_CeilPow2,0x54da7d
Heap_FindPrevBlock,0x54dddb
Heap_Free,0x54e2f1
Heap_FreeSmall,0x54e767
Heap_Init,0x54d510
Heap_InitArena,0x54d584
Heap_InitAux,0x54da2c
Heap_InitSmallPools,0x54d72d
Heap_Log2Floor,0x54dabc
Heap_LowestSetBit,0x54db37
Heap_Stub3_54da63,0x54da63
Heap_Stub3_54da70,0x54da70
Heap_Stub_54da4d,0x54da4d
Heap_Stub_54da58,0x54da58
Heap_Term,0x54d561
Heap_TermArena,0x54d722
Heap_TermAux,0x54da42
Heap_TermSmallPools,0x54d9ff
HiddenRocks_Create,0x4c9a8d
HiddenRocks_HandleMessage,0x4c9950
HiddenRocks_Init,0x4c9930
HiddenRocks_Update,0x4c9945
HiddenRocks_vtbl,0x576378
HitSwitch_Create,0x4c9af0
HitSwitch_HandleMessage,0x4c9ce7
HitSwitch_PostLoadInit,0x4c9b52
HitSwitch_Reset,0x4c9ca9
HitSwitch_vtbl,0x57639c
Hive_AimCameraAt,0x4ca49d
Hive_Create,0x4ca5e7
Hive_HandleMessage,0x4ca116
Hive_PostLoadInit,0x4c9d40
Hive_Reset,0x4c9ed7
Hive_SetState,0x4ca2f6
Hive_Update,0x4c9efc
Hive_vtbl,0x5763c0
HoleFX_BuildCircleMask,0x53886e
HoleFX_BuildMesh,0x5381f4
HoleFX_CaptureScreen,0x536d24
HoleFX_CreateVertexBuffer,0x538130
HoleFX_Ctor,0x5363c0
HoleFX_Destruct,0x53647a
HoleFX_Draw,0x536e34
HoleFX_Init,0x536517
HoleFX_ScalarDeletingDtor,0x538dc0
HoleFX_SetShading,0x53678f
HoleFX_SetTarget,0x53678f
HoleFX_Stub_538df0,0x538df0
HoleFX_Stub_538df5,0x538df5
HoleFX_UpdateVertices,0x5367b4
HoneyPot_Create,0x4cb0b6
HoneyPot_HandleMessage,0x4caaac
HoneyPot_Init,0x4ca660
HoneyPot_Reset,0x4cb071
HoneyPot_SetState,0x4cae78
HoneyPot_Update,0x4ca7e7
HoneyPot_vtbl,0x5763e4
Hoover_Create,0x4cbaa1
Hoover_HandleMessage,0x4cb550
Hoover_Init,0x4cb130
Hoover_Reset,0x4cb1e9
Hoover_SetState,0x4cb8bb
Hoover_Update,0x4cb264
Hoover_vtbl,0x576408
Hud_DrawCannonMask,0x53e126
Hud_DrawItemPrompt,0x493a7f
Hud_DrawTelescopeMask,0x53dad0
Hud_EndBox_stub,0x535eef
Hud_ResetActionPrompt,0x493cd0
IID_IAMMultiMediaStream,0x577778
IID_IBaseFilter,0x577748
IID_IDirectDrawMediaStream,0x577758
IID_IDirectSoundNotify,0x577638
IID_IPersistFile,0x5777c8
IID_IShellLinkA,0x5777b8
IceCube_Create,0x4cc0dc
IceCube_CustomCollide,0x4cbb20
IceCube_HandleMessage,0x4cbe99
IceCube_PostLoadInit,0x4cbb99
IceCube_Reset,0x4cbf32
IceCube_SetState,0x4cbf8b
IceCube_Update,0x4cbd6e
IceCube_vtbl,0x57642c
IceGround_Create,0x4cc543
IceGround_HandleMessage,0x4cc358
IceGround_PostLoadInit,0x4cc150
IceGround_Reset,0x4cc4b5
IceGround_Update,0x4cc202
IceGround_vtbl,0x576450
IdList_FindWithCount,0x5608d1
IdList_GetBlob,0x56095c
IdList_GetId,0x56099c
IdList_Next,0x56097e
InflatableSheep_ApplyFall,0x4cc846
InflatableSheep_CheckDeathZone,0x4cc65d
InflatableSheep_CheckSquashed,0x4cc6ab
InflatableSheep_Create,0x4cdc54
InflatableSheep_HandleMessage,0x4cd320
InflatableSheep_Init,0x4cdb9e
InflatableSheep_Pop,0x4cc620
InflatableSheep_Render,0x4cd805
InflatableSheep_Reset,0x4cd88c
InflatableSheep_Respawn,0x4cc5b0
InflatableSheep_SetDeflated,0x4cc8a3
InflatableSheep_SetInflated,0x4cc8e5
InflatableSheep_SetState,0x4cc956
InflatableSheep_Update,0x4ccca7
InflatableSheep_UpdateTint,0x4ccb39
InflatableSheep_vtbl,0x576474
InputDevice_AllocButtons,0x403ff1
InputDevice_Construct,0x403f30
InputDevice_Destruct,0x403f63
InputDevice_GetAxisCalibration,0x4043c1
InputDevice_GetObjectName,0x4071b0
InputDevice_GetPressedButtons,0x404410
InputDevice_ScalarDeletingDtor,0x404490
InputDevice_SetAcquired,0x404185
InputDevice_SetAxisCalibration,0x40437e
InputDevice_Update,0x404194
InputMgr_BindAction,0x527e1c
InputMgr_BindMenuKey,0x527ecd
InputMgr_CheckDevices,0x529da7
InputMgr_Construct,0x527a00
InputMgr_CreateDevices,0x527b74
InputMgr_Destruct,0x527abc
InputMgr_DeviceFromIndex,0x529afb
InputMgr_DeviceHasBindings,0x529e9f
InputMgr_FindBinding,0x529bbd
InputMgr_FindBindingByIndex,0x529c27
InputMgr_GetAnyPressed,0x528c85
InputMgr_GetAnyPressedRaw,0x528b0e
InputMgr_GetBinding,0x528026
InputMgr_GetCurrentDeviceIdx,0x527dd2
InputMgr_IndexFromDevice,0x529b6b
InputMgr_IsDeviceDigital,0x527ced
InputMgr_IsReservedKey,0x529d0c
InputMgr_IsReservedKeyBinding,0x529ca0
InputMgr_LoadBindingTable,0x528f64
InputMgr_LoadConfig,0x528e14
InputMgr_Poll,0x52852d
InputMgr_PollDevice,0x527d1b
InputMgr_RecreateDevice,0x52807a
InputMgr_ResetEdges,0x5282b8
InputMgr_SaveBindingTable,0x529510
InputMgr_SaveConfig,0x528ef2
InputMgr_ScalarDeletingDtor,0x529f10
InputMgr_SelectDevice,0x527d54
InputMgr_SetAcquired,0x5283be
InputMgr_SetAcquiredAll,0x528315
InputMgr_SetActiveFlags,0x528486
InputMgr_SetAxisCalibration,0x527dec
InputMgr_vtbl,0x577138
Input_ApplyControlConfig,0x55ecc8
Input_ApplyRemap,0x55ec69
Input_EmptyStub,0x55ebad
Input_GetKeyName,0x529d75
Input_GetMapping,0x55ebb2
Input_GetMode,0x55e7e0
Input_Init,0x55e5f3
Input_Poll,0x55e913
Input_Reacquire,0x55e6e8
Input_SetMode,0x55e714
Input_StoreControlConfig,0x55edb0
Input_SwapMapping,0x55ebc3
Input_Unacquire,0x55e703
Install_CinematicResource,0x50e069
Install_ScenaricResource,0x50df9d
Install_WarResource,0x5475cb
Instance_CalcWorldMatrix,0x5509b1
Instance_DrawAnimParts,0x550e98
Instance_DrawAnimated,0x55d5d5
Instance_DrawAnimatedOnScreen,0x55d681
Instance_DrawRigid,0x55d86b
Instance_DrawSecondary_Stub,0x55d5d0
Instance_InitBase,0x55b224
Instance_InitFromWarRecord,0x55b28c
Instance_SetRigidTransforms,0x55d31d
Instance_SetSecondaryRes,0x55b26b
Instance_SwapModelAndSecondary,0x55d2e7
Instance_UpdateVisibility,0x55cae3
InstantHoover_CountMartiansInRange,0x4ceac3
InstantHoover_Create,0x4cf065
InstantHoover_DrawHud,0x4ce64f
InstantHoover_FindDockBox,0x4cdd00
InstantHoover_FindNearestSocket,0x4cef53
InstantHoover_HandleMessage,0x4ce7ea
InstantHoover_Init,0x4cdf9c
InstantHoover_Reset,0x4ced77
InstantHoover_SuckMartians,0x4cebc7
InstantHoover_Update,0x4ce1d3
InstantHoover_vtbl,0x576498
InstantMartian_CollideAndSlide,0x4586c5
InstantMartian_Create,0x458b45
InstantMartian_HandleMessage,0x457a27
InstantMartian_HoldWolf,0x4579ad
InstantMartian_InsideRunBoxes,0x458a7d
InstantMartian_MoveHalves,0x458920
InstantMartian_NearXZ,0x455c30
InstantMartian_PostLoadInit,0x455c8e
InstantMartian_Render,0x4560e5
InstantMartian_Reset,0x455fc1
InstantMartian_Scale,0x45869a
InstantMartian_SetState,0x457b62
InstantMartian_Update,0x456128
InstantMartian_vtbl,0x574f18
InstantSocket_Create,0x4cf249
InstantSocket_HandleMessage,0x4cf18b
InstantSocket_Init,0x4cf0d0
InstantSocket_Reset,0x4cf124
InstantSocket_Update,0x4cf178
InstantSocket_vtbl,0x5764bc
Int_ToBcd,0x5612c4
Interface_Init,0x53c38b
InvWheel_Draw,0x50caca
InvWheel_DrawSlot,0x50c81f
InvWheel_GetSlotPosColor,0x50c98a
InvWheel_IsRotating,0x50c90d
InvWheel_Render,0x50ccf1
Inventory_Add,0x50c4ac
Inventory_ClearSelection,0x50c811
Inventory_CommitAtCheckpoint,0x50d37f
Inventory_CountClass,0x50c380
Inventory_DropUncommitted,0x50d180
Inventory_GetSelectedObject,0x50c635
Inventory_Init,0x50d10e
Inventory_NextClass,0x50c399
Inventory_PrevClass,0x50c428
Inventory_Remove,0x50c59e
Inventory_SelectClass,0x50c66f
Inventory_SelectNext,0x50c6a1
Inventory_SelectPrev,0x50c75c
Inventory_SetWheelOpen,0x50c941
Inventory_UpdateFx,0x50ce50
ItemFly_GetObject,0x50c925
ItemFly_SetFromPos,0x50ce02
ItemFly_Start,0x50cd29
ItemFly_Stop,0x50ce2f
Jail_AtTargetHeight,0x4cf7f7
Jail_Create,0x4cff08
Jail_HandleMessage,0x4cfbb7
Jail_PostLoadInit,0x4cf2b0
Jail_Reset,0x4cfeb6
Jail_SetState,0x4cfd4b
Jail_Update,0x4cf835
Jail_vtbl,0x5764e0
Joystick_Construct,0x406db0
Joystick_Destruct,0x406ed6
Joystick_ScalarDeletingDtor,0x407180
Joystick_SetAcquired,0x406f29
Joystick_Update,0x406f85
Jpeg_DecodeToRgb555Flipped,0x5486d0
Jpeg_ErrorExit,0x5486b0
Jpeg_GetDimensions,0x548850
Key_Create,0x4d0473
Key_HandleMessage,0x4d01e7
Key_Init,0x4cff70
Key_Reset,0x4d0039
Key_SetState,0x4d00e3
Key_Update,0x4d014d
Key_vtbl,0x576504
Keyboard_Construct,0x4072ac
Keyboard_Destruct,0x407388
Keyboard_ScalarDeletingDtor,0x4077c0
Keyboard_SetAcquired,0x4073db
Keyboard_SetAxisKeys,0x407765
Keyboard_Update,0x407437
Laser_Create,0x4d0f2a
Laser_HandleMessage,0x4d0975
Laser_PostLoadInit,0x4d04f0
Laser_Render,0x4d0fa0
Laser_Reset,0x4d06d0
Laser_SetState,0x4d0adb
Laser_Update,0x4d071b
Laser_vtbl,0x576528
LaunchArc_Step,0x4e4720
Launcher_EasterEggDlgProc,0x401ba9
Launcher_FillModeCombo,0x402455
Launcher_MainDlgProc,0x401ca8
Launcher_MakeButtonBitmap,0x403c9e
Launcher_OpenUrl,0x403592
Launcher_OptionsDlgProc,0x4025c8
Launcher_ShowMainDialog,0x401c8c
Launcher_ShowOptionsDialog,0x402436
Lava_Create,0x4d1177
Lava_PostLoadInit,0x4d1010
Lava_Update,0x4d107d
Lava_vtbl,0x57654c
LazerRobot_CheckWolfKill,0x4d158e
LazerRobot_Create,0x4d1a8f
LazerRobot_HandleMessage,0x4d13f3
LazerRobot_PostLoadInit,0x4d11e0
LazerRobot_Reset,0x4d1999
LazerRobot_StepPath,0x4d16c4
LazerRobot_TurnToward,0x4d174b
LazerRobot_Update,0x4d13bd
LazerRobot_vtbl,0x576570
Leaf_Create,0x4d1cf1
Leaf_Init,0x4d1b00
Leaf_Update,0x4d1b8f
Leaf_vtbl,0x576594
Lerp_SetColorTarget,0x5276b0
Lerp_SetVecTarget,0x5276bd
Lerp_u16,0x5276ca
Letterbox_Update,0x53d4bb
Level_ExitUpdate,0x510675
Level_FinishScene,0x50bee0
LightSpot_Create,0x4f67dc
LightSpot_HandleMessage,0x4f677b
LightSpot_IsPointLit,0x4f878e
LightSpot_MsgStub,0x4f6ebe
LightSpot_PostLoadInit,0x4f6880
LightSpot_Render,0x4f6ecd
LightSpot_Reset,0x4f678a
LightSpot_Stub,0x4f8783
LightSpot_Update,0x4f64c0
LightSpot_vtbl,0x576cfc
List_AllocateNode,0x5472fa
List_Clear,0x5473d7
List_Count,0x5472a1
List_Create,0x5472d9
List_Destroy,0x547415
List_FreeNode,0x5473c4
List_GetAt,0x547434
List_GetLast,0x547345
List_PushFront,0x547310
List_Remove,0x547378
Load_DAV,0x54843c
Load_DAVnWAR,0x547855
Load_EmptyStub_548dd0,0x548dd0
Load_FreeLevel,0x54818f
Load_FreeMLT,0x548d41
Load_FreeWAR,0x54a1ba
Load_FreeWarMeshes,0x54a582
Load_MLT,0x548bb9
Load_MLT_ParseBank,0x548980
Load_MusicVoiceBank,0x563740
Load_SND,0x548f3f
Load_WAR,0x549d25
Load_WAR_ResourceHook_Stub,0x549d20
Load_WarMeshes,0x54a326
MCardManager_Create,0x4d4c6d
MCardManager_HandleMessage,0x4d4a66
MCardManager_PostLoadInit,0x4d42d0
MCardManager_Reset,0x4d4c62
MCardManager_Update,0x4d4445
MCardManager_vtbl,0x576624
MCard_ChooseOption,0x54d090
MCard_DelayElapsed,0x54a6da
MCard_DrawOkRetryFooter,0x54ae88
MCard_DrawTextColored,0x54d4cc
MCard_DrawValidCancelFooter,0x54ad8a
MCard_DrawValidFooter,0x54acf6
MCard_FindSlotWithState,0x54af86
MCard_GetString,0x54abe6
MCard_Init,0x54a7c3
MCard_InitRectBody,0x54a5fa
MCard_InitRectBody_thunk,0x54a5f0
MCard_InitRectChoiceLeft,0x54a620
MCard_InitRectChoiceLeft_thunk,0x54a616
MCard_InitRectChoiceRight,0x54a64b
MCard_InitRectChoiceRight_thunk,0x54a641
MCard_InitRectChoiceWide,0x54a698
MCard_InitRectChoiceWide_thunk,0x54a68e
MCard_InitRectFooter,0x54a6be
MCard_InitRectFooter_thunk,0x54a6b4
MCard_PromptConfirm,0x54d02d
MCard_PromptYesNo,0x54d04b
MCard_ResetCursor,0x54d072
MCard_SetMode,0x54a968
MCard_ShowMessage,0x54ac11
MCard_Shutdown,0x54a92b
MCard_SlotChooser,0x54d1d0
MCard_SlotChooserConfirmSave,0x54b11b
MCard_StepBlockScan,0x54b08c
MCard_StepCursor,0x54afe0
MCard_Stub_54d4f5,0x54d4f5
MCard_UpdateScreen,0x54c93b
MSPID_PrimaryVideo,0x577798
MagnetRod_Create,0x4bed83
MagnetRod_Init,0x4bed6e
MagnetRod_vtbl,0x5760e4
Magnet_Create,0x4d2c6f
Magnet_HandleMessage,0x4d27cf
Magnet_Init,0x4d2b45
Magnet_PullMover,0x4d1d60
Magnet_ReleaseAll,0x4d22d0
Magnet_ReleaseObject,0x4d1fb2
Magnet_Reset,0x4d2a6d
Magnet_Update,0x4d235e
Magnet_UpdateCaughtList,0x4d2126
Magnet_UpdateCaughtObject,0x4d2047
Magnet_vtbl,0x5765b8
Mailbox_Create,0x4d3dd0
Mailbox_Deliver,0x4d368b
Mailbox_HandleMessage,0x4d3a3c
Mailbox_Init,0x4d2ce0
Mailbox_Reset,0x4d3475
Mailbox_Rollback,0x4d35c8
Mailbox_Update,0x4d389a
Mailbox_vtbl,0x5765dc
Main_Loop,0x401614
Main_Loop_ExitCheck,0x4017b7
MapLocation_AddSlot,0x4d3e40
MapLocation_Create,0x4d4256
MapLocation_DrawWolfMarker,0x4d4148
MapLocation_Init,0x4d3f1d
MapLocation_vtbl,0x576600
Map_AcquireItem,0x5421ad
Map_ActionNext,0x541ead
Map_ActionPrev,0x541e04
Map_BeginModeTransition,0x5422e9
Map_CombineItems,0x541f79
Map_CursorNext,0x541ccc
Map_CursorPrev,0x541bc3
Map_Draw,0x5411d1
Map_DrawHelpTooltip,0x5418c1
Map_DrawPanel,0x53ff1a
Map_DrawWipeBar,0x53fe8e
Map_FindCombineTarget,0x54269a
Map_FindOrAddRow,0x542445
Map_FindRow,0x54257d
Map_GetHelpText,0x541a5a
Map_GetSelectedObject,0x541f59
Map_HighlightLocationsForZone,0x541aaa
Map_Init,0x53f430
Map_InitObject,0x53f43f
Map_IsOpen,0x5400f2
Map_IsRowVisible,0x5422a9
Map_IsSelectedItemAssembled,0x54262e
Map_Open,0x540179
Map_ReleaseItem,0x542211
Map_RemoveRow,0x5424c6
Map_ResetSelection,0x541019
Map_ResolvePropExportId,0x540128
Map_SetPanelRect,0x5425ca
Map_SortRowsByOwned,0x542331
Map_SplitItem,0x5420a4
Map_Update,0x53fe7f
Map_UpdateState,0x5402ff
Marvin_Create,0x459324
Marvin_HandleMessage,0x459190
Marvin_PostLoadInit,0x458bc0
Marvin_Reset,0x458e40
Marvin_SetState,0x45920c
Marvin_Update,0x458e98
Marvin_vtbl,0x574f3c
Mat34s_ApplyScale,0x527012
Mat34s_FromEulerScaled,0x55ca73
Mat34s_FromEulerXZY,0x526eec
Mat34s_FromEulerYXZ,0x526dc6
Mat34s_Identity,0x526d53
Mat34s_TransformTransposedVec3i,0x5275c1
Mat34s_TransformVec3i,0x5274de
Mat34s_TransformVec3s,0x5273e0
Mat34s_TransformVec3s_i,0x5272e2
Mat44_At,0x408d1b
Mat44_AtConst,0x408d39
Mat44_Copy,0x4077fe
Mat44_Ctor,0x4077f0
Mat44_GetColumnVec3i,0x52728c
Mat44_GetColumnVec3s,0x527237
Mat44_Mul,0x4093bd
Mat44_MulInPlace,0x408e55
Mat44_MulScalar,0x4091fd
Mat44_NormalizeColumns,0x409c03
Mat44_NormalizeColumnsInPlace,0x409a24
Mat44_ScalarMul,0x4092dd
Mat44_ScaleInPlace,0x408d57
Mat44_SetIdentity,0x407976
Mat44_SetLookAt,0x40860c
Mat44_SetPerspective,0x408510
Mat44_SetRotAxisAngle,0x408b6b
Mat44_SetRotAxisAngleDiv,0x4089c3
Mat44_SetRotXYZ,0x408192
Mat44_SetRotXZY,0x407e96
Mat44_SetRotYXZ,0x40800f
Mat44_SetRotYZX,0x407ba1
Mat44_SetRotZXY,0x407d18
Mat44_SetRotZYX,0x407a20
Mat44_SetScale,0x408467
Mat44_SetTranslation,0x40830d
Mat44_SetTranslationV,0x4083b6
Mat44_TransformPoint,0x409de4
Mat44_Transpose,0x409827
Mat44_Transpose3x3,0x409959
Mat44_Transpose3x3InPlace,0x4098f2
Mat44_TransposeInPlace,0x409766
Mat44_Zero,0x4078cc
Math_Angle128ToRadians,0x54a276
Math_Angle4096ToRadians,0x54a230
Math_Angle4096ToRadians_2,0x5269a9
Math_ApproachAngle,0x546680
Math_ApproachLinear,0x546833
Math_ApproachValue,0x546a31
Math_Atan2,0x567920
Math_Fixed10ToFloat_s16,0x526930
Math_Fixed10ToFloat_s32,0x526977
Math_Fixed12ToFloat_s16,0x52675b
Math_Fixed12ToFloat_s32,0x5267a2
Math_FloatToFixed10_s16,0x5267d4
Math_FloatToFixed10_s32,0x52688b
Math_FloatToFixed12_s16,0x526600
Math_FloatToFixed12_s32,0x5266b7
Math_RadiansToAngle4096,0x5269ce
Math_StepAngleTowards,0x546b34
Math_StepTowards,0x546acb
Math_U16ToUnitFloat,0x54a2bc
Math_U8ToUnitFloat,0x54a2d4
Matrix_RollByDisplacement,0x515b81
Menu_AddItems,0x54ea70
Menu_AddPage,0x54eb76
Menu_BuildAutoSaveFooter,0x546079
Menu_BuildBackFooter,0x545f5d
Menu_BuildConfirmMenu,0x5390e9
Menu_BuildControlsFooter,0x546083
Menu_BuildList,0x539199
Menu_BuildNavFooter,0x545fde
Menu_BuildPauseFooter,0x545f53
Menu_BuildQuitFooter,0x545f49
Menu_BuildValidateBackFooter,0x545e74
Menu_BuildValidateCancelFooter,0x545d9f
Menu_Close,0x54f837
Menu_CreateNoiseTexture,0x545929
Menu_DrawBindingText,0x545c11
Menu_DrawMessageBox,0x546226
Menu_DrawNo,0x5390b3
Menu_DrawYes,0x53907d
Menu_FindFirstChild,0x54e98e
Menu_FindLastChild,0x54ea0e
Menu_FindNextSibling,0x54e8dc
Menu_FindPrevSibling,0x54e849
Menu_GetItemIndex,0x54e82c
Menu_GoBack,0x54efc0
Menu_Init,0x54ec74
Menu_IsDirty,0x54e800
Menu_IsKeyNameDisplayable,0x54537d
Menu_NotifyPageChange,0x54ef2a
Menu_PrintPath,0x54ee4f
Menu_Printf,0x5464e3
Menu_PrintfSelected,0x5464bd
Menu_RebindControl,0x5454e7
Menu_ResetToRoot,0x54ed27
Menu_SetCapture,0x54ee9a
Menu_SetCurrent,0x54ed8d
Menu_SetDirty,0x54e810
Menu_SetItemColor,0x54ec31
Menu_ShowMessageBox,0x546158
Menu_Update,0x54f027
Menus_LoadLevelUi,0x5428c0
MeshAnimFrame_Ctor,0x41a830
MeshAnimFrame_Dtor,0x41a847
MeshAnimFrame_VecDeletingDtor,0x420450
MeshAnimFrame_VectorDeletingDtor,0x420450
MeshAnimFrame_vtbl,0x5743d4
MeshAnimSeq_Construct,0x40b600
MeshAnimSeq_Destruct,0x40b617
MeshAnimSeq_VecDeletingDtor,0x40c100
MeshAnimSeq_VectorDeletingDtor,0x40c100
MeshAnimSeq_vtbl,0x574354
MeshPartPose_Ctor,0x41a860
MeshPartPose_Dtor,0x41a8d1
MeshPartPose_VecDeletingDtor,0x420500
MeshPartPose_VectorDeletingDtor,0x420500
MeshPartPose_vtbl,0x5743d8
MeshPart_BlendThenSetTarget,0x41a234
MeshPart_BuildMatrices,0x41a4da
MeshPart_Ctor,0x41a070
MeshPart_Dtor,0x41a209
MeshPart_SetPose,0x41a3e8
MeshPart_SetTargetPose,0x41a461
MeshPart_VectorDeletingDtor,0x40c020
MeshPart_WrapAngle2Pi,0x41a7ce
MeshPart_WrapAnglePi,0x41a77e
MeshPart_vtbl,0x5743c4
Mesh_BuildFromBsFile,0x40c230
Mesh_CollectVisiblePolys,0x40ddd8
Mesh_CollectVisibleVerts,0x40e23f
Mesh_Construct,0x40c1b0
Mesh_Destruct,0x40c1db
Mesh_DrawAll,0x40d057
Mesh_DrawImmediate,0x40d239
Mesh_DrawImmediateTinted,0x40e72c
Mesh_DrawOutlined,0x40f972
Mesh_DrawOutlinedTinted,0x412154
Mesh_ScalarDeletingDtor,0x4150f0
Mesh_TransformAll,0x40d1ac
Mesh_TransformRange,0x40d1f1
Mesh_TransformRangeWithMatrices,0x40d101
Mesh_vtbl,0x574370
MineDetector_ConeScoreCB,0x4d7d00
MineDetector_Create,0x4d8a23
MineDetector_DrawGauge,0x4d8585
MineDetector_HandleMessage,0x4d813f
MineDetector_Init,0x4d893e
MineDetector_InitCollBox,0x4d87bb
MineDetector_Render,0x4d878b
MineDetector_Reset,0x4d8862
MineDetector_SetState,0x4d880e
MineDetector_Update,0x4d7e34
MineDetector_vtbl,0x576708
Mine_FindTrigger,0x4d4ce0
Mine_HandleMessage,0x4d505c
Mine_Init,0x4d50f1
Mine_InitModels,0x4d4d87
Mine_Reset,0x4d5149
Mine_SetState,0x4d4dbe
Mine_TriggerScoreCB,0x4d4d2a
Mine_Update,0x4d51c4
MirrorManager_Create,0x4d8fa3
MirrorManager_HandleMessage,0x4d8e99
MirrorManager_Init,0x4d8aa0
MirrorManager_Render,0x4d8ea8
MirrorManager_Update,0x4d8db1
MirrorManager_vtbl,0x57672c
Mlt_MapLanguageToBlock,0x548d76
Mobile_Steer,0x492b4b
Monolithe_Create,0x4d9dc0
Monolithe_HandleMessage,0x4d9bdd
Monolithe_PostLoadInit,0x4d9010
Monolithe_Reset,0x4d9d89
Monolithe_SetState,0x4d98a5
Monolithe_Update,0x4d90be
Monolithe_vtbl,0x576750
Mouse_Construct,0x409e90
Mouse_Destruct,0x409f4f
Mouse_ScalarDeletingDtor,0x40a110
Mouse_SetAcquired,0x409fa2
Mouse_Update,0x409ffe
NavPath_BeginSearch,0x512900
NavPath_ClearSearch,0x5128c3
NavPath_ListPopFirstWithState,0x51205f
NavPath_ListPopHead,0x51201a
NavPath_ListRemove,0x5120da
NavPath_OpenListInsert,0x511f50
NavPath_StepSearch,0x5129dd
ObjGrid_CellFromXZ,0x5168a8
ObjGrid_CellFromXZ_Unclamped,0x51686b
ObjGrid_Free,0x516845
ObjGrid_GetCellList,0x51694f
ObjGrid_Init,0x516740
ObjGrid_QueryBoxOverlap,0x510f34
ObjGrid_QueryBoxPoints,0x510af8
ObjGrid_QueryBoxesInRectXZ,0x510cbd
ObjGrid_QueryGroundY,0x472380
ObjGrid_QueryPointsInRectXZ,0x510987
ObjectManager_AddIdList,0x4da0f6
ObjectManager_Create,0x4da2fa
ObjectManager_HandleMessage,0x4d9e9b
ObjectManager_Init,0x4d9eaa
ObjectManager_SetObjectsActive,0x4da187
ObjectManager_Update,0x4d9e30
ObjectManager_vtbl,0x576774
Outline_CompareEdgeKey,0x41210e
Outline_MakeEdgeKey,0x41204a
PackJpeg_BeginImage,0x55dffe
PackJpeg_Close,0x55db4e
PackJpeg_DecodeToTextures,0x55dd12
PackJpeg_DrawImage,0x55e1aa
PackJpeg_GetByName,0x55dc0d
PackJpeg_Next,0x55daf0
PackJpeg_Open,0x55dc48
PackJpeg_Prev,0x55dab0
PackJpeg_ReleaseImage,0x55e11d
PackJpeg_SelectAndFetch,0x55dc0d
PackJpeg_SelectByName,0x55db94
PackJpeg_SetIndex,0x55dcfa
PadFrame_Clear,0x55e5a4
PadRec_Load,0x55e7ea
PadRec_Save,0x55e89b
Pad_AnalogToDpadBits,0x55f210
Pad_AnalogToStick,0x55eac6
Pad_AnySkipInput,0x4ef717
Pad_AutoRepeat,0x55ee88
Pad_ClearFrames,0x55e5c4
Pad_DetectType,0x55e480
Pad_GetChangedPress,0x55f015
Pad_InitPair,0x55e578
Pad_IsConnected,0x55f061
Pad_JustConnected,0x55f1c8
Pad_Latch,0x55ef9f
Pad_Latch_Dup,0x55ef29
Pad_MenuHeld,0x55f441
Pad_MenuPressed,0x55f55f
Pad_MenuRepeat,0x55f323
Pad_OnConnected_stub,0x55f092
Pad_Open,0x55f0a8
Pad_ReadRaw,0x55e4fb
Pad_ResetState,0x55ee1b
Pad_Rumble_stub,0x55f085
Pad_StickToDeadzonedAxes,0x55e9bf
Pad_Stub_55f078,0x55f078
Pad_Stub_55f09d,0x55f09d
Pad_TypeChanged,0x55f15c
PathFollower_BeginSegment,0x546c8e
PathFollower_GetSegmentLength,0x546bc0
PathFollower_Start,0x546eb5
PathFollower_Step,0x546f1e
PathFollower_StepSmooth,0x54705f
PauseMenu_Build,0x5436eb
PauseMenu_ClearItems,0x542d98
PauseMenu_DrawNoiseOverlay,0x545b69
PauseMenu_Exit,0x542bcd
PauseMenu_HandleConfirm,0x542fc5
PauseMenu_ItemAutoSave,0x542dc2
PauseMenu_ItemBindAction,0x54483f
PauseMenu_ItemBindCamLeft,0x54506f
PauseMenu_ItemBindCamRight,0x5451a9
PauseMenu_ItemBindDown,0x5444fa
PauseMenu_ItemBindJump,0x544968
PauseMenu_ItemBindLeft,0x54469b
PauseMenu_ItemBindQuickInventory,0x544ce3
PauseMenu_ItemBindRight,0x544359
PauseMenu_ItemBindRun,0x544bba
PauseMenu_ItemBindUp,0x5441b8
PauseMenu_ItemBindViewMap,0x544f35
PauseMenu_ItemBindWalkStealthily,0x544e0c
PauseMenu_ItemBindWolfEyeView,0x544a91
PauseMenu_ItemControlDevice,0x544097
PauseMenu_ItemDisplayDone,0x54402f
PauseMenu_ItemExit,0x5431e5
PauseMenu_ItemFog,0x543ebc
PauseMenu_ItemMusicVolume,0x5435b2
PauseMenu_ItemQuit,0x543a67
PauseMenu_ItemRestartLevel,0x54321c
PauseMenu_ItemResume,0x542f73
PauseMenu_ItemSaveConfig,0x5452e3
PauseMenu_ItemSfxVolume,0x54354c
PauseMenu_ItemSoundDone,0x543683
PauseMenu_ItemSoundsEnabled,0x543d6e
PauseMenu_ItemSpeakerMode,0x5432d3
PauseMenu_ItemSubTitles,0x5435d6
PauseMenu_ItemVoiceVolume,0x54358e
PauseMenu_OnOpen_stub,0x546674
PauseMenu_Open,0x542afa
PauseMenu_PageControllerSetting,0x543901
PauseMenu_PageDisplaySettings,0x54393d
PauseMenu_PageEditConfig,0x5439eb
PauseMenu_PageOptions,0x542eca
PauseMenu_PageSoundOptions,0x542f06
PauseMenu_QuitConfirm,0x543aa8
PauseMenu_ReturnToRoot,0x542ac0
PauseMenu_StepSetting,0x543253
PauseMenu_Update,0x54579d
PauseMenu_VolumeItem,0x54341c
PausedMenu_Build,0x5465c1
PausedMenu_ClearItems,0x5465fd
PausedMenu_ItemPaused,0x546627
PausedMenu_Open,0x546515
PausedMenu_Stub,0x54666f
Perfume_Create,0x4da360
Perfume_HandleMessage,0x4da86e
Perfume_Init,0x4da401
Perfume_Render,0x4da660
Perfume_Reset,0x4da52b
Perfume_Update,0x4da6b5
Perfume_vtbl,0x5767b0
Pipe2_Create,0x4ddfd3
Pipe2_HandleMessage,0x4dd954
Pipe2_MoveBoxWithSpin,0x4dde37
Pipe2_PostLoadInit,0x4dc4e0
Pipe2_Reset,0x4ddf8a
Pipe2_SetState,0x4ddb61
Pipe2_Update,0x4dc69a
Pipe2_vtbl,0x5767f8
Pipe_Create,0x4dc46e
Pipe_HandleMessage,0x4dbf90
Pipe_PostLoadInit,0x4dac80
Pipe_Reset,0x4dc403
Pipe_SetState,0x4dc33e
Pipe_Update,0x4dadba
Pipe_vtbl,0x5767d4
Piranhas_Create,0x4def1b
Piranhas_HandleMessage,0x4de995
Piranhas_Init,0x4de2a3
Piranhas_PickSwimTarget,0x4de1ee
Piranhas_Render,0x4de109
Piranhas_Reset,0x4de4b9
Piranhas_SetState,0x4de9b1
Piranhas_Update,0x4de4f3
Piranhas_UpdateSharedFx,0x4de0a8
Piranhas_vtbl,0x57681c
PolyBatcher_ClearDefaultStateFlags,0x416ecf
PolyBatcher_ClearTypeStateFlags,0x416df2
PolyBatcher_CompareSortZ,0x418a5c
PolyBatcher_Construct,0x416970
PolyBatcher_ConstructNoDav,0x416640
PolyBatcher_CreateTexture,0x416f2c
PolyBatcher_Destruct,0x416b72
PolyBatcher_Flush,0x417faf
PolyBatcher_GetClearColor,0x416eef
PolyBatcher_GetDefaultStateFlags,0x416ea8
PolyBatcher_GetTypeStateFlags,0x416d04
PolyBatcher_IsImmediateTexture,0x417a1e
PolyBatcher_LoadTexturePages,0x416fe2
PolyBatcher_ScalarDeletingDtor,0x418aa0
PolyBatcher_SetClearColor,0x416f00
PolyBatcher_SetComputeSortZ,0x416f16
PolyBatcher_SetDefaultStateFlags,0x416eb9
PolyBatcher_SetTypeStateFlags,0x416d73
PolyBatcher_SubmitPoly,0x415c80
PolyBatcher_vtbl,0x5743a0
PolyTri_Ctor,0x41aa70
PolyTri_Dtor,0x41aa87
PolyTri_ScalarDeletingDtor,0x41aaa0
PolyTri_vtbl,0x5743f4
Poly_ClipMaxX,0x516bc8
Poly_ClipMaxY,0x516fd2
Poly_ClipMaxZ,0x5173d2
Poly_ClipMinX,0x5169c0
Poly_ClipMinY,0x516dd4
Poly_ClipMinZ,0x5171d4
PorkyLevel01_Create,0x45ab80
PorkyLevel01_DrawChoice0,0x459a90
PorkyLevel01_DrawChoice1,0x459acd
PorkyLevel01_DrawChoice2,0x459b0a
PorkyLevel01_FaceWolf,0x45abf0
PorkyLevel01_HandleMessage,0x45a197
PorkyLevel01_HideSalads,0x459bf4
PorkyLevel01_PostLoadInit,0x45a58a
PorkyLevel01_Reset,0x45a523
PorkyLevel01_SetState,0x45a446
PorkyLevel01_ShowSalad,0x459b47
PorkyLevel01_Update,0x459c7f
PorkyLevel01_vtbl,0x574f60
PrayingGhost_Create,0x45e4e8
PrayingGhost_DrawAlertIcon,0x45e323
PrayingGhost_FaceTowards,0x45e200
PrayingGhost_HandleMessage,0x45d3f2
PrayingGhost_MoveToward,0x45e029
PrayingGhost_PostLoadInit,0x45ac20
PrayingGhost_Render,0x45dfeb
PrayingGhost_Reset,0x45e22a
PrayingGhost_SetState,0x45d83e
PrayingGhost_TurnToHeading,0x45e100
PrayingGhost_Update,0x45b1b3
PrayingGhost_vtbl,0x574f84
Progress_AwardTimeKeeper,0x50bcd5
Progress_BuildScenePath,0x50c1b2
Progress_CopyRecord,0x50be91
Progress_GotoScene,0x50c2a1
Progress_IsLevelDone,0x50beb5
Progress_IsTimeKeeperDone,0x50bd92
Progress_LoadRecord,0x50bddc
Progress_Reset,0x50b930
Progress_ResetGlobal,0x50b920
Progress_SetBonusPoints,0x50bdc1
Progress_StartAttractDemo,0x50c16f
Prompt_Begin,0x53ea50
Prompt_End,0x53eb4c
Prompt_Update,0x53eb88
RCarpetMobile_Create,0x4e11ad
RCarpetMobile_GroundQuery,0x4e0848
RCarpetMobile_HandleMessage,0x4e0435
RCarpetMobile_Init,0x4dfe80
RCarpetMobile_Move,0x4e0a7b
RCarpetMobile_Reset,0x4e002b
RCarpetMobile_TrajStep,0x4e0da1
RCarpetMobile_Update,0x4e0095
RCarpetMobile_UpdateRideBox,0x4e089a
RCarpetMobile_vtbl,0x5768a4
RabbitCostume_Create,0x4df11d
RabbitCostume_HandleMessage,0x4def90
RabbitCostume_Init,0x4df01d
RabbitCostume_vtbl,0x576840
Raft_Create,0x4df190
Raft_HandleMessage,0x4dfdbf
Raft_Init,0x4df229
Raft_Render,0x4df48c
Raft_Reset,0x4df36d
Raft_Update,0x4df4e7
Raft_vtbl,0x576880
Rand_Bounded,0x561219
Rand_Range,0x5612a1
Rand_Reset,0x561200
Reg_CloseKey,0x55f93a
Reg_CloseKey2,0x55f7c5
Reg_CloseProgressKey,0x52a2c4
Reg_CreateSubKey,0x55f8dc
Reg_DeleteAppKeys,0x55f7e7
Reg_DeleteSubKey,0x55f95c
Reg_HasBinaryValue,0x55fa50
Reg_OpenAppRoot,0x55f700
Reg_OpenProgressKey,0x52a2a0
Reg_ReadBinary,0x55fb41
Reg_SubKeyExists,0x55f9a6
Reg_WriteBinary,0x55fbb2
RemoteControl_Create,0x4e17a1
RemoteControl_HandleMessage,0x4e1253
RemoteControl_Init,0x4e16d4
RemoteControl_Reset,0x4e160a
RemoteControl_Update,0x4e1240
RemoteControl_vtbl,0x5768c8
RenderPoly_Assign,0x41ac43
RenderPoly_CopyCtor,0x41ab4d
RenderPoly_Ctor,0x41aad0
RenderPoly_Dtor,0x41ac04
RenderPoly_InitFromBsBlendFlat,0x41afb7
RenderPoly_InitFromBsBlendGouraud,0x41b0a7
RenderPoly_InitFromBsFlat,0x41ace3
RenderPoly_InitFromBsGouraud,0x41ad78
RenderPoly_InitFromBsTexFlat,0x41ae07
RenderPoly_InitFromBsTexGouraud,0x41aedc
RenderPoly_RegisterAtexit_6cef28,0x47278d
RenderPoly_RegisterAtexit_6d82b4,0x52a87e
RenderPoly_RegisterAtexit_6ddf30,0x53220a
RenderPoly_StaticConstruct_6cef28,0x47277e
RenderPoly_StaticConstruct_6ddf30,0x5321fb
RenderPoly_StaticDtor_6cef28,0x47279f
RenderPoly_StaticDtor_6d82b4,0x52a890
RenderPoly_StaticDtor_6ddf30,0x53221c
RenderPoly_StaticInit_6d82b4,0x52a86f
RenderPoly_StaticInit_6ddf30,0x5321ec
RenderPoly_VecDeletingDtor,0x415540
RenderPoly_VectorDeletingDtor,0x415540
RenderPoly_vtbl,0x5743f8
Render_BeginFrame,0x417a38
Render_CalcPivotOffset,0x511af8
Render_ClearStateFlags,0x4159b0
Render_DrawPrimitive,0x415c00
Render_EndFrame,0x417e59
Render_Present,0x417ecf
Render_RestoreLostSurfaces,0x41785d
Render_SetStateFlags,0x4155f0
Render_SetTexture,0x415c40
Res_FindBitmapGroup,0x53b47b
Res_GetValidatedIdList,0x548381
Res_RelocateIdLists,0x5606e0
Resizer_BuildSpawnRecord,0x4e2530
Resizer_Create,0x4e24ae
Resizer_HandleMessage,0x4e21a1
Resizer_PlaceAtBoxCentre,0x4e1820
Resizer_PostLoadInit,0x4e187e
Resizer_Reset,0x4e1ba2
Resizer_SetState,0x4e22ac
Resizer_Update,0x4e1bc9
Resizer_vtbl,0x5768ec
Rgb24_Lerp,0x52795c
Rgb24_LerpToTarget,0x5278b2
Robot_CanJump,0x45eb0f
Robot_ClearState,0x4619f6
Robot_Create,0x461e6b
Robot_DashStep,0x45f07a
Robot_DoContextAction,0x45ed32
Robot_EjectFlightStep,0x45f30b
Robot_EnterIdle,0x4615a0
Robot_EnterState,0x461611
Robot_FaceTargetStep,0x45f602
Robot_FallStep,0x45f187
Robot_GetDropPoint,0x45e9f1
Robot_GetStickHeading,0x45e570
Robot_GroundControlStep,0x45f50e
Robot_HandleMessage,0x460b93
Robot_Init,0x461ce1
Robot_IsContextActionAllowed,0x45ec5f
Robot_IsControllable,0x45f66d
Robot_IsFalling,0x45eab1
Robot_JumpRiseStep,0x45f24a
Robot_Move,0x45eefe
Robot_NextIdleAnim,0x4615e6
Robot_ReleaseControl,0x45f721
Robot_Render,0x46155f
Robot_Reset,0x461ba0
Robot_ScanContextActions,0x45eb72
Robot_SetState,0x4618df
Robot_SetStateAnim,0x46197b
Robot_SetStateKeepAnim,0x4619dd
Robot_StandStep,0x45f5a6
Robot_TakeControl,0x45f6be
Robot_TryContextAction,0x45ee9e
Robot_TurnToHeadingStep,0x45f100
Robot_Update,0x45f77a
Robot_UpdateCamera,0x45e62e
Robot_WalkStep,0x45efc5
Robot_vtbl,0x574fa8
Rock_ApplyGravity,0x4e2783
Rock_Create,0x4e4688
Rock_CrushObjectsBelow,0x4e2657
Rock_HandleMessage,0x4e3391
Rock_Init,0x4e40f8
Rock_Move,0x4e27ef
Rock_PlayRollSound,0x4e25b0
Rock_Render,0x4e3d20
Rock_Reset,0x4e4082
Rock_ReturnHome,0x4e3f8a
Rock_SetState,0x4e3dda
Rock_StartFall,0x4e3366
Rock_StartLvl03Cinematic,0x4e2c5c
Rock_StopRollSound,0x4e2611
Rock_Update,0x4e2ceb
Rock_vtbl,0x576910
Rocket_Create,0x4e54d2
Rocket_DrawGauges,0x4e4961
Rocket_HandleMessage,0x4e4dbd
Rocket_Init,0x4e531f
Rocket_Render,0x4e51fb
Rocket_Reset,0x4e5257
Rocket_SetState,0x4e4810
Rocket_Update,0x4e4be4
Rocket_vtbl,0x576980
Rocks_Create,0x4e5878
Rocks_HandleMessage,0x4e5784
Rocks_Init,0x4e5550
Rocks_Update,0x4e5632
Rocks_vtbl,0x5769a4
RollingCarpet_Create,0x4e6ea3
RollingCarpet_CustomCollide,0x4e58e0
RollingCarpet_FaceRider,0x4e5ee9
RollingCarpet_FindRider,0x4e5e2c
RollingCarpet_HandleMessage,0x4e68af
RollingCarpet_Init,0x4e5922
RollingCarpet_InitBeltScroll,0x4e6f35
RollingCarpet_Reset,0x4e5ddf
RollingCarpet_ScrollBelt,0x4e70ce
RollingCarpet_SetState,0x4e6acb
RollingCarpet_Update,0x4e5fe6
RollingCarpet_vtbl,0x5769c8
Rook_AimCannonAt,0x4e7a25
Rook_Create,0x4e7c47
Rook_HandleMessage,0x4e78c6
Rook_Init,0x4e7320
Rook_Reset,0x4e73ee
Rook_SetState,0x4e78ef
Rook_Update,0x4e742c
Rook_vtbl,0x5769ec
Sail_Create,0x4e7d46
Sail_HandleMessage,0x4e7d37
Sail_Init,0x4e7cc0
Sail_Update,0x4e7d24
Sail_vtbl,0x576a10
SaladRod_Create,0x4bee1a
SaladRod_Init,0x4bee05
SaladRod_vtbl,0x57613c
Salad_Consume,0x4e7e61
Salad_Create,0x4e8a3f
Salad_HandleMessage,0x4e8091
Salad_Init,0x4e895e
Salad_Render,0x4e87c0
Salad_Reset,0x4e8802
Salad_ScoreAttractTargetCB,0x4e8762
Salad_SetState,0x4e7db0
Salad_Update,0x4e7f7c
Salad_vtbl,0x576a34
SamNav_BuildGraph,0x51221d
SamNav_DebugDumpGraph,0x512123
SamNav_DistToEdge,0x513281
SamNav_FindEdgeNear,0x513438
SamNav_FindNearestNode,0x512be4
SamNav_FindNearestNodeAhead,0x512c92
SamNav_FindNearestReachableNode,0x512dc1
SamNav_FindNodeTowards,0x513026
SamNav_IsGoalNearOrNotAhead,0x5131ca
SamNav_ResetGraph,0x512206
Sam_AddCarried,0x46e98a
Sam_AddPathHistory,0x46361b
Sam_CheckStepUpAhead,0x4661cc
Sam_ClampPointToBoxXZ,0x46eb59
Sam_ClearPathHistory,0x4623fc
Sam_CollectMovedSheep,0x464bf1
Sam_Create,0x46bc35
Sam_DetectWolf,0x464dad
Sam_DetectWolfPatrol,0x465b8c
Sam_DrawZoneIndicator,0x46b39e
Sam_DropAllCarried,0x46ea5f
Sam_EnterCin01State,0x464273
Sam_EnterDefaultState,0x463a31
Sam_EnterFollowNodeState,0x463c32
Sam_EnterFollowTrajectoryFastState,0x46398e
Sam_EnterFollowTrajectoryState,0x4638cf
Sam_EnterInvestigateState,0x463bf2
Sam_EnterLookAfterState,0x463ae2
Sam_EnterLookAfterTimedState,0x463a6a
Sam_EnterReachGoalState,0x463dec
Sam_EnterReachNodeState,0x463fe7
Sam_EnterSearchNearestNodeState,0x463e21
Sam_FindFreeDropSpot,0x46c8d6
Sam_FindPathHistory,0x4636d2
Sam_FindPathHistoryExact,0x4637e6
Sam_FreezePickupTarget,0x4621a4
Sam_GetAnimId,0x462e4a
Sam_HandleMessage,0x46b78b
Sam_Init,0x462446
Sam_InitBeachVariant,0x46d83c
Sam_InitHeadRecord,0x46bd3b
Sam_IsDistBelowHistoryThreshold,0x462171
Sam_IsTargetNearFinalPathEdge,0x46206f
Sam_IsWolfBehindHidingBox,0x46bcc2
Sam_IsWolfOutsideHitZone,0x46c30b
Sam_KickRobot,0x46454a
Sam_KnockOut,0x46b581
Sam_NearestPointInBoxesXZ,0x46ec15
Sam_NoticesWolfWhileBusy,0x465ca7
Sam_OnGoalReached,0x46ce62
Sam_Pirate_CircleStep,0x4720e2
Sam_Pirate_Create,0x4722d7
Sam_Pirate_FaceToward,0x47208b
Sam_Pirate_HandleMessage,0x471384
Sam_Pirate_Init,0x46ed60
Sam_Pirate_MoveToward,0x471dbf
Sam_Pirate_PickTrajPoint,0x471c7c
Sam_Pirate_Render,0x4720b5
Sam_Pirate_Reset,0x4721e2
Sam_Pirate_SetState,0x47139b
Sam_Pirate_Update,0x46f323
Sam_Pirate_Vec3sEqual,0x4721a8
Sam_Pirate_vtbl,0x57501c
Sam_PlayAnim,0x4630a0
Sam_PointInBoxListXYZ,0x46231d
Sam_PointInBoxListXZ,0x462266
Sam_PrePass_UncatchableGiveUp,0x46771e
Sam_PutDownCarried,0x461f20
Sam_RemoveCarried,0x46e9c6
Sam_Render,0x46b630
Sam_Reset,0x463445
Sam_ResetStallAnchor,0x464b3b
Sam_ResolveMove,0x46dc0b
Sam_SetGoalCarry,0x46c132
Sam_SetGoalFetch,0x46c186
Sam_SetGoalHome,0x46c1fe
Sam_SetGoalWolf,0x46c0f3
Sam_SetState,0x46470e
Sam_SetupJump,0x462e65
Sam_SnapshotSheepPositions,0x464ccd
Sam_StartReactionCamera,0x46cd8a
Sam_StartSearchTowardGoal,0x465ae0
Sam_State16_WatchRobot,0x46b1df
Sam_State2_GiveUpVsStallRace,0x46a2fb
Sam_State3_DeadFiveSecondBranch,0x46a793
Sam_State3_Heading0x1000Bug,0x463e97
Sam_State3_RerouteLoop,0x46a843
Sam_Stub_46eb4c,0x46eb4c
Sam_SwapBeachPositions,0x46daa8
Sam_TryCatchWolf,0x46433c
Sam_TurnYawToward,0x46eac8
Sam_UnfreezePickupTarget,0x4621fa
Sam_Update,0x46639e
Sam_UpdateGoalPos,0x46c389
Sam_UpdateJump,0x46310f
Sam_UpdateStallTracker,0x464b85
Sam_UpdateZoneState,0x46bdbd
Sam_Update_ArriveAtRobot,0x467061
Sam_Update_BusyNotice_RobotInHitZone,0x467247
Sam_Update_ChaseCameraBlock,0x4669af
Sam_Update_LookAfterCase,0x466b44
Sam_Update_State2Case,0x46a0cc
Sam_Update_State3Case,0x46a48d
Sam_Update_State4Case,0x46aa71
Sam_vtbl,0x574ff8
Save_InitCardHeader,0x54a6fb
Scenaric_Alloc,0x50d5f4
Scenaric_AllocLevelHeap,0x50d71c
Scenaric_BroadcastInRadius,0x50fc62
Scenaric_CreateObject,0x50d9af
Scenaric_DrawClassIcon,0x514ceb
Scenaric_FindActiveIndex,0x50e39e
Scenaric_FindBestInRadius,0x50f80e
Scenaric_FindByClass,0x5145c5
Scenaric_FindByIdList,0x514717
Scenaric_FindByRecord,0x514656
Scenaric_FindNearestOfClass,0x50fa46
Scenaric_FindObjectIndex,0x50e3f6
Scenaric_Free,0x50d610
Scenaric_GetClassIcons,0x514cbe
Scenaric_InitLevelState,0x50d738
Scenaric_RegisterAllClasses,0x513560
Scenaric_RegisterAllClasses_clearLoop,0x513578
Scenaric_RegisterClass,0x50d630
Scenaric_RegisterClass_2,0x50d630
Scenaric_RenderAll,0x560182
Scenaric_ResetAll,0x55fc00
Scenaric_SendToClass,0x511529
Scenaric_Stub_5145c0,0x5145c0
Scenaric_Stub_515ee0,0x515ee0
Scenaric_Stub_515ee5,0x515ee5
Scenaric_Stub_515eea,0x515eea
Scenaric_Stub_515eef,0x515eef
Scenaric_Stub_Return0_515ed9,0x515ed9
Scenaric_UpdateAll,0x55fcfa
SceneSheepPanel_Create,0x4e941a
SceneSheepPanel_HandleMessage,0x4e91a3
SceneSheepPanel_PostLoadInit,0x4e8ad0
SceneSheepPanel_Reset,0x4e928a
SceneSheepPanel_Update,0x4e8b49
SceneSheepPanel_vtbl,0x576a58
Scene_Wheel_AngleToIndex,0x4e9480
Scene_Wheel_Create,0x4e9e09
Scene_Wheel_HandleMessage,0x4e9c08
Scene_Wheel_PostLoadInit,0x4e94e0
Scene_Wheel_Reset,0x4e9cfe
Scene_Wheel_Update,0x4e94f6
Scene_Wheel_vtbl,0x576a90
ScnBody_AdvanceAnim,0x50e18f
ScnBody_Init,0x50dc96
ScnBody_Render,0x511644
ScnBody_RenderEx,0x51166d
ScnBody_RenderScaled,0x51197c
ScnBody_RenderTinted,0x5116a4
ScnBody_SetJointOverride,0x511dc1
ScnBody_ShareAnimTable,0x5104fa
ScnBody_SwapModel,0x510452
ScnBody_Update_default,0x42ec30
ScnBody_vtbl,0x574c1c
ScnBody_vtbl_2,0x574c1c
ScnControllable_AddMoveModifier,0x491f32
ScnControllable_ApplyMoveModifiers,0x49205d
ScnControllable_GetStickHeading,0x49246f
ScnControllable_IsStickTowardSide,0x491d25
ScnControllable_NextIdleAnim,0x491e10
ScnControllable_ReadPad,0x4921b7
ScnControllable_RemoveMoveModifier,0x491fc2
ScnControllable_ScanInteractables,0x4924db
ScnControllable_SteerRun,0x492d9f
ScnControllable_SteerToHeading,0x492ee2
ScnControllable_StopMotion,0x4935f7
ScnControllable_vtbl,0x574fd0
ScnControllable_vtbl_2,0x574fd0
ScnGenericBody_Create,0x50d94b
ScnGenericBody_SetPosition,0x50d80d
ScnGenericBody_vtbl,0x5770f0
ScnGenericLogic_Create,0x50d82f
ScnGenericLogic_SetPosition,0x50d7eb
ScnGenericLogic_vtbl,0x5770cc
ScnLogicShadowed_Init,0x50dc25
ScnLogicShadowed_Render,0x5115cf
ScnLogicShadowed_RenderScaled,0x511904
ScnLogicShadowed_SetPosition,0x50e2dd
ScnLogicShadowed_vtbl,0x576934
ScnLogic_Init,0x50dbb4
ScnLogic_Render,0x5115ab
ScnLogic_RenderScaled,0x5118de
ScnLogic_SwapModel,0x5103cd
ScnLogic_vtbl,0x57595c
ScnLogic_vtbl_2,0x57595c
ScnMobile_Init,0x50dd2a
ScnMobile_Render,0x511804
ScnMobile_RenderScaled,0x5119a7
ScnMobile_SetPosition,0x50e311
ScnMobile_UpdateShadow,0x51186d
ScnMobile_vtbl,0x574c84
ScnObject_AddToWorld,0x50e44e
ScnObject_AttachTo,0x50ff14
ScnObject_CalcFacingCameraRot,0x50da72
ScnObject_CustomCollide_default,0x42ec50
ScnObject_Detach,0x50ffca
ScnObject_DisableBoxes,0x50f3d9
ScnObject_EnableBoxes,0x50f45b
ScnObject_GetFirstModelBox,0x4c1ec0
ScnObject_GetFirstSolidBox,0x50f4dd
ScnObject_GetSideHeading,0x491cfc
ScnObject_GetSideQuadrant,0x491bf2
ScnObject_HandleMessage_default,0x42ec20
ScnObject_HeadingTo,0x511265
ScnObject_InitWithAltModels,0x50dd9f
ScnObject_IsOnSameSideAs,0x491c55
ScnObject_IsRespawnWobbleDone,0x510574
ScnObject_IsRocket,0x49192e
ScnObject_Nop,0x4d42c0
ScnObject_QueryGroundY,0x50f5b1
ScnObject_QueryGroundYAndObject,0x50f74a
ScnObject_QueryGroundY_Shrunk,0x50f650
ScnObject_RemoveFromWorld,0x50e595
ScnObject_RenderFacingCamera,0x511be4
ScnObject_RenderPivoted,0x511a12
ScnObject_RenderRespawnWobble,0x51058d
ScnObject_SetPosition,0x50e1c5
ScnObject_SnapToGround,0x510041
ScnObject_TestBodyAt,0x50f7c0
ScnObject_Translate,0x50e345
ScnObject_vtbl,0x574c40
ScnObject_vtbl_2,0x574c40
Scn_BuildRecordFromExport,0x5100ae
Scn_FindIdList,0x560846
Scn_GetPropBox,0x5155b5
Scn_GetPropCamera,0x5156ac
Scn_GetPropIdList,0x5155f9
Scn_GetPropObject,0x515630
Scn_GetPropString8,0x51556d
Scn_GetPropTrajectory,0x515668
Scn_RenderIfVisible,0x55ffe3
Scratch32k_Alloc,0x547240
Scratch32k_Free,0x547257
Scratch32k_Install,0x547287
Screen_Clear,0x52a708
Screen_Construct,0x52a4ff
Screen_Destruct,0x52a530
Screen_GetGeometry,0x52a6a7
Screen_Init,0x52a580
Screen_LayerIndex,0x52a662
Screen_RegisterAtexit,0x52a4de
Screen_ScalarDeletingDtor,0x52a7e0
Screen_ScaleX,0x52a626
Screen_ScaleY,0x52a644
Screen_SetProjection,0x52a742
Screen_StaticConstruct,0x52a4cf
Screen_StaticDtor,0x52a4f0
Screen_StaticInit,0x52a4c0
Screen_vtbl,0x57713c
ScrollList_Update,0x539965
ScrollText_Draw,0x539b42
ScrollText_Init,0x5398d4
ScrollText_Run,0x5328b3
Seaweed_Create,0x4e9f6e
Seaweed_HandleMessage,0x4e9f54
Seaweed_PostLoadInit,0x4e9e70
Seaweed_Reset,0x4e9f63
Seaweed_Update,0x4e9f41
Seaweed_vtbl,0x576ab4
SecretDoor_Create,0x4ea010
SecretDoor_HandleMessage,0x4ea001
SecretDoor_PostLoadInit,0x4e9fe0
SecretDoor_Update,0x4e9ff6
Seed_Create,0x4eacf8
Seed_HandleMessage,0x4ea560
Seed_Init,0x4ea080
Seed_Reset,0x4ead5f
Seed_SetState,0x4ea3f5
Seed_Update,0x4ea3b3
Seed_vtbl,0x576afc
SelectMenu_GetState,0x5428a0
SelectMenu_HasItems,0x5428aa
SelectMenu_RestoreFlags,0x5402a9
SelectMenu_SetState,0x542893
SelectMenu_UpdateWipe,0x542759
SensibleButton_Create,0x4f0649
SensibleButton_HandleMessage,0x4f044c
SensibleButton_Init,0x4efaf0
SensibleButton_Reset,0x4f05e6
SensibleButton_Update,0x4efedd
SensibleButton_vtbl,0x576b68
SfxCineManager_Create,0x4f0d1f
SfxCineManager_PostLoadInit,0x4f06b0
SfxCineManager_Render,0x4f0b11
SfxCineManager_Update,0x4f0b70
SfxCineManager_vtbl,0x576b8c
SfxParticles_InitRandom,0x52e625
Sfx_CreateVertexBuffers,0x52a89f
Sfx_InitSpriteSheets,0x52dcf1
Sfx_SpawnBillboard,0x52c763
Sfx_StaticInit,0x52a860
Shadow_FreeLevel,0x47276a
Shadow_Init,0x472745
Shadow_LoadLevel,0x4727ae
Shadow_Render,0x472904
Shadow_StaticInit,0x47276f
Shadow_Update,0x47255f
Shark_AimBiteRot,0x47611a
Shark_AimRotation,0x475fbd
Shark_ApplyBiteRot,0x47615b
Shark_CornerHeading,0x4764e7
Shark_Create,0x476d3d
Shark_FaceWolf,0x4760cb
Shark_FollowPath,0x476180
Shark_ForceState,0x475880
Shark_HandleMessage,0x476b5b
Shark_HeadingXZ,0x47646e
Shark_PostLoadInit,0x474e96
Shark_Render,0x476b6a
Shark_Reset,0x476cfb
Shark_RunState,0x475436
Shark_SetState,0x4758a0
Shark_Update,0x4751a4
Shark_UpdateAi,0x475208
Shark_UpdateBreathFx,0x476632
Shark_UpdateChargeFx,0x4767f4
Shark_UpdateRippleFx,0x476a33
Shark_UpdateWolfChecks,0x474d90
Shark_vtbl,0x575050
SheepCostume_Create,0x4f0f2d
SheepCostume_HandleMessage,0x4f0da0
SheepCostume_Init,0x4f0e2d
SheepCostume_vtbl,0x576bb0
Sheep_AttachIceBlock,0x477121
Sheep_AttractorScoreCB,0x4784ca
Sheep_CanSmellObject,0x477945
Sheep_ConstructBubbleEmitter,0x476e5a
Sheep_ConstructIceBlock,0x476eb1
Sheep_ConstructSplash,0x476e8e
Sheep_Create,0x47d284
Sheep_DetachIceBlock,0x4771c3
Sheep_EnterIdleState,0x477cdd
Sheep_FallStep,0x478bdc
Sheep_FindNearestAttractor,0x478582
Sheep_FindScentSourceInRange,0x47772b
Sheep_FrozenFloatStep,0x478a35
Sheep_HandleMessage,0x47bb8c
Sheep_Init_BubbleEmitter,0x476e50
Sheep_Init_IceBlock,0x476ea7
Sheep_Init_Splash,0x476e84
Sheep_IsAtTarget,0x478966
Sheep_IsAvailable,0x47706f
Sheep_IsTargetSameLevel,0x478910
Sheep_IsTargetValidWithin,0x4787bd
Sheep_IsTargetWithinRange,0x47887d
Sheep_Move,0x476eca
Sheep_MoveToward,0x478e26
Sheep_NextIdleAnim,0x477d58
Sheep_PostLoadInit,0x47ce53
Sheep_ReleaseTarget,0x477585
Sheep_Render,0x47cb06
Sheep_Reset,0x47ccd7
Sheep_ResetVars,0x47cbc4
Sheep_SetState,0x477ed9
Sheep_SetStateId,0x47848b
Sheep_SetStateQuiet,0x47844c
Sheep_ShouldEnterFall,0x477c7f
Sheep_ShouldIgnoreLures,0x477bdc
Sheep_StartApproach,0x47914e
Sheep_StartSplashFx,0x4771f3
Sheep_StopSplashFx,0x4772ad
Sheep_TestScentSource,0x477790
Sheep_Think_FindAttraction,0x478604
Sheep_TryReserveScentSource,0x477516
Sheep_TryReserveTarget,0x4773df
Sheep_TurnToHeading,0x4789ac
Sheep_TurnToTarget,0x478a09
Sheep_Update,0x47928e
Sheep_UpdateZoneMask,0x4772d3
Sheep_Update_ZoneChecks,0x47b2ad
Sheep_vtbl,0x57507c
SignPostAnimated_Create,0x4f1de8
SignPostAnimated_HandleMessage,0x4f18c2
SignPostAnimated_Init,0x4f0fa0
SignPostAnimated_Update,0x4f1435
SignPostAnimated_vtbl,0x576bf8
SignPostSimple_Create,0x4f1d86
SignPostSimple_HandleMessage,0x4f1a50
SignPostSimple_Init,0x4f10d5
SignPostSimple_Reset,0x4f1202
SignPostSimple_Update,0x4f15c8
SignPostSimple_vtbl,0x576bd4
SignPost_Create,0x4f1e4c
SignPost_HandleMessage,0x4f1bea
SignPost_Init,0x4f1240
SignPost_Reset,0x4f13f7
SignPost_Update,0x4f169c
SignPost_vtbl,0x576c1c
SignTips_Create,0x4f28ab
SignTips_HandleMessage,0x4f2615
SignTips_PostLoadInit,0x4f1eb0
SignTips_Reset,0x4f2143
SignTips_SetState,0x4f26d7
SignTips_Update,0x4f22ab
SignTips_vtbl,0x576c40
SlidingIceCube_ApplyGravity,0x4f29ec
SlidingIceCube_ConstructSplashBody,0x4f292a
SlidingIceCube_Create,0x4f3b78
SlidingIceCube_CrushMove,0x4f2dae
SlidingIceCube_HandleMessage,0x4f3477
SlidingIceCube_HideSplash,0x4f29d7
SlidingIceCube_Init,0x4f39a2
SlidingIceCube_PlaySlideSound,0x4f2e39
SlidingIceCube_QueryRiders,0x4f2a55
SlidingIceCube_Render,0x4f36d3
SlidingIceCube_Reset,0x4f393f
SlidingIceCube_SetState,0x4f3708
SlidingIceCube_ShowSplash,0x4f2943
SlidingIceCube_SlideMove,0x4f2a9f
SlidingIceCube_StaticInit,0x4f2920
SlidingIceCube_Update,0x4f2e97
SlidingIceCube_vtbl,0x576c64
SmallRock_ApplyGravity,0x4f3be0
SmallRock_Create,0x4f55ab
SmallRock_CustomCollide,0x4f564c
SmallRock_HandleMessage,0x4f47e3
SmallRock_Init,0x4f5138
SmallRock_Move,0x4f3c70
SmallRock_Render,0x4f4f09
SmallRock_Reset,0x4f4ec9
SmallRock_ReturnHome,0x4f5491
SmallRock_SetState,0x4f4f69
SmallRock_StartFall,0x4f47c4
SmallRock_Update,0x4f3d1c
SmallRock_vtbl,0x576c90
Snowball_ApplyGravity,0x4f6081
Snowball_Create,0x4f60f1
Snowball_HandleMessage,0x4f59cc
Snowball_Move,0x4f6025
Snowball_PostLoadInit,0x4f5770
Snowball_Render,0x4f5bbc
Snowball_Reset,0x4f5cd8
Snowball_TryResize,0x4f5ce3
Snowball_Update,0x4f58bb
Snowball_vtbl,0x576cb4
SnowyGround_Create,0x4f644f
SnowyGround_HandleMessage,0x4f63f3
SnowyGround_PostLoadInit,0x4f6160
SnowyGround_Update,0x4f61c6
SnowyGround_vtbl,0x576cd8
SoundDevice_Construct,0x4065a0
SoundDevice_Destruct,0x4066b5
SoundDevice_GetBufferLocFlags,0x406a6c
SoundDevice_GetDSound,0x406a5b
SoundDevice_GetDeviceName,0x406812
SoundDevice_GetVoiceAmplitude,0x406a8f
SoundDevice_GetVoiceAmplitude_Unused,0x406ade
SoundDevice_Init,0x406859
SoundDevice_PollStreamEvents,0x406b2d
SoundDevice_RegisterStreamEvent,0x406b8b
SoundDevice_ScalarDeletingDtor,0x406d80
SoundDevice_SetDeviceIndex,0x4067dc
SoundDevice_StepDevice,0x406747
SoundDevice_Stub0,0x40683f
SoundDevice_Stub1,0x40684c
SoundDevice_UnregisterStreamEvent,0x406c5a
Sound_AllocChannel,0x54991f
Sound_Construct,0x4205b0
Sound_Destruct,0x420640
Sound_InitSilentLoop,0x54988c
Sound_IsPlaying,0x5493f2
Sound_IsSampleIdPlaying,0x549425
Sound_MixerTick,0x5496b8
Sound_PauseAll,0x5495ad
Sound_Play,0x5491b8
Sound_ResumeAll,0x549609
Sound_RewindBuffer,0x420a40
Sound_ScalarDeletingDtor,0x4205e0
Sound_SetBufferFrequency,0x420af0
Sound_SetBufferPan,0x421390
Sound_SetBufferPosition,0x4212e0
Sound_SetBufferVolume,0x420a80
Sound_SetDistanceFalloff,0x549b16
Sound_SetRate,0x549665
Sound_SetSfxVolume,0x5634c0
Sound_SetVolume,0x54968b
Sound_ShutdownChannels,0x549155
Sound_StartSilentLoop,0x5498e1
Sound_StartStopSilentLoop_Dead,0x549910
Sound_StaticAtexit_BankWaves,0x548e25
Sound_StaticAtexit_Channels,0x548eda
Sound_StaticCtor_BankWaves,0x548de4
Sound_StaticCtor_Channels,0x548e96
Sound_StaticDtor_BankWaves,0x548e37
Sound_StaticDtor_Channels,0x548eec
Sound_StaticInit_BankWaves,0x548dd5
Sound_StaticInit_Channels,0x548e87
Sound_Stop,0x54948f
Sound_StopAll,0x549524
Sound_StopSilentLoop,0x549901
Sound_UpdateChannelGain,0x549b61
Splash_BuildRing,0x473dbb
Splash_BuildStrips,0x47400e
Splash_CreateVertexBuffers,0x473c14
Splash_Render,0x4746c3
Splash_StaticInit_VertsA,0x473b8e
Splash_StaticInit_VertsA_Ctor,0x473b98
Splash_StaticInit_VertsB,0x473bd1
Splash_StaticInit_VertsB_Ctor,0x473bdb
Sprite_Draw,0x53a7f7
Sprite_DrawFrame,0x53b419
Sprite_DrawThunk,0x53b44a
Sprite_LoadFromRes,0x53a72a
Sprite_StaticDtor_Poly,0x538e30
Sprite_StaticInit,0x538e00
Sprite_StaticInit_PolyCtor,0x538e0f
Sprite_StaticInit_RegisterDtor,0x538e1e
StaticAtexit_g_lightSpotPoly,0x4f685f
StaticAtexit_g_limiterTimer,0x4044de
StaticCtor_g_attachLinkStorage,0x55b1aa
StaticCtor_g_camera,0x40103a
StaticCtor_g_lightSpotPoly,0x4f6850
StaticCtor_g_limiterTimer,0x4044cf
StaticCtor_g_piranhaBubbleFx,0x4de04a
StaticCtor_g_piranhaRingFx,0x4de07e
StaticDtor_g_6d656c,0x52295f
StaticDtor_g_6d6780,0x522920
StaticDtor_g_draw2dPoly,0x5229d0
StaticDtor_g_lightSpotPoly,0x4f6871
StaticDtor_g_limiterTimer,0x4044f0
StaticInit_g_6d656c,0x52292f
StaticInit_g_6d656c_atexit,0x52294d
StaticInit_g_6d656c_ctor,0x52293e
StaticInit_g_6d6780,0x5228f0
StaticInit_g_6d6780_atexit,0x52290e
StaticInit_g_6d6780_ctor,0x5228ff
StaticInit_g_animPartMatrices,0x54fe50
StaticInit_g_animPartMatrices_ctor,0x54fe5a
StaticInit_g_attachLinkStorage,0x55b1a0
StaticInit_g_camera,0x401030
StaticInit_g_draw2dImmTexVerts,0x522a22
StaticInit_g_draw2dImmTexVerts_ctorLoop,0x522a2c
StaticInit_g_draw2dImmVerts,0x5229df
StaticInit_g_draw2dImmVerts_ctorLoop,0x5229e9
StaticInit_g_draw2dPoly,0x5229a0
StaticInit_g_draw2dPoly_atexit,0x5229be
StaticInit_g_draw2dPoly_ctor,0x5229af
StaticInit_g_lightSpotPoly,0x4f6841
StaticInit_g_limiterTimer,0x4044c0
StaticInit_g_matrix6d5428,0x52296e
StaticInit_g_matrix6d5428_ctor,0x522978
StaticInit_g_matrix6d6ec8,0x522987
StaticInit_g_matrix6d6ec8_ctor,0x522991
StaticInit_g_piranhaBubbleFx,0x4de040
StaticInit_g_piranhaRingFx,0x4de074
StaticInit_g_skyVerts,0x55ca30
StaticInit_g_skyVerts_ctor,0x55ca3a
StaticSound_Construct,0x420680
StaticSound_CreateFromFile,0x420770
StaticSound_CreateFromWave,0x420840
StaticSound_Destruct,0x420720
StaticSound_FillBuffer,0x420b40
StaticSound_Free,0x4208f0
StaticSound_IsPlaying,0x420a50
StaticSound_Play,0x420990
StaticSound_RestoreBuffer,0x420930
StaticSound_ScalarDeletingDtor,0x4206c0
StaticSound_SetPaused,0x4209f0
StaticSound_Stop,0x4209d0
Str_Concat2,0x5613a6
Str_Copy,0x561360
Str_CopyAsciiN,0x561418
Str_CopyNoTerm,0x561325
Str_CopyPadZero,0x56145c
Str_IsPrefixOf,0x5614b0
Str_Length,0x5614fb
Str_ParseU16,0x533d68
StreamPlayer_ApplyVolume,0x564430
StreamPlayer_Construct,0x563640
StreamPlayer_Halt,0x564340
StreamPlayer_IsBusy,0x5644b0
StreamPlayer_IsMusic,0x564490
StreamPlayer_LoadLevelMusic,0x564160
StreamPlayer_LoaderThread,0x563520
StreamPlayer_PlayVoice,0x563940
StreamPlayer_RestartLevelMusic,0x564020
StreamPlayer_ScalarDeletingDtor,0x5636b0
StreamPlayer_SetPaused,0x5642e0
StreamPlayer_StopAndFree,0x563920
StreamPlayer_StopVoice,0x563f90
StreamPlayer_Update,0x564360
StreamPlayer_UpdateVoice,0x563bd0
StreamPlayer_vtbl,0x5775ec
StreamSound_Construct,0x420bd0
StreamSound_CreateFromFile,0x420c90
StreamSound_CreateFromWave,0x420e70
StreamSound_CreateFromWaveEx,0x420e90
StreamSound_Destruct,0x420c70
StreamSound_FillBuffer,0x421410
StreamSound_Free,0x421080
StreamSound_GetVoiceAmplitude,0x421570
StreamSound_IsPlaying,0x421370
StreamSound_Play,0x421230
StreamSound_ReadOrPadSilence,0x421490
StreamSound_RestoreBuffer,0x4210e0
StreamSound_ScalarDeletingDtor,0x420c40
StreamSound_ServiceNotify,0x421140
StreamSound_SetPaused,0x4212b0
StreamSound_Stop,0x421280
StreamWaves_StaticDtor,0x563500
StreamWaves_StaticInit,0x5634d0
StringBank_FreeLists,0x548b6e
StringBank_RandomiseGlyphs,0x539273
Stub_Empty_52dd40,0x52dd40
Stub_Empty_52dd45,0x52dd45
Stub_Empty_52dd4a,0x52dd4a
Stub_Empty_52dd4f,0x52dd4f
Stub_Empty_52dd54,0x52dd54
Stub_Empty_52dd60,0x52dd60
Stub_Empty_55d5cb,0x55d5cb
Stub_Ret,0x42bc80
Stub_Ret0_54d500,0x54d500
Stub_Return0_52dd59,0x52dd59
Stub_Return0_55cadc,0x55cadc
SuperButton_AreInputsOn,0x4f8a06
SuperButton_ClearInputs,0x4f88a0
SuperButton_Create,0x4f8c61
SuperButton_GetInputValue,0x4f88f0
SuperButton_HandleMessage,0x4f8bae
SuperButton_PostLoadInit,0x4f8a34
SuperButton_Reset,0x4f8c25
SuperButton_SetDisabled,0x4f8c0f
SuperButton_SetInputValue,0x4f8961
SuperButton_Update,0x4f8ac8
SuperButton_vtbl,0x576d38
Surface_LockForRead,0x40ae0a
Surface_LockForWrite,0x40ae3f
Surface_LockReadWrite,0x40ae74
Surface_Unlock,0x40aea9
SwirlSign_Create,0x4f8fbf
SwirlSign_HandleMessage,0x4f8d86
SwirlSign_Init,0x4f8cd0
SwirlSign_Reset,0x4f8d15
SwirlSign_SetState,0x4f8e6c
SwirlSign_Update,0x4f8d20
SwirlSign_vtbl,0x576d5c
Telescope_Create,0x4f9b28
Telescope_HandleMessage,0x4f972d
Telescope_Init,0x4f9030
Telescope_Reset,0x4f91ba
Telescope_Update,0x4f9210
Telescope_UpdateView,0x4f9268
Telescope_vtbl,0x576d80
TexAtlas_GetPage,0x548430
TexScroll_AddList,0x5609c0
TexScroll_AddRect,0x560a3b
TexScroll_FreeAll,0x560edd
TexScroll_Init,0x560e12
TexScroll_Update,0x560bcc
TexScroll_UpdateAll,0x560f41
Tex_CornerUV,0x54a2ec
TextResBank_Ctor,0x54f8f0
TextResBank_DeletingDtor,0x54fe20
TextResBank_Dtor,0x54f921
TextResBank_Load,0x54f9ae
TextResBank_LoadString,0x54fd25
TextResBank_vtbl,0x5771bc
Text_AdjustWindow,0x5338a9
Text_ApplyWindow,0x53378a
Text_BlinkButtonGlyphs,0x533ec3
Text_CenterVertically,0x533684
Text_CountWrappedLines,0x53353f
Text_Disable,0x5322ec
Text_DrawLineRaw,0x535a88
Text_DrawNoWrap,0x53618c
Text_DrawString,0x534d2e
Text_EmitLine,0x535f03
Text_EmitLineThunk,0x536173
Text_ExpandButtonToken,0x533fbd
Text_ExpandColorToken,0x53447c
Text_ExpandMemCardToken,0x534cd0
Text_ExpandNameToken,0x5343da
Text_FindNextPageMark,0x532442
Text_FindPageMark,0x532601
Text_FindPrevPageMark,0x532314
Text_FormatBinary,0x533ce2
Text_FormatHex,0x533970
Text_FormatHex8,0x5339fc
Text_FormatInt,0x533be0
Text_FormatUInt,0x533a64
Text_FormatUIntPadded,0x533b0f
Text_GetClassString,0x50fe66
Text_GetScrollInput,0x53337f
Text_GetUiString,0x5393f4
Text_GetWindow,0x53374f
Text_InitFormatBuf,0x5321da
Text_LineIsBlank,0x532541
Text_MaxLineLength,0x533589
Text_MeasureLine,0x533403
Text_NewLine,0x533659
Text_PageStep,0x5326e9
Text_PrintFmt,0x534655
Text_PrintFmtStyled,0x5348d8
Text_PrintWrapped,0x534630
Text_Printf,0x534699
Text_PrintfStyled,0x5348aa
Text_PutColorCode,0x534437
Text_Reset,0x53222b
Text_ResetMeasure,0x5322fb
Text_ResetWindow,0x5322b3
Text_ScrambleGlyphs,0x533dda
Text_SelectFormatBuffer,0x5345f3
Text_SetColor,0x5336b8
Text_SetCursor,0x53363f
Text_SetFont,0x5336dc
Text_SetNoClipOnce,0x535ef4
Text_SetWindow,0x535dde
Text_SetWindowCells,0x53386a
Text_SetWindowRect,0x533836
Text_Sprintf,0x53492c
Text_StaticInit,0x5321d0
Text_Stub_535dd9,0x535dd9
Text_VFormat,0x53495f
Text_WordWrap,0x5346ff
Texture_CountMaskBits,0x40aff4
Texture_Ctor,0x40a140
Texture_CtorFromBmpFile,0x40a462
Texture_CtorFromBmpFileFormat,0x40a8b9
Texture_Dtor,0x40ad97
Texture_EnumPixelFormatCallback,0x40aecb
Texture_FindByResource,0x52a810
Texture_GetFormat,0x40ade8
Texture_GetHeight,0x40add7
Texture_GetSurface,0x40adf9
Texture_GetWidth,0x40adc6
Texture_ScalarDeletingDtor,0x40b030
TimeKeeper_Create,0x4f9f72
TimeKeeper_HandleMessage,0x4f9c59
TimeKeeper_Init,0x4f9b90
TimeKeeper_Reset,0x4f9d46
TimeKeeper_SetState,0x4f9d51
TimeKeeper_Update,0x4f9c1e
TimeKeeper_vtbl,0x576da4
TimeMachineChrono_Create,0x4fc567
TimeMachineChrono_HandleMessage,0x4fc108
TimeMachineChrono_Init,0x4fc080
TimeMachineChrono_Reset,0x4fc4e6
TimeMachineChrono_SetHeld,0x4fc433
TimeMachineChrono_Update,0x4fc0f5
TimeMachineChrono_vtbl,0x576dec
TimeMachineSphere_Create,0x4fbff0
TimeMachineSphere_HandleMessage,0x4fba46
TimeMachineSphere_Init,0x4f9fe0
TimeMachineSphere_Render,0x4fbe91
TimeMachineSphere_Reset,0x4fbec2
TimeMachineSphere_SetState,0x4fb596
TimeMachineSphere_SwapToPast,0x4fbb87
TimeMachineSphere_SwapToPresent,0x4fbce1
TimeMachineSphere_Update,0x4fa324
TimeMachineSphere_vtbl,0x576dc8
TimeMachine_IsInPresent,0x4fba8e
Time_Init,0x560f80
Time_Pause,0x56103f
Time_RestartTimer,0x56102f
Time_Resume,0x561064
Time_Update,0x56108c
Timer_Construct,0x40b060
Timer_Convert,0x40b51c
Timer_Destruct,0x40b27f
Timer_GetDelta,0x40b3ef
Timer_GetElapsed,0x40b35a
Timer_OffsetBase,0x40b32d
Timer_PeekDelta,0x40b49c
Timer_PeekElapsed,0x40b478
Timer_ReadTSC,0x40b4e4
Timer_ScalarDeletingDtor,0x40b5d0
Timer_Start,0x40b293
Timer_Stop,0x40b2d8
Timer_vtbl,0x574350
Torch_Create,0x4fc7b4
Torch_PostLoadInit,0x4fc5e0
Torch_Render,0x4fc74e
Torch_Update,0x4fc730
Torch_vtbl,0x576e10
TrafficJams_Create,0x4fd545
TrafficJams_HandleMessage,0x4fd1cb
TrafficJams_Init,0x4fc840
TrafficJams_Reset,0x4fca73
TrafficJams_SetPhase,0x4fd3f6
TrafficJams_SetState,0x4fd456
TrafficJams_Update,0x4fca9f
TrafficJams_vtbl,0x576e34
TrainCarBody_HandleMessage,0x501110
TrainCarBody_vtbl,0x576e7c
TrainStation_Create,0x501150
TrainStation_HandleMessage,0x501c8c
TrainStation_Init,0x50120b
TrainStation_Reset,0x501712
TrainStation_SetState,0x5011b5
TrainStation_Update,0x50171d
TrainStation_vtbl,0x576ea0
Train_Create,0x4fd5b0
Train_HandleMessage,0x500c58
Train_PlaceCars,0x4fd6a6
Train_PostLoadInit,0x4ff003
Train_Render,0x4ff498
Train_Reset,0x4ff46a
Train_SetState,0x4fece2
Train_Update,0x4ff4c5
Train_vtbl,0x576e58
TrajFollower_Init,0x510731
TrajFollower_Step,0x51079b
TrajPatrol_Init,0x459789
TrajPatrol_Step,0x4597f5
Transition_InUpdate,0x51625c
Transition_Init,0x516515
Transition_OutUpdate,0x515f9c
Transition_Start,0x5166a5
Transition_StaticDtor_HoleFX,0x515f6f
Transition_StaticDtor_Timer,0x515f30
Transition_StaticInit_Empty1,0x515f7e
Transition_StaticInit_Empty1_Body,0x515f88
Transition_StaticInit_Empty2,0x515f8d
Transition_StaticInit_Empty2_Body,0x515f97
Transition_StaticInit_HoleFX,0x515f3f
Transition_StaticInit_HoleFX_Ctor,0x515f4e
Transition_StaticInit_HoleFX_RegisterDtor,0x515f5d
Transition_StaticInit_Timer,0x515f00
Transition_StaticInit_Timer_Ctor,0x515f0f
Transition_StaticInit_Timer_RegisterDtor,0x515f1e
Transition_Update,0x5166ea
TreeSection_Create,0x502245
TreeSection_HandleMessage,0x502065
TreeSection_PostLoadInit,0x501fb0
TreeSection_SetState,0x50212d
TreeSection_Update,0x501fcf
TreeSection_vtbl,0x576ec4
Tree_Create,0x4eb03d
Tree_HandleMessage,0x4eaec7
Tree_Init,0x4ead6a
Tree_Reset,0x4eb09f
Tree_SetVisible,0x4eadd2
Tree_Update,0x4eadbb
Tree_vtbl,0x576b20
TriggedStone_Create,0x50287d
TriggedStone_CrushVictims,0x502603
TriggedStone_HandleMessage,0x502713
TriggedStone_PostLoadInit,0x5022d0
TriggedStone_Reset,0x5023c4
TriggedStone_Update,0x502433
TriggedStone_vtbl,0x576ee8
Twig_Create,0x502c30
Twig_HandleMessage,0x502b2e
Twig_PostLoadInit,0x5028f0
Twig_Render,0x502c03
Twig_SetState,0x502b3d
Twig_Update,0x5029fa
Twig_vtbl,0x576f0c
UiCursor_Animate,0x538f07
UiCursor_Draw,0x53a13d
UiCursor_SetPos,0x538eb2
UiCursor_SetSlide,0x538ee3
UiFrame_LoadSkin,0x539f2a
UiIcon_Draw,0x538fcf
UiIcon_SetFadeLevel,0x538f4f
UiIcon_Setup,0x53a4f4
UiQuad_Draw,0x539d91
UiQuad_Mirror,0x538e3f
UiQuad_SetFromBitmap,0x539c29
Ui_BuildFrameQuads,0x53c782
Ui_DrawFlatRect,0x53e2e5
Ui_DrawFrameQuads,0x53d0a8
Ui_DrawGouraudRect,0x53e375
Ui_DrawMemCardBackdrop,0x53f12c
Ui_DrawMenuBox,0x53d385
Ui_DrawPanelFill,0x53c537
Ui_DrawRectOutline,0x53e43e
Ui_DrawScrollArrow,0x53f1ab
Ui_DrawSubtitleBox,0x53931b
Ui_DrawTextBox,0x53d243
Ui_DrawTextInRect,0x53f200
Ui_InitRectChoiceLeft,0x53f072
Ui_InitRectChoiceLeft_thunk,0x53f068
Ui_InitRectChoiceRight,0x53f09d
Ui_InitRectChoiceRight_thunk,0x53f093
Ui_InitRectChoiceWide,0x53f0ea
Ui_InitRectChoiceWide_thunk,0x53f0e0
Ui_InitRectDialogBody,0x53f04c
Ui_InitRectDialogBody_thunk,0x53f042
Ui_InitRectFooter,0x53f110
Ui_InitRectFooter_thunk,0x53f106
Ui_PlayCancelSound,0x53f3dd
Ui_PlayConfirmSound,0x53f400
Ui_PlayMoveSound,0x53f3ba
Ui_PromptConfirm,0x53f24e
Ui_PromptYesNo,0x53f2c7
Umbrella_Create,0x5034b3
Umbrella_HandleMessage,0x502e37
Umbrella_Init,0x50340e
Umbrella_Reset,0x503323
Umbrella_Update,0x502ca0
Umbrella_vtbl,0x576f30
Vdx7_Ctor,0x41b410
Vdx7_Dtor,0x41b65e
Vdx7_Open,0x41b410
Vdx7_ScalarDeletingDtor,0x41b6b0
Vec2s_LerpToTarget,0x527772
Vec3i_Cross,0x526c46
Vec3i_Normalize,0x526a71
Vec3i_SetLength,0x561530
Vec3s_ApproachPoint,0x5468ee
Vec3s_Dist,0x515813
Vec3s_DistSq,0x5158cc
Vec3s_DistSqXZ,0x51588e
Vec3s_DistXZ,0x5157bd
Vec3s_Dot,0x526bad
Vec3s_LengthSq,0x526d19
Vec3s_LerpToTarget,0x5276eb
Vec3s_LerpToTarget_2,0x5277cd
Vec3s_ManhattanDist,0x515740
Vec3s_ManhattanDistXZ,0x5156f0
Vec3s_Normalize,0x526b03
Vec3s_NormalizeInPlace,0x459710
Vec3s_OffsetAlongAngles,0x554f8a
Vec3s_ScaleByDt,0x5147bd
Vec3s_ScaleByRatio,0x4b5950
VecDeletingDtor_41a209,0x40c020
VecDeletingDtor_41a90f,0x4153e0
VecDeletingDtor_41a94f,0x415490
VecDeletingDtor_41a98f,0x415120
VecDeletingDtor_41a9cf,0x415280
VecDeletingDtor_41aa0f,0x4151d0
VecDeletingDtor_41aa4f,0x415330
Vec_FromPolar,0x492af7
VideoPlayer_BlitFrame,0x421d50
VideoPlayer_Construct,0x421ba0
VideoPlayer_Destruct,0x421c00
VideoPlayer_Init,0x421c30
VideoPlayer_PlayFile,0x421ce0
VideoPlayer_ScalarDeletingDtor,0x421bc0
VideoPlayer_StaticDtor,0x561600
VideoPlayer_StaticInit,0x5615d0
VideoPlayer_StaticInit_Construct,0x5615df
VideoPlayer_StaticInit_RegisterDtor,0x5615ee
VideoPlayer_vtbl,0x5744e0
Video_CloseFile,0x421fe0
Video_ConnectAudioStream,0x4220b0
Video_Construct,0x421db0
Video_CreateStream,0x421f80
Video_NullFrameProc,0x4222b0
Video_OpenFile,0x421e60
Video_PlaySequence,0x56160f
Video_ReleaseFilter,0x422270
Video_RunLoop,0x422030
Video_ScalarDeletingDtor,0x421de0
Video_SetFrameCallback,0x4220a0
VisibilityManager_CollectMeshes,0x5038bb
VisibilityManager_Create,0x503a4c
VisibilityManager_HandleMessage,0x503634
VisibilityManager_Init,0x503643
VisibilityManager_SetMeshesVisible,0x5039c8
VisibilityManager_Update,0x503530
VisibilityManager_vtbl,0x576f54
Voice_PlayStream,0x515e50
Voice_StopStream,0x515eb5
Volcano_Create,0x5060d5
Volcano_HandleMessage,0x5058d6
Volcano_Init,0x503ac0
Volcano_Render,0x505de3
Volcano_SetState,0x5058e5
Volcano_Update,0x50419e
Volcano_vtbl,0x576f78
WallAvoid_ComputeSteer,0x493ecb
WallAvoid_Reset,0x493e80
WallAvoid_UpdateFromContact,0x494116
WarReloc_Find,0x560797
WarReloc_GetIdAt,0x56073e
Watch_Create,0x5061b0
Watch_HandleMessage,0x50675a
Watch_PostLoadInit,0x50646e
Watch_Reset,0x50653f
Watch_SetState,0x50623c
Watch_Update,0x506560
Watch_vtbl,0x576f9c
WaterGeyser_Create,0x5070d4
WaterGeyser_HandleMessage,0x506dd8
WaterGeyser_PostLoadInit,0x506840
WaterGeyser_Reset,0x5070bf
WaterGeyser_SetState,0x506def
WaterGeyser_Update,0x50698e
WaterGeyser_vtbl,0x576fc0
WaterMine_Create,0x507861
WaterMine_KillOverlapping,0x507140
WaterMine_PostLoadInit,0x507726
WaterMine_Reset,0x507636
WaterMine_SetIdleModel,0x507547
WaterMine_Update,0x5072b4
WaterMine_vtbl,0x576fec
WaveFile_Close,0x421950
WaveFile_Construct,0x421740
WaveFile_Destruct,0x4217a0
WaveFile_Open,0x4217d0
WaveFile_Read,0x421930
WaveFile_ReadMmio,0x421960
WaveFile_ReadRiffHeader,0x421a20
WaveFile_ResetFile,0x4218e0
WaveFile_ScalarDeletingDtor,0x421750
Weather_Advance,0x52e8bf
Weather_Construct,0x52e1e0
Weather_CreateVertexBuffers,0x531a08
Weather_Destruct,0x52e259
Weather_DrawRain,0x52e9a5
Weather_DrawSnow,0x53049a
Weather_InitRain,0x52dfc4
Weather_InitSnow,0x52e0e3
Weather_LevelInit,0x52dfbf
Weather_RegisterAtexit,0x52df9e
Weather_RenderRain,0x52e070
Weather_RenderSnow,0x52e1b0
Weather_ScalarDeletingDtor,0x531ed0
Weather_SetTexture,0x52e322
Weather_SetTexture2,0x52e4a0
Weather_SetVolume,0x52e27b
Weather_StaticConstruct,0x52df8f
Weather_StaticDtor,0x52dfb0
Weather_StaticInit,0x52df80
Weather_UpdateRain,0x52e06b
Weather_UpdateSnow,0x52e1ab
Weather_WrapToVolume,0x531bdd
Weather_vtbl,0x577148
WheelDummy_AnswerGroundQuery,0x509747
WheelDummy_Create,0x509852
WheelDummy_HandleMessage,0x50980c
WheelDummy_PostLoadInit,0x509680
WheelDummy_Update,0x509801
WheelDummy_vtbl,0x577034
Wheel_ComputeSpinStep,0x508aff
Wheel_Create,0x509614
Wheel_HandleMessage,0x5084aa
Wheel_MoveAlongRail,0x508e41
Wheel_PlaceLifts,0x509140
Wheel_PostLoadInit,0x5078f0
Wheel_Reset,0x507dc7
Wheel_ScanLift,0x50889b
Wheel_SetState,0x50862e
Wheel_Update,0x507ed7
Wheel_UpdateSpin,0x50897d
Wheel_vtbl,0x577010
WinMain,0x401114
WolfTrap_Create,0x509f4c
WolfTrap_HandleMessage,0x509ad0
WolfTrap_PostLoadInit,0x5098c0
WolfTrap_Reset,0x50996e
WolfTrap_SetState,0x509c81
WolfTrap_SetVictimFrozen,0x509bf5
WolfTrap_Update,0x50998d
WolfTrap_vtbl,0x577058
Wolf_ApplyGravity,0x4891bb
Wolf_ApplyMove,0x48924c
Wolf_BushCommon,0x48c7c6
Wolf_CalcHeldObjWorldPos,0x490f98
Wolf_CanControl,0x48e030
Wolf_CanJump,0x491b58
Wolf_CanPutDownHeldObj,0x491091
Wolf_CanSwapItem,0x48f212
Wolf_CanUseInventory,0x48dfc5
Wolf_CheckActionButton,0x490ecf
Wolf_CheckFallOrSlide,0x48c279
Wolf_ClampDeltaToBox,0x488c86
Wolf_ClearActiveItem,0x4919fc
Wolf_ClearEffects,0x48e1b1
Wolf_ClimbBoxWalkStep,0x48af65
Wolf_ClimbStep,0x48a897
Wolf_Create,0x488a51
Wolf_DeathRiseStep,0x48bb95
Wolf_Die,0x48de74
Wolf_DoAction,0x490778
Wolf_DrawActionPrompt,0x4936ab
Wolf_DropCarried_snapUsesCarriedBody,0x4870a0
Wolf_DropHeld,0x486f11
Wolf_EnterState,0x48716f
Wolf_EquipItem,0x48f120
Wolf_FaceStickStep,0x48c3e9
Wolf_FaceTargetActionStep,0x48c3a4
Wolf_FaceTargetStep,0x48c358
Wolf_FallStateStep,0x48ce7d
Wolf_FallStep,0x48959f
Wolf_FallStepLandTo,0x48ce06
Wolf_FilterInput,0x48e090
Wolf_FindClimbBoxOnTarget,0x48dd48
Wolf_FlattenedGroundStep,0x48cd4e
Wolf_FootstepSound,0x48d512
Wolf_ForcedHeadingGroundStep,0x48a767
Wolf_ForcedHeadingGroundStepChecked,0x48c32d
Wolf_Fx0_Start,0x4912c7
Wolf_Fx0_Stop,0x491358
Wolf_Fx2Body_StartAtSurface,0x49138c
Wolf_Fx2Body_Stop,0x49145a
Wolf_Fx3or4_Start,0x491480
Wolf_Fx3or4_Stop,0x491532
Wolf_Fx5_Start,0x491566
Wolf_Fx5_Stop,0x491651
Wolf_Fx6_Start,0x4917a3
Wolf_Fx6_Stop,0x49181f
Wolf_Fx8_Start,0x4916ee
Wolf_Fx8_Stop,0x49176f
Wolf_FxGeneric_Start,0x491677
Wolf_FxGeneric_Stop,0x4916c8
Wolf_GetStickHeading,0x488be0
Wolf_GhostCostumeGroundStep,0x48c99c
Wolf_GhostCostumeSetIdle,0x48c963
Wolf_GroundCommon,0x48c431
Wolf_HandleMessage,0x484550
Wolf_HandleMessage_msg0_arg0,0x4846c4
Wolf_HeldObj_SendMsg15,0x491845
Wolf_HeldObj_SendMsg16,0x4918b8
Wolf_IdleAnimStep,0x48797d
Wolf_Init,0x48836f
Wolf_InitActionPromptStrings,0x493d18
Wolf_InitMoveConfig,0x4880f2
Wolf_IsActionAvailable,0x49054c
Wolf_IsFalling,0x491ad0
Wolf_JumpAscendStateStep,0x48cdaa
Wolf_JumpAscendStep,0x4894b4
Wolf_JumpVelocity,0x48920b
Wolf_LaunchArcStep,0x48bf28
Wolf_LeapStep,0x488e5a
Wolf_MashCounterStep,0x48d973
Wolf_ModelSet3GroundStep,0x48c8b5
Wolf_MoveResolve,0x4932ee
Wolf_MoveResolve_blockedAirTimeReset,0x4935af
Wolf_MoveStep,0x48928f
Wolf_MoveStepDirected,0x488f81
Wolf_MoveStepFixedFacing,0x489b24
Wolf_MoveStepGrounded,0x48c307
Wolf_MoveTowardPoint,0x4896e3
Wolf_MoveWithPlatform,0x48d0c7
Wolf_Msg74_Draw,0x48d74e
Wolf_NotifyAttached_6A,0x48dde9
Wolf_PlayLoopSound,0x48d438
Wolf_PushObjectStep,0x489e09
Wolf_QuickInventory,0x48f69a
Wolf_Render,0x486c1b
Wolf_Reset,0x487ea2
Wolf_ResetState,0x487bdf
Wolf_RestartNoAnim,0x48de3e
Wolf_RocketFlyStep,0x48a18f
Wolf_RunMove,0x48bc2d
Wolf_RunSound,0x48d6eb
Wolf_RunStep,0x48cf34
Wolf_RunTapCheck,0x48def7
Wolf_ScaleVec,0x48db86
Wolf_ScanContextActions,0x490286
Wolf_SetActiveItem,0x491960
Wolf_SetForwardVelocityMax,0x488dbb
Wolf_SetFrozenBy,0x48d3c0
Wolf_SetIdleState,0x48786d
Wolf_SetMode,0x4877e8
Wolf_SetScale,0x48daa8
Wolf_SetState,0x487716
Wolf_SetStateAnim,0x4875b9
Wolf_SetStateKeepAnim,0x4877cf
Wolf_SetStateKeepAnimStopSound,0x487762
Wolf_SetStateKeepSound,0x487783
Wolf_ShowProp,0x48d894
Wolf_SidestepHeldStep,0x48c654
Wolf_SidestepStep,0x489bb5
Wolf_SlowFallItemAscendStep,0x48ccbe
Wolf_SlowFallItemFallStep,0x48cc29
Wolf_SlowFallItemGroundStep,0x48cbac
Wolf_SnapHeadingToObject,0x48d9dd
Wolf_SneakStateStep,0x48c546
Wolf_SneakStepSound,0x48d627
Wolf_State2B_Step,0x48c2b9
Wolf_StateMachine,0x47d310
Wolf_StopLoopSound,0x48d49b
Wolf_StoreActiveItemInInventory,0x491a72
Wolf_StrafeAroundFocusStep,0x48ca9d
Wolf_StrafeFixedFacingStep,0x48c5af
Wolf_SurfaceVelocity,0x49303c
Wolf_SwapHeldItem,0x48f2a8
Wolf_SwimMove,0x48b04b
Wolf_SwimStateStep,0x48b90b
Wolf_TryStartPush,0x490f40
Wolf_Unfreeze,0x48d3ee
Wolf_Update,0x4833c0
Wolf_UpdateCamera,0x48f81e
Wolf_UpdateFallAnim,0x48dc18
Wolf_UpdateMoveLoopSound,0x48d4e1
Wolf_UpdateTrailFx,0x48e27f
Wolf_Update_CarrySync,0x483e38
Wolf_Update_WaterEntryDrop,0x483d9f
Wolf_UpdraftStep,0x48ba14
Wolf_WaterFloatUpStep,0x48b352
Wolf_WaterSinkStep,0x48b664
Wolf_vtbl,0x5758f8
Wolf_vtbl_2,0x5758f8
WoodenLift_CarryObjects,0x50adec
WoodenLift_Create,0x50b1b1
WoodenLift_HandleMessage,0x50b109
WoodenLift_IsDriverInBoxXZ,0x50a54a
WoodenLift_Move,0x50a8f0
WoodenLift_PostLoadInit,0x509fc0
WoodenLift_Reset,0x50a676
WoodenLift_Update,0x50a6bf
WoodenLift_UpdateBoxes,0x50a1e9
WoodenLift_vtbl,0x57707c
WoodenPlatForm_CarryObjects,0x50b505
WoodenPlatForm_Create,0x50b8bd
WoodenPlatForm_GetLoad,0x50b5f4
WoodenPlatForm_HandleMessage,0x50b85f
WoodenPlatForm_MoveTowards,0x50b377
WoodenPlatForm_PostLoadInit,0x50b220
WoodenPlatForm_Update,0x50b329
WoodenPlatForm_vtbl,0x5770a0
WorldObj_CalcMeshAabb,0x55c0e0
WorldObj_CreateFromResource,0x55b510
WorldObj_DrawAnimated,0x55da1e
WorldObj_DrawHidden,0x55d0fa
WorldObj_DrawSky,0x55cc28
WorldObj_DrawStatic,0x55d119
WorldObj_DrawStatic0B,0x55d200
WorldObj_Free,0x55b736
WorldQuadSprite,0x5208bb
World_GroundYRay,0x50f54a
Zone_GetFlowHeading,0x5113fa
Zone_GetFlowVelocity,0x5112d6
Zones_ResolveGlobalLists,0x50d792
_GUID_SysKeyboard,0x577648
_GUID_SysMouse,0x577658
_IID_IDirect3D7,0x577728
_IID_IDirect3DHALDevice,0x577718
_IID_IDirect3DTnLHalDevice,0x577708
_IID_IDirectDraw7,0x577738
_IID_IDirectInput8A,0x5776f8
_alldiv,0x566860
_allmul,0x566910
_atan2,0x567920
_chkstk,0x566330
_fcloseall,0x56d44c
_ftol,0x565d1c
_iob,0x5818e0
_isnan,0x567967
_itoa,0x573706
_msize,0x568665
_purecall,0x567340
_rand,0x567b7f
_setjmp3,0x568570
_spawnv,0x565bbe
abs,0x566d35
atan,0x566e14
atexit,0x565e26
balance_Create,0x49587d
balance_HandleMessage,0x49586e
balance_Init,0x495550
balance_Update,0x4956e6
balance_vtbl,0x5759c8
bipbip_Create,0x499d80
bipbip_HandleMessage,0x499d71
bipbip_PostLoadInit,0x499300
bipbip_Render,0x499a18
bipbip_Reset,0x4995c2
bipbip_Update,0x49971f
bipbip_vtbl,0x575a7c
box_BuildRecord,0x49d27d
box_Create,0x49d1f0
box_HandleMessage,0x49d19d
box_Init,0x49ce30
box_Reset,0x49cf49
box_Update,0x49cf61
box_vtbl,0x575b0c
bridge_Collapse,0x49dce5
bridge_CountWolfAndSheep,0x49db10
bridge_Create,0x49dfb9
bridge_HandleMessage,0x49df90
bridge_Init,0x49d310
bridge_PushObjectsDown,0x49ddd0
bridge_Reset,0x49df07
bridge_StartSnapCamera,0x49d95c
bridge_Update,0x49d4a8
bridge_vtbl,0x575b30
bull_Create,0x431c79
bull_HandleMessage,0x431a41
bull_Init,0x42ec60
bull_Render,0x42efe8
bull_Reset,0x42ef72
bull_SetState,0x42f029
bull_TargetScoreCB,0x42f8de
bull_Update,0x42f903
bull_vtbl,0x574c60
c_dfDIJoystick,0x5775f0
c_dfDIKeyboard,0x577608
c_dfDIMouse,0x577620
close,0x568469
cos,0x566424
div,0x568549
elastic_AddWolfRider,0x4b5a28
elastic_AimCamera,0x4b66c5
elastic_ApplyTension,0x4b5e8f
elastic_BuildBandFrame,0x4b5c3b
elastic_Create,0x4b59c1
elastic_HandleMessage,0x4b6e42
elastic_Init,0x4b80f1
elastic_LaunchTargetScoreCB,0x4b6de9
elastic_ProjectOntoBand,0x4b85d7
elastic_RemoveWolfRider,0x4b5a63
elastic_Render,0x4b80bc
elastic_RenderBand,0x4b8e7a
elastic_Reset,0x4b5b5b
elastic_ResetToItem,0x4b5a9e
elastic_SetBandMode,0x4b8991
elastic_SetWolfFrozen,0x4b67fe
elastic_SetupLaunch,0x4b61da
elastic_StartPullUp,0x4b65a3
elastic_StartVibration,0x4b638a
elastic_StepLaunch,0x4b62aa
elastic_StepPullUp,0x4b6608
elastic_StepVibration,0x4b645a
elastic_TrackWolfCrossing,0x4b5d4c
elastic_Update,0x4b6886
elastic_UpdateBandMesh,0x4b8b6b
elastic_UpdateTensionColour,0x4b6132
elastic_vtbl,0x575f34
exit,0x56597b
exp,0x566ea0
fabs,0x5664be
fclose,0x565c5b
floor,0x567aa3
fmod,0x567a30
fopen,0x565d09
fprintf,0x567652
fread,0x5670f0
free,0x566c4c
fseek,0x566eb4
ftell,0x566f6d
fwrite,0x567207
g_2dLayerDivisor,0x577140
g_aabbEdgePairs,0x57ead0
g_actionPromptTimer,0x6cf434
g_actionPromptTimer2,0x6cf43c
g_actionPromptWidth,0x6cf438
g_animDt,0x6ddf5c
g_animNameTable,0x585050
g_animPartMatrices,0x6e38d0
g_animSpriteCrayon1,0x6de220
g_array_5c9248,0x5c9248
g_attachLinkCount,0x6e4a08
g_attachLinkPool,0x6e49e0
g_attachLinkStorage,0x6e4620
g_beachOrangeBoxes,0x6cf064
g_beachOrangeZoneList,0x6cf064
g_beesLeftFirstHive,0x6cf44c
g_bindActionShown,0x57c148
g_bindCamLeftShown,0x57c14f
g_bindCamRightShown,0x57c150
g_bindDownShown,0x57c146
g_bindJumpShown,0x57c149
g_bindLeftShown,0x57c147
g_bindQuickInvShown,0x57c14c
g_bindRightShown,0x57c145
g_bindRunShown,0x57c14b
g_bindSneakShown,0x57c14d
g_bindUpShown,0x57c144
g_bindViewMapShown,0x57c14e
g_bindWolfEyeShown,0x57c14a
g_bipbipRenderStorage,0x6cf450
g_bipbipRunStartPos,0x6cf458
g_bipbipVb,0x6cf454
g_bipbipVbXf,0x6cf450
g_bonusCategoryStrings,0x6cf560
g_bonusEntries,0x57b298
g_bonusFooterInitial,0x6cf5f0
g_bonusPath,0x6cf460
g_bonusUiBuf,0x6cf570
g_camAimOffset,0x6e435e
g_camAimOffsetVel,0x6e4368
g_camAimState,0x6e435c
g_camAutoPitchRate,0x6e43c8
g_camAutoRollRate,0x6e43d0
g_camAutoYawGain,0x6e45fa
g_camAutoYawRate,0x6e43cc
g_camBlockPosNeg,0x6e440c
g_camBlockPosPos,0x6e4412
g_camBlockedCountA,0x6e43f1
g_camBlockedCountB,0x6e4420
g_camChaseBox,0x6e45c0
g_camChaseEyeVert,0x6e45b6
g_camChaseHyst,0x6e4614
g_camChaseTarget2,0x6e45b0
g_camDebugMode,0x6ddf79
g_camDist,0x584d26
g_camDistVel,0x6e436c
g_camEaseCurve,0x57e7a0
g_camEyeBoxMax,0x6e45f0
g_camEyeBoxMin,0x6e45e8
g_camFlags,0x6e4384
g_camFlags2,0x6e4388
g_camFocal,0x6e435c
g_camFrameCounter,0x6e43f0
g_camHitFrames,0x6e43de
g_camLastHitTarget,0x6e43d8
g_camLedgeLookState,0x6e4382
g_camLookTime,0x6e441c
g_camLosClearTime,0x6e4418
g_camMgrPropOffsets,0x57b398
g_camMinPitch,0x6e45f8
g_camMode,0x6e4383
g_camModeDefaults,0x57e8a0
g_camModeParams,0x6e4428
g_camPitch,0x584d28
g_camPitchAdjState,0x6e43d7
g_camPitchAdjTimerMs,0x6e43ee
g_camPitchVel,0x6e4350
g_camPos,0x584d20
g_camPreScriptDist,0x6e43c4
g_camPreScriptEye,0x6e43b6
g_camPreScriptFocal,0x6e43bc
g_camPreScriptRot,0x6e43be
g_camProbeFrame,0x6e43df
g_camProbeStartEye,0x6e43e6
g_camProbeStartTargetVert,0x6e43e0
g_camProbeState,0x6e43e4
g_camProbeYaw,0x6e43e2
g_camProbeYawOffset,0x6e43e4
g_camReqAimOffset,0x6e45a8
g_camReqDist,0x6e45ae
g_camReqFlags,0x6e45be
g_camReqFocal,0x6e459e
g_camReqRot,0x6e45b8
g_camReqSpeedFactor,0x6e45a6
g_camReqTarget,0x6e45a0
g_camReqVel,0x6e4598
g_camResetPositions,0x6e4400
g_camRestriction,0x6e4594
g_camRollVel,0x6e4358
g_camSamPush,0x6e43f8
g_camSamPushTimerMs,0x6e43fa
g_camScriptBlendTime,0x6e4394
g_camScriptEye,0x6e4398
g_camScriptFlags,0x6e438c
g_camScriptFocal,0x6e43a4
g_camScriptOwner,0x6e4374
g_camScriptPrevEye,0x6e43a6
g_camScriptPrevFocal,0x6e43b4
g_camScriptPrevRot,0x6e43ae
g_camScriptReturnMode,0x6e43ac
g_camScriptRot,0x6e439e
g_camScriptStartTime,0x6e4390
g_camScriptState,0x6e4398
g_camSettings,0x6e45e4
g_camSettingsBackup,0x6e45fc
g_camSettingsInit,0x6e461a
g_camShakeAmplitude,0x6e4380
g_camShakeDuration,0x6e4378
g_camShakeElapsed,0x6e437c
g_camStateFlags,0x6e43f4
g_camTrajSegment,0x6e4364
g_camTrajectory,0x6e4370
g_camTurnState,0x6e43d6
g_camTurnTimerMs,0x6e43ec
g_camUnderwaterSnd,0x6e4424
g_camUnref_6e4422,0x6e4422
g_camUnref_6e45f6,0x6e45f6
g_camUnused43fc,0x6e43fc
g_camUnusedResetPos,0x6e4406
g_camYaw,0x584d2a
g_camYawVel,0x6e4354
g_camZoomOut,0x6e43d4
g_camera,0x584c50
g_cannonMaskQuads,0x6de180
g_cannonOriginX,0x6de100
g_cannonOriginY,0x6de102
g_cannonTileH,0x6de128
g_cannonTileW,0x6de12a
g_cardBlockState,0x6e37a0
g_cardBlocks,0x6e37a4
g_catapultLiftDelta,0x6cf5f4
g_cheatLevelSkip,0x6d830c
g_cheatLevelSkipProgress,0x6d8308
g_cheatMysteryFlag,0x6d8304
g_cheatMysteryProgress,0x6d8300
g_cheatSeqLevelSkip,0x57bc5c
g_cheatSeqMystery,0x57bc50
g_cheatSeqTimer,0x6d82fc
g_cineMgrPropOffsets,0x57b470
g_cineObjectCount,0x585034
g_cineObjects,0x585060
g_cineOpStride,0x5816fc
g_cineOpStride2,0x581738
g_cineOpStride3,0x581744
g_cineOpStride_57ecd4,0x57ecd4
g_cineOpStride_581714,0x581714
g_cineOpStride_581720,0x581720
g_cineOpStride_58172c,0x58172c
g_cineOpStride_581750,0x581750
g_cinePlayer,0x71c438
g_clipTriBuffer,0x6d5668
g_cntOutlineEdgeKeys,0x5c9220
g_collCellSizeX,0x6d51f0
g_collCellSizeZ,0x6d51f4
g_collGrid,0x6d5204
g_collGridNX,0x6d5200
g_collGridNZ,0x6d5202
g_collGridOriginX,0x6d51d4
g_collGridOriginZ,0x6d51d0
g_collMergeCount,0x6d51d8
g_collMergeDst,0x6d51cc
g_collMergeOverflowed,0x6d51dc
g_collMergeResult,0x6d51f8
g_collMergeSrc,0x6d51fc
g_collNoStaticZoneCount,0x6d51e4
g_collNoStaticZones,0x6d51e0
g_collSegTriVerts,0x6d5856
g_collStaticBoxCount,0x6d51ec
g_collStaticBoxes,0x6d51e8
g_completion,0x6cfbf0
g_confirmChoice,0x57c13c
g_confirmPage,0x6de160
g_confirmPageRecord,0x6de104
g_confirmPending,0x6def9c
g_contactClass,0x6d5486
g_countdownMs,0x6d8310
g_cpuHz,0x5c7aa8
g_cpuHzCalibDivisor,0x574348
g_crc32Table,0x5771d0
g_creditsDstVB,0x6cf600
g_creditsSrcVB,0x6cf5fc
g_ctzNibble,0x57e6e0
g_cullPlaneDist,0x584d1c
g_cullPlaneNormal,0x584c5c
g_curMenu,0x6e38b0
g_d2dScratchPoly,0x6d6fb0
g_daffy01ChoiceHandlers,0x57a6bc
g_daffy01VoicePropOffsets,0x57a6b0
g_daffy02AnswerHandlers,0x57a6dc
g_daffyElfAnswerVoices,0x6cc860
g_daffyElfChoiceHandlers,0x57a698
g_daffyMilitaryAnswerHandlers,0x57a70c
g_daffyMilitaryAnswerVoices,0x57a700
g_davTexturePath,0x5cc648
g_deathBoxCount,0x6d0c64
g_deathBoxes,0x6d0c60
g_defusableMineRingFxParams,0x57b6f0
g_defuseBeatLightSprite,0x6cf698
g_defuseButtonTable,0x576648
g_defuseGlyphSprite,0x6cf688
g_defusePadSprites,0x6cf6c8
g_defusePanelSprite,0x6cf6a8
g_defusePanelTopSprite,0x6cf6b8
g_dgCarryA,0x6cc8b0
g_dgCarryB,0x6cc8b8
g_dgCarryLeg,0x6cc8e0
g_dgCarryOrbitAngle,0x6cc8d8
g_dgCarryPos,0x6cc8a8
g_dgDancerCount,0x6cc8dc
g_dgDefaultPos,0x6cc8a0
g_dgFailedLines,0x6cc87c
g_dgFailedVoices,0x6cc890
g_dgFollowerHeading,0x6cc8d6
g_dgFollowerStep,0x6cc8c8
g_dgFollowerVelocity,0x6cc8c0
g_dgMetronomeLatch,0x6cf60c
g_dgMonolitheFound,0x6cc8e4
g_dgMonolithePos,0x6cc8d0
g_dgMonolithePosZ,0x6cc8d4
g_dgStepDefaultPos,0x6cf604
g_dgTokenInitial,0x6cf60a
g_dgTrajectory,0x6cc8e8
g_dialogueCurText,0x6ddfb0
g_dialogueMorePages,0x6ddfb4
g_dialogueShownFlags,0x6ddfb5
g_dirBonusGame,0x6d5328
g_dirReference,0x6d6cb8
g_double_one,0x5742f8
g_double_two,0x5743a8
g_double_zero,0x5742f0
g_draw2dImmTexCorners,0x6d6f50
g_draw2dImmVerts,0x6d6f08
g_dt,0x71b300
g_dtMs,0x71b2e8
g_dtRaw,0x71b2cc
g_dtRawMs,0x71b2d8
g_dynamiteFuseFxParams,0x57b638
g_dynamiteStates,0x57b61c
g_emptyActionPrompt,0x6cf440
g_emptyHeldPrompt,0x6cf442
g_emptyLevelLabel,0x6cf610
g_emptyNames,0x6d0c94
g_emptyPromptStrings,0x6cf441
g_emptySneakPrompt,0x6cf444
g_emptyString,0x6de32e
g_emptyStrings,0x6d0c94
g_emptyViewPrompt,0x6cf443
g_enumDeviceCount,0x585090
g_enumDevices,0x585098
g_enumJoystickCount,0x585091
g_enumJoysticks,0x5c6ea8
g_enumSoundDeviceCount,0x5c7a98
g_enumSoundDevices,0x5c7638
g_fElasticBandDrop,0x575f58
g_fPanScaleCb,0x574498
g_fVolumeScaleCb,0x574494
g_fadeTimer,0x6ddf70
g_fallingGateAnims,0x57b658
g_fallingGateModelIds,0x57b64c
g_fanStateAnims,0x576010
g_fileBaseDir,0x6ddab4
g_fileBytesRead,0x57bc80
g_fileLastSize,0x57bc7c
g_filePath,0x6dd9b0
g_fireBallFlamePoly,0x6cf618
g_fishingLinePoly,0x6cf63c
g_float_0_01,0x575d28
g_float_1_over_255,0x5775e8
g_float_2,0x574320
g_float_255,0x5743b4
g_float_one,0x5742dc
g_flockInOrangeBits,0x6ceff0
g_flockInZoneMask,0x6ceff0
g_flockIncomplete,0x6cf094
g_flockReserveTargets,0x6cf080
g_flockReservedCount,0x6cf27d
g_flockReservedTargets,0x6cf080
g_flockScentCount,0x6ceff8
g_flockScentSeenTime,0x6ceff4
g_flockScentSources,0x6cefd8
g_flockSheepMissing,0x6cf094
g_fluteNoteFxParams,0x57618c
g_fmtAnimNotFound,0x57e770
g_fmvListCredits,0x71b318
g_fmvListIntro,0x71bb20
g_fogExpDivisor,0x5743b8
g_fogLinearDivisor,0x5743c0
g_fogPauseColor,0x57c038
g_fonts,0x6ddab8
g_frameCount,0x71b2c8
g_frameCount2,0x71b308
g_framesThisSecond,0x71b2fc
g_gameFlags,0x6ddf74
g_gameTime,0x71b2d0
g_gameTimeMs,0x71b2d4
g_geyserInBusy,0x6cf65c
g_geyserWobblePhase,0x6cf660
g_ghostAtPost,0x6ccd14
g_ghostCostumeCarry,0x6cccf4
g_ghostGrabHandle,0x6cccfc
g_ghostGrabOwner,0x6cccf8
g_ghostGraphStorage,0x6cc8f0
g_ghostNodeCount,0x6ccce8
g_ghostNodeCountCopy,0x6cc8f0
g_ghostNodes,0x6cc8f8
g_ghostSheepTaken,0x6ccd10
g_ghostSpareFlag,0x6cccf0
g_glyphVariantFwd,0x57bd80
g_glyphVariantRev,0x57be60
g_gravityBoxes,0x6d0c80
g_groundMineFuseFxParams,0x57b6dc
g_guidSysKeyboard,0x577648
g_guidSysMouse,0x577658
g_hGameWindow,0x6d6eb8
g_hInstance,0x6d5218
g_hSeekMutex,0x71ce30
g_hStreamLoaderThread,0x71ce2c
g_hasCannonMask,0x6de174
g_hasTelescopeMask,0x6de14c
g_hexDigits,0x57bcd0
g_holeFX,0x6d4138
g_honeyPotSamInHoney,0x6cf668
g_iceBoxes,0x6d0c68
g_iceCubeHalfHeight,0x6cf66e
g_iceCubeHeight,0x6cf66c
g_iceCubeMeltDuration,0x6cf674
g_iceCubeSplashBody,0x6cfa78
g_iceCubeSplashRecord,0x6cfa60
g_iceCubeTop,0x6cf670
g_idListBlob,0x71af5c
g_idListCount,0x71af60
g_inflatableSheepRippleFxParams,0x57b6b0
g_inflatableSheepStateTable,0x57b678
g_inputMap,0x57eb78
g_inputMapAux,0x57eb98
g_inputMgr,0x6d6780
g_inputMode,0x719620
g_inputUnref_71970c,0x71970c
g_introDir,0x6d6578
g_invAllCommitted,0x6cfc72
g_invFlyDir,0x6cfc2c
g_invMailboxCount,0x6cfc50
g_invMailboxes,0x6cfc54
g_invSelClass,0x6cfc28
g_invSelectedClass,0x6cfc28
g_invSpare_6cfc2a,0x6cfc2a
g_invUnused6cfc4a,0x6cfc4a
g_invUnused_6cfc4e,0x6cfc4e
g_invWheelAngle,0x6cfc6e
g_invWheelSide,0x6cfc6c
g_invWheelSlide,0x6cfc70
g_invWheelSlideY,0x6cfc70
g_invWheelTurn,0x6cfc6c
g_inventoryAllCommit,0x6cfc72
g_inventoryLists,0x6cfc78
g_inventoryMailboxTable,0x6cfc54
g_inventoryWheelYaw,0x6cfc6e
g_itemFlightTime,0x6cfc4c
g_itemFlightViewOffset,0x6cfc3c
g_itemFlyCamOffset,0x6cfc3c
g_itemFlyCur,0x6cfc44
g_itemFlyFrom,0x6cfc34
g_itemFlyMode,0x6cfc2c
g_itemFlyObj,0x6cfc30
g_itemFlyObject,0x6cfc30
g_itemFlyPos,0x6cfc44
g_itemFlyStart,0x6cfc34
g_itemFlyT,0x6cfc4c
g_itemPromptValue,0x57b26e
g_langMask,0x57910a
g_languageWheelNames,0x57b744
g_languageWheelToLanguage,0x57b754
g_laserWolfBox,0x6cf678
g_launcherButtonBitmaps,0x584fe0
g_launcherEmptyText,0x585065
g_launcherInputMode,0x57910d
g_launcherLogFont,0x584f30
g_launcherSetup,0x584f70
g_launcherSetupLoaded,0x585064
g_lerpColorTarget,0x6d6fd0
g_lerpVecTarget,0x6d6fd4
g_letterboxState,0x6ddf78
g_letterboxTimer,0x6de32c
g_level,0x6cfc1e
g_levelDav,0x584fc0
g_levelExitFlags,0x57b838
g_levelHeapBlock,0x6d0c90
g_levelHeapStorage,0x6d0c90
g_levelLabels,0x57b5c8
g_levelMusicClip,0x581760
g_levelPathFmt,0x6d6bb8
g_lightSpotBeamFace,0x6cfadc
g_lightSpotPoly,0x6cfadc
g_lightSpotSamBoxCount,0x6cfb00
g_lightSpotSamBoxes,0x6cfafc
g_lightSpotTexA,0x6cfb1c
g_lightSpotTexB,0x6cfb04
g_lightSpotUnknownArea,0x6cfb34
g_lightSpotVb,0x6cfb48
g_lightSpotVbXf,0x6cfb4c
g_lightSpotXyzVb,0x6cfb48
g_limiterElapsedSec,0x5c7628
g_limiterTimer,0x585068
g_listNodeHeap,0x6defa8
g_log2Nibble,0x57e6d0
g_map,0x6de578
g_mapFooterDefault,0x6de99c
g_matUnk6d5428,0x6d5428
g_maxFps,0x579110
g_maxImmediateTriangles,0x6d6678
g_mcardActiveMode,0x6e368a
g_mcardBss_6e38ac,0x6e38ac
g_mcardChooserVariant,0x6e368c
g_mcardDelayMs,0x6e367c
g_mcardFade,0x6e3694
g_mcardFileName,0x6e3670
g_mcardFreeBlocks,0x6e3688
g_mcardIconFrame,0x577184
g_mcardIconGroup,0x577170
g_mcardIconGroups,0x6e3674
g_mcardIconH1,0x6e3682
g_mcardIconReserved,0x6e3684
g_mcardIconW1,0x6e3680
g_mcardImageCached,0x6e38a1
g_mcardMode,0x6e38a2
g_mcardNavSkipState,0x6e368b
g_mcardPhase,0x6e38a0
g_mcardRectBody,0x57c8d8
g_mcardRectChoiceLeft,0x57c8e0
g_mcardRectChoiceRight,0x6e38a4
g_mcardRectChoiceWide,0x57c8e8
g_mcardRectFooter,0x57c8f0
g_mcardResult,0x6e3690
g_mcardScreen,0x6e389c
g_mcardSlotNav,0x57c8f8
g_mcardState,0x6e368d
g_mcardStrings,0x57e298
g_menuCapacity,0x6e38b6
g_menuCapture,0x6e38c0
g_menuCapturePrev,0x6e38c1
g_menuCurPage,0x6e38bc
g_menuCursor,0x6e38b8
g_menuCursorRow,0x6e38c2
g_menuCursors,0x6deb58
g_menuFlags,0x6e38c4
g_menuFooterStyle,0x6dec86
g_menuFooterStylePrev,0x6dec87
g_menuFooterText,0x6de058
g_menuItemCount,0x6e38b4
g_menuLastCursor,0x6e38ba
g_menuPages,0x6e38c8
g_menuPrevPage,0x6e38be
g_mineDetectorGaugeSprite,0x6cf708
g_mineDetectorIconSprite,0x6cf718
g_minusTwo,0x577164
g_mirrorPlaneVert2x,0x6d6fea
g_mirrorRenderFlag,0x6d6fe4
g_mirrorRenderOn,0x6d6fe8
g_msgBoxAlign,0x6ded18
g_msgBoxFrame,0x6ded20
g_msgBoxRect,0x6ded10
g_msgBoxText,0x6dec90
g_musicsPath,0x6d5220
g_navGraphNodeCount,0x6d411a
g_nextLevel,0x6cfc1f
g_numPiranhasAttacking,0x6cf818
g_objGridCells,0x6d5130
g_objGridDimX,0x6d512a
g_objGridDimZ,0x6d512c
g_objGridOriginX,0x6d5124
g_objGridOriginZ,0x6d5126
g_objGridOverflowList,0x6d5134
g_objGridShift,0x6d5128
g_onOffNames,0x6de9a0
g_optLanguageOrDifficulty,0x6de9b8
g_outlineEdgeKeys,0x5c7ab0
g_pCheckpointSheep,0x6cf250
g_pCosTable,0x5814e4
g_pCurFont,0x57bd9c
g_pD3DAppMain,0x6d6568
g_pDaffyElf,0x6cc868
g_pDaffyLevel01,0x6cc86c
g_pDaffyLevel02,0x6cc870
g_pDaffyMilitary,0x6cc874
g_pDav,0x6ddf6c
g_pDoorOpenRequester,0x6cf614
g_pEnumDirectInput,0x585094
g_pEnumJoystickDevice,0x5c7a9c
g_pFireBall,0x6cf638
g_pFlockSam,0x6cf1fc
g_pFrozenRiver,0x6cefd4
g_pFrozenRiverInst,0x6cefd4
g_pGetUiString,0x6e3898
g_pGhostHalo,0x6cf664
g_pMapLocation,0x6de368
g_pMenuNoiseTexture,0x6def88
g_pPolyBin,0x6d6ec0
g_pPorkyLevel01,0x6cccec
g_pProgress,0x57b80c
g_pRocket,0x6cfa2c
g_pSheepFxOwner,0x6cf278
g_pSheepOutOfZone,0x6cf264
g_pSndFile,0x6e3650
g_pSoundSystem,0x6d5320
g_pStreamPlayer,0x71cdb8
g_pTextScratch,0x57bce0
g_pTimer,0x71b2e4
g_pVBScratchTL,0x6d5214
g_pVBScratchTLTex,0x6d520c
g_pVBScratchXYZ,0x6d5210
g_pVertexBufSrc,0x6d82d4
g_pVertexBufXf,0x6d82d8
g_pVideoPrimarySurface,0x6cc85c
g_pViewFrustum,0x6d6ebc
g_pWarCollMap,0x585048
g_pWarCollTris,0x58504c
g_pWarObjGrid,0x6d5138
g_pWolf,0x6cf310
g_pZeroVec3s,0x5814ec
g_pZeroVec_5814e8,0x5814e8
g_pZeroVec_5814f0,0x5814f0
g_packJpeg,0x7195d8
g_packJpegOpen,0x719618
g_packJpegPixels,0x719608
g_packJpegTextures,0x7195f8
g_pad,0x719628
g_pad2,0x719698
g_padCurButtons,0x719654
g_padMasks,0x57eb80
g_padMenuCur,0x71965a
g_padMenuPrev,0x71965c
g_padMenuRepeat,0x719668
g_padPrevButtons,0x71964c
g_padRawSnapshot,0x719704
g_padRec,0x719728
g_padRecDataLen,0x719738
g_padRecData_719750,0x719750
g_padRecGameTimeMs,0x71973c
g_padRepeatDelay,0x719622
g_padTail_71968c,0x71968c
g_padTail_7196fc,0x7196fc
g_particlePoly,0x6d82b4
g_pathDemoDir,0x6d6ab8
g_pathEnding,0x6d69b8
g_pathFendDir,0x6d6db8
g_pathScene,0x6d6468
g_pathWheelDir,0x6d6680
g_pauseBoxRect,0x6dec48
g_pauseBss_6def98,0x6def98
g_pauseCfg,0x6de9b4
g_pauseExitRequested,0x6dec8c
g_pauseFlag89,0x6dec89
g_pauseFlag8b,0x6dec8b
g_pauseFlag8e,0x6dec8e
g_pauseFlag8f,0x6dec8f
g_pauseMenu,0x57c128
g_pauseMenuItems,0x6dedf8
g_pauseRebinding,0x6dec88
g_pauseRestartRequested,0x6dec8d
g_pauseResumeIndex,0x6dec84
g_pauseSlidersShown,0x6dec8a
g_pauseTextRect,0x6dec50
g_pauseViewDistance,0x6dec82
g_pausedMenu,0x57c154
g_pausedMenuItems,0x6de9c0
g_perfumeScentFxParams,0x576798
g_piranhaAttackCount,0x6cf818
g_piranhaBubbleFx,0x6cf728
g_piranhaBubbleFxParams,0x6cf8e0
g_piranhaBubbleSpawnReq,0x6cf81c
g_piranhaBubbleSpawnRequest,0x6cf81c
g_piranhaBubblesShared,0x6cf728
g_piranhaFxOwner,0x6cf828
g_piranhaFxPos,0x6cf820
g_piranhaRingFx,0x6cf830
g_piranhaRingFxParams,0x6cf8cc
g_piranhaRingSpawnReq,0x6cf814
g_porkyLevel01AnswerVoices,0x57a848
g_porkyLevel01ChoiceHandlers,0x57a854
g_prayingGhostCount,0x6ccd24
g_prayingGhosts,0x6ccd00
g_printsBoxes,0x6d0c78
g_progressPauseCopy,0x6dec58
g_projDepthBias,0x6d6ef0
g_projDepthScale,0x6d6f00
g_projFocalScale,0x6d7068
g_projMatrix,0x6d6ec8
g_promptActive,0x6de334
g_promptBox,0x6de338
g_promptLineCount,0x6de354
g_promptMaxLineWidth,0x6de350
g_promptResult,0x6de358
g_promptSender,0x6de35c
g_queuedLevel,0x5c7b32
g_quitCfg,0x6dede8
g_quitChoice,0x57c140
g_quitPending,0x6defa0
g_raftWakeCornerSigns,0x576864
g_raftWakeFxParams,0x57686c
g_randAcc,0x71b310
g_randIndex,0x71b30c
g_randTable,0x5814f8
g_rawTime,0x71b2dc
g_rawTimeMs,0x71b304
g_rebindCooldown,0x6dede4
g_rectChoiceLeft,0x57c064
g_rectChoiceRight,0x6de360
g_rectChoiceWide,0x57c06c
g_rectDialogBody,0x57c05c
g_rectFooter,0x57c074
g_regProgressKey,0x6d6fd8
g_renderWorldFlag,0x71b2f8
g_resCannonMask,0x6de144
g_resTelescopeMaskInner,0x6de0e4
g_resTelescopeMaskOuter,0x6de0e0
g_resizerCandidateCount,0x6cf9f8
g_resizerCandidates,0x6cf8f8
g_robotDashMoveRec,0x57a914
g_robotDashSmokeParams,0x57a970
g_robotIdleBase,0x57a96c
g_robotIdleVariants,0x57a960
g_robotMoveRec2_unused,0x57a930
g_robotStateTable,0x57a880
g_robotSurfaceTuning,0x57a94c
g_robotWalkMoveRec,0x57a8f8
g_rocketCarryOffset,0x576958
g_rocketDamageIconSprite,0x6cfa1c
g_rocketFuelIconSprite,0x6cf9fc
g_rocketGaugeSprite,0x6cfa0c
g_rocketStateAnims,0x576960
g_rollingCarpetBeltBackup,0x6cfa30
g_rollingCarpetBeltReady,0x6cfa4c
g_rollingCarpetBeltScroll,0x6cfa34
g_rumbleSeqFallingRock,0x57ebb8
g_rumbleSeqImpact,0x57ebb0
g_rumbleSeqKill,0x57eba8
g_samAnimTable,0x57a994
g_samAnimTableCarryOne,0x57a9c8
g_samAnimTableCarryTwo,0x57a9fc
g_samFadeAmount,0x6ccd28
g_samFadeEnabled,0x6ccd2c
g_samNavNodeCount,0x6d411a
g_samNavNodeCountBuild,0x6d4118
g_samNavNodes,0x6d0c98
g_samOrangeBoxes,0x6cf258
g_samPirateBoatIdleAnims,0x57ab24
g_samPirateJailIdleAnims,0x57ab2c
g_samWolfCanBeHitZoneBoxes,0x6ccd30
g_samWolfCanBeHitZoneCount,0x6ccd34
g_samZoneColors,0x57aa30
g_saveCardHeader,0x6e3698
g_saveIconBitmap,0x6e3718
g_saveIconClut,0x6e36f8
g_saveImageCrc,0x6e3854
g_saveImageStatus,0x6e379c
g_saveImageTimestamp,0x6e3798
g_saveLastSlot,0x6e379e
g_saveTitleSjis,0x6e369c
g_savedRemap,0x71972a
g_scenaricClassRegistry,0x6cffd8
g_scenaricHeap,0x6cff98
g_scenaricLevelHeap,0x6cff98
g_sceneWheelAngle,0x6cfa50
g_scnActive,0x585058
g_scnActiveBaseCount,0x58502e
g_scnActiveCapacity,0x585036
g_scnActiveHigh,0x585032
g_scnObjectCount,0x585030
g_scnObjects,0x58505c
g_scratch32k,0x6defe8
g_scratchPoly,0x5c9224
g_screen,0x6d6fe0
g_screenH,0x6d6ff6
g_screenLayerBase,0x585044
g_screenLayerBase0,0x585040
g_screenRect,0x6de130
g_screenW,0x6d6ff4
g_scrollTextFlags,0x6ddf10
g_selectMenuState,0x6de5d5
g_settingNames,0x6def8c
g_sfxVolume,0x71cdb0
g_shadowBoxCount,0x6d0c8c
g_shadowBoxes,0x6d0c88
g_shadowPoly,0x6cef28
g_shadowSprite,0x6cde1c
g_shadowVB,0x6cef48
g_shadowVBTL,0x6cef4c
g_sharedScratch,0x6d5468
g_sheepAltModelIds,0x57ab4c
g_sheepBubbleEmit,0x6cf098
g_sheepBubbleEmitter,0x6cf098
g_sheepBubbleParams,0x57ab38
g_sheepCarryOffset,0x575074
g_sheepCount,0x6cf27c
g_sheepIceBlock,0x6cf000
g_sheepIceBlockPresent,0x6cf260
g_sheepIceBlockRecord,0x6cf06c
g_sheepIceCubeBody,0x6cf000
g_sheepIdleVariants,0x57ac64
g_sheepMask,0x6cf268
g_sheepMovedMask,0x6cf254
g_sheepRepelBoxes,0x6cf26c
g_sheepSplash,0x6cef70
g_sheepSplashPresent,0x6cf274
g_sheepSplashSynthRec,0x6cef58
g_sheepStateTable,0x57ab50
g_sheepTable,0x6cf200
g_sideHeadingTable,0x575930
g_signPostReadCount,0x6cfa5c
g_sinTable4096,0x57ece0
g_skyVertCount,0x6e4a10
g_skyVerts,0x6e4a18
g_skyVtxDrawn,0x6e4a10
g_slideBoxes,0x6d0c70
g_smallRockCarryOffset,0x576c88
g_sndBankCount,0x6e3654
g_sndBankEntries,0x6deff0
g_sndBankWaves,0x6dfbf0
g_sndFarDist,0x6e365c
g_sndFarGain,0x6e3664
g_sndGainSlope,0x6e3668
g_sndNearDist,0x6e3658
g_sndNearGain,0x6e3660
g_sndWaveBank,0x6dfbf0
g_soundChannels,0x6e2ff0
g_soundModeNames,0x6de9a8
g_splashCountA,0x6cde2c
g_splashCountB,0x6cde18
g_splashFrontCount,0x6cde2c
g_splashFrontVertices,0x6cde48
g_splashSpareBlock,0x6cde30
g_splashVb,0x6cef50
g_splashVbXf,0x6cef54
g_splashVertsA,0x6cde48
g_splashVertsB,0x6ccd38
g_splashVertsRear,0x6ccd38
g_spriteCrayon2,0x6de0f0
g_spritePoly,0x6ddf90
g_spriteSheets,0x6d8078
g_spriteTriangle,0x6de150
g_startLevelId,0x57910c
g_strBsModelMagic,0x5794c0
g_strBsmMagic,0x57e720
g_strBsvMagic,0x5817e0
g_strCancel,0x6de12c
g_strDotDotData,0x57ebc4
g_strEmpty,0x6de124
g_strMenuDash,0x57c048
g_strMusicVoiceBsv,0x5817f0
g_strNo,0x6ddf8c
g_strNoAnim,0x5794c8
g_strNoHelpAvailable,0x57c07c
g_strPadExtLower,0x57ebcc
g_strPadExtUpper,0x57ebbc
g_strQuantityFmt,0x57c044
g_strSeekMutex,0x581800
g_strUiString1C,0x6de148
g_strUiString1E,0x6de178
g_strUiString21,0x6de138
g_strUnknown,0x57e764
g_strValidate,0x6de0dc
g_strVdx7Magic,0x5794b0
g_strYes,0x6ddf88
g_streamActiveSlot,0x71ce28
g_streamLoadIsMusic,0x5817a8
g_streamLoadPath,0x71cdbc
g_streamLoadStatus,0x71ce34
g_streamNotifyPos,0x6cc748
g_streamNotifyPos2,0x6cc7c8
g_streamWaves,0x71cdc0
g_subtitleRect,0x6de0e8
g_szEmpty_5c7630,0x5c7630
g_szEmpty_5c7631,0x5c7631
g_telescopeMaskQuads,0x6ddfb8
g_telescopeOriginX,0x6de140
g_telescopeOriginY,0x6de142
g_telescopeTileH,0x6de13e
g_telescopeTileW,0x6de13c
g_texCount,0x6d7070
g_texKeys,0x6d7878
g_texObjects,0x6d7078
g_texRequestedFormat,0x5c7aa0
g_texScrollBackup,0x71b288
g_texScrollCount,0x71af70
g_texScrollListIds,0x6ddf60
g_texScrollReverseMask,0x6ddf68
g_texScrollUnref_71af74,0x71af74
g_texScrollUnref_71b280,0x71b280
g_texScrolls,0x71af80
g_textBlinkLastMs,0x6ddf54
g_textBlinkPhase,0x6ddf58
g_textCatalog,0x6d656c
g_textClipOffX,0x6ddb04
g_textClipOffY,0x6ddb06
g_textCursorX,0x6ddb00
g_textCursorY,0x6ddb02
g_textDefRect,0x6ddf24
g_textDefWinH,0x6ddf2a
g_textDefWinW,0x6ddf28
g_textDefWinY,0x6ddf26
g_textEnabled,0x6ddf50
g_textFormatBuf,0x6ddf2c
g_textGlyphPoly,0x6ddf30
g_textLayer,0x6ddaf4
g_textNoClip,0x6ddb08
g_textPort,0x6ddaf4
g_textScratchBuffer,0x6ddb10
g_textScroll,0x6ddf00
g_textWinH,0x6ddafe
g_textWinW,0x6ddafc
g_textWinX,0x6ddaf8
g_textWinY,0x6ddafa
g_three,0x576d24
g_timeMachineBoxPast,0x6cfb64
g_timeMachineBoxPresent,0x6cfb58
g_timeMachineOffsetToPast,0x6cfb5c
g_timeMachineOffsetToPresent,0x6cfb50
g_timeMachinePairPropOffsets,0x57b780
g_timeMachinePastEraZone,0x6cfb64
g_timeMachinePastOffset,0x6cfb5c
g_timeMachineZonePresent,0x6cfb58
g_timePausedDelta,0x71b2f0
g_timeScale,0x71b2e0
g_trainingEmptyText,0x6cc878
g_trainingHelpProps,0x57a738
g_transIrisAlphaDelta,0x6d5118
g_transIrisPhase,0x6d5120
g_transPhaseRunning,0x6d5121
g_transitionAlphaBase,0x6d511c
g_transitionAlphaDelta,0x6d5118
g_transitionAlphaOrigin,0x6d511c
g_transitionBasePos,0x6d50e4
g_transitionDelta,0x6d4128
g_transitionIsNonBlocking,0x6d5122
g_transitionNonBlocking,0x6d5122
g_transitionPhase,0x6d5120
g_transitionPhaseStarted,0x6d5121
g_transitionTimer,0x6d50f0
g_transitionUnk6D4120,0x6d4120
g_uiCursorLastMs,0x6de328
g_uiFooterText,0x6de0d8
g_uiFrameBox,0x6de258
g_uiLangMask,0x6dedf0
g_uiSoundHandle,0x6de330
g_uiString1B,0x6deb50
g_uiTintColor,0x57c040
g_unref_579100,0x579100
g_unref_57910e,0x57910e
g_unref_584d30,0x584d30
g_unref_584fdc,0x584fdc
g_unref_585000,0x585000
g_unref_585038,0x585038
g_uwOverlayColor,0x6e45d0
g_uwOverlayReady,0x6e45c8
g_uwOverlayTexPage,0x6e45cc
g_uwOverlayUV,0x6e45d4
g_vdx7Magic,0x579440
g_vidPlayer,0x71c328
g_videoDestRect,0x6cc84c
g_videoPlayer,0x71c328
g_videoStretchFlag,0x6cc848
g_viewDistFar,0x5770c4
g_viewDistNear,0x5770c8
g_voiceDir,0x6d68b8
g_voiceOwner,0x6d411c
g_voiceOwner_2,0x6de324
g_voicePending,0x6de31c
g_voicePlaying,0x6de320
g_vtblHoleFX,0x577150
g_vtblSound,0x57441c
g_vtblStaticSound,0x574458
g_vtblStreamSound,0x57449c
g_vtblWaveFile,0x5744dc
g_warExportCount,0x71af58
g_warExportTable,0x71af54
g_warRelocCount,0x71af68
g_warRelocTable,0x71af64
g_waterColor,0x57c03c
g_waterZoneCount,0x6d0c5c
g_waterZones,0x6d0c58
g_waveStagingBuffer,0x5cc6c8
g_weatherType,0x6ddf6a
g_wolfAltModelIds,0x5750a0
g_wolfBreathParams,0x57ad5c
g_wolfBubbleParams,0x57ad74
g_wolfClimbDirTable,0x575920
g_wolfCtx4PromptStrIds,0x57b26a
g_wolfCtx4PromptText,0x6cf318
g_wolfCtxPromptStrIds,0x57b224
g_wolfCtxPromptText,0x6cf328
g_wolfDanceMoves,0x5758c8
g_wolfDustParams,0x57ace4
g_wolfEquipPreviewOffset,0x5758f0
g_wolfGhostIdleAnims,0x5758bc
g_wolfHeldPromptStrIds,0x57b250
g_wolfHeldPromptText,0x6cf3d0
g_wolfIdleAnims,0x5758a0
g_wolfIdleAnimsCarry,0x5758b4
g_wolfIdleAnimsCostume4,0x5758d8
g_wolfInstanceCount,0x6cf314
g_wolfLandDustParams,0x57ad2c
g_wolfMoveBank0,0x6cf280
g_wolfMoveBank1,0x6cf2c8
g_wolfMoveProfilesCarry,0x57b1a8
g_wolfMoveProfilesIce,0x57afb0
g_wolfMoveProfilesNormal,0x57adb8
g_wolfPropBaseModelId,0x5750ac
g_wolfPropModelIds,0x5750ae
g_wolfPropModelTable,0x5750ac
g_wolfPutDownOffsetFront,0x5758e8
g_wolfPutDownOffsetNear,0x5758e0
g_wolfRocketFxParams,0x57ad14
g_wolfSkidDustParams,0x57ad44
g_wolfSneakPromptStrIds,0x57b26c
g_wolfSneakPromptText,0x6cf320
g_wolfSnowPrintParams,0x57ad9c
g_wolfStateDescriptors0,0x5750c0
g_wolfStateTable1,0x5757b8
g_wolfTmpRot,0x6d5470
g_wolfTmpStep,0x6d5478
g_wolfTmpStep2,0x6d5480
g_wolfTurnDustParams,0x57acfc
g_wolfWakeParams,0x57ad88
g_wolfWetPrintParams,0x57ada8
g_worldObjCount,0x58502c
g_worldObjDrawFns,0x57eaf0
g_worldObjs,0x585054
getenv,0x567874
jcopy_block_row,0x42da90
jcopy_sample_rows,0x42da40
jdiv_round_up,0x42da00
jinit_1pass_quantizer,0x42bc90
jinit_2pass_quantizer,0x42c800
jinit_color_deconverter,0x423b30
jinit_d_coef_controller,0x422c40
jinit_d_main_controller,0x4255d0
jinit_d_post_controller,0x4291b0
jinit_huff_decoder,0x424760
jinit_input_controller,0x424d50
jinit_inverse_dct,0x4240d0
jinit_marker_reader,0x425e90
jinit_master_decompress,0x427a20
jinit_memory_mgr,0x42af90
jinit_merged_upsampler,0x427e30
jinit_phuff_decoder,0x4283b0
jinit_upsampler,0x429510
jpeg_abort,0x4222c0
jpeg_alloc_huff_table,0x422350
jpeg_alloc_quant_table,0x422320
jpeg_calc_output_dimensions,0x427760
jpeg_consume_input,0x4224a0
jpeg_create_decompress,0x422380
jpeg_destroy,0x4222f0
jpeg_destroy_decompress,0x422400
jpeg_fill_bit_buffer,0x424550
jpeg_finish_decompress,0x422740
jpeg_free_large,0x42bc10
jpeg_free_small,0x42bc10
jpeg_get_large,0x42bc30
jpeg_get_small,0x42bc30
jpeg_huff_decode,0x424660
jpeg_idct_1x1,0x42af50
jpeg_idct_2x2,0x42ad90
jpeg_idct_4x4,0x42aa80
jpeg_idct_float,0x429db0
jpeg_idct_ifast,0x42a1a0
jpeg_idct_islow,0x42a590
jpeg_make_d_derived_tbl,0x424390
jpeg_mem_available,0x42bc50
jpeg_mem_init,0x4222b0
jpeg_mem_term,0x42bc80
jpeg_natural_order,0x574ab8
jpeg_open_backing_store,0x42bc60
jpeg_read_header,0x422420
jpeg_read_scanlines,0x4229d0
jpeg_resync_to_restart,0x425c70
jpeg_start_decompress,0x422810
jpeg_std_error,0x429bf0
jpeg_std_message_table,0x5746a8
jpeg_stdio_src,0x422a70
jpeg_zigzag_order,0x5749b8
jround_up,0x42da20
jzero_far,0x42dac0
longjmp,0x5685ec
lseek,0x567c7d
malloc,0x566b12
memcmp,0x5661f0
memcpy,0x565e70
memset,0x565d50
open,0x567d55
operator_delete,0x565d43
operator_new,0x565940
pow,0x566659
printf,0x567a62
qsort,0x566944
read,0x56803b
s_EnterFollowTrajectoryState,0x57aa3c
s_pAutomaticDoorSam,0x6cf448
seesaw_AddBody,0x4eeb9c
seesaw_ArcCoeffsFrom3Points,0x4ef12f
seesaw_CollideBody,0x4ed66d
seesaw_CollideBody_GroundQueryBranch,0x4ed99f
seesaw_Create,0x4ed5d0
seesaw_GroundQuery,0x4ed435
seesaw_HandleMessage,0x4ed584
seesaw_Init,0x4eb0fd
seesaw_IsBodyObstructed,0x4ebde2
seesaw_LaunchObject,0x4ef16a
seesaw_RemoveLaunch,0x4ef04e
seesaw_Reset,0x4eb0b0
seesaw_Update,0x4ec0d0
seesaw_UpdateEjectionTimers,0x4ebbb7
seesaw_UpdateLaunches,0x4ef3fe
seesaw_vtbl,0x576b44
sin,0x566374
sprintf,0x5677ee
sqrt,0x566594
srand,0x567b72
sscanf,0x567840
strcat,0x565860
strchr,0x5673f0
strcmp,0x5662a0
strcpy,0x565850
strlen,0x565be0
strncmp,0x5661b0
strncpy,0x565a70
strrchr,0x567940
swprintf,0x5674ac
tan,0x566d54
the,0x40ae74
time,0x567ba1
write,0x568279
