address,name,kind,comment
0x6ddaf4,g_textPort,data,"TextPort block of T270 (src/engine/text.cpp); its fields are the text-window globals (src/include/sdw_global_views.h). The first, layer (text.cpp's macro g_textLayer), is a u32 * layer pointer, not a handle: Text_SetWindow 0x535dde stores its u32 *layer argument there and Text_ApplyWindow 0x53378a takes it back; Draw2D_LayerToZ in the glyph emitter turns it into a depth"
0x6ddf00,g_textScroll,data,TextScroll block of T270 (src/engine/text.cpp); its fields are the scrolling-text globals (src/include/sdw_global_views.h).
0x6e4398,g_camScriptState,data,CamScriptState block of T293 (src/objects/camera.cpp); its fields are the scripted-camera globals (src/include/sdw_global_views.h).
0x6cffd8,g_scenaricClassRegistry,data,"ScnClassRegEntry[200], 16 bytes per class id: +0 factory, +4/+8 resources from registrar args 4/5 (via 0x548381), +0xC arg 3 (flags). The name src/engine/scenaric.cpp defines at this address (descriptive name g_scenaricRegistry)"
0x6cff98,g_scenaricLevelHeap,data,The name src/engine/scenaric.cpp defines at this address (descriptive name g_scenaricHeap).
0x6d0c90,g_levelHeapStorage,data,The name src/engine/scenaric.cpp defines at this address (descriptive name g_levelHeapBlock).
0x6cc87c,g_dgFailedLines,data,"const char *[5]: failure texts stored by DancingGhostManager_PostLoadInit (0x4b079f..0x4b082f), empty ones cleared in the loop at 0x4b0855. The name src/objects/dancingghost.cpp defines at this address (descriptive name g_dgFailureText)"
0x6cc890,g_dgFailedVoices,data,"u32[4]: failure voices 40, 41, 42, 39 stored at 0x4b0758-0x4b0776, read at 0x443022. The name src/objects/dancingghost.cpp defines at this address (descriptive name g_dgFailureVoices)"
0x6cc8f0,g_ghostGraphStorage,data,Relocation target in the original exe.
0x6cf450,g_bipbipRenderStorage,data,Relocation target in the original exe.
0x577648,_GUID_SysKeyboard,data,Relocation target in the original exe.
0x577658,_GUID_SysMouse,data,Relocation target in the original exe.
0x5776f8,_IID_IDirectInput8A,data,"GUID {BF798030-483A-4DA2-AA99-5D64ED369700} = IID_IDirectInput8A, defined by the DirectX SDK (dxguid.lib): the row carries its linker name, the relocation target in the original exe. Verified from the .rdata bytes."
0x577708,_IID_IDirect3DTnLHalDevice,data,"GUID {F5049E78-4861-11D2-A407-00A0C90629A8} = IID_IDirect3DTnLHalDevice, defined by the DirectX SDK (dxguid.lib): the row carries its linker name, the relocation target in the original exe. Verified from the .rdata bytes."
0x577718,_IID_IDirect3DHALDevice,data,"GUID {84E63DE0-46AA-11CF-816F-0000C020156E} = IID_IDirect3DHALDevice, defined by the DirectX SDK (dxguid.lib): the row carries its linker name, the relocation target in the original exe. Always referenced alongside 0x577708 - the DX7 try-T&L-HAL-else-HAL pair. Verified from the .rdata bytes."
0x577728,_IID_IDirect3D7,data,"GUID {F5049E77-4861-11D2-A407-00A0C90629A8} = IID_IDirect3D7, defined by the DirectX SDK (dxguid.lib): the row carries its linker name, the relocation target in the original exe. Verified from the .rdata bytes."
0x577738,_IID_IDirectDraw7,data,"GUID {15E65EC0-3B9C-11D2-B92F-00609797EA5B} = IID_IDirectDraw7, defined by the DirectX SDK (dxguid.lib): the row carries its linker name, the relocation target in the original exe. Verified from the .rdata bytes."
0x567920,_atan2,func,C-linkage name: the SP5 LIBCMT 87ctriga.obj atan2 (descriptive name Math_Atan2).
# Hand-curated symbols. Only add what has been read and verified in code; say so in the comment when a name
# or meaning is inferred rather than read from the code. Overrides symbols_modules.csv and symbols_auto.csv.
# --- frame loop ---
0x401614,Main_Loop,func,"message pump + one game frame per iteration: Time_Update, FUN_00417a38, Input_Poll, ... FUN_00417ecf"
0x56108c,Time_Update,func,"once per frame: dtRaw = trunc(seconds*4096); dt = dtRaw*timeScale>>12 clamped to [0,0xAA]; advances all clocks. Dead branch forces dtRaw=0x88 (PS1 fixed step)"
# --- timer class (vtable 0x574350) ---
0x40b060,Timer_Construct,func,calibrates RDTSC against QueryPerformanceCounter (100 samples) into g_cpuHz
0x40b4e4,Timer_ReadTSC,func,cpuid; rdtsc -> u64
0x40b3ef,Timer_GetDelta,func,"ticks since previous call, converted by Timer_Convert(unit)"
0x40b51c,Timer_Convert,func,"unit: 0 ticks, 1 seconds, 2 ms, 3 us (divides by g_cpuHz)"
0x574350,Timer_vtbl,vtable,
0x5c7aa8,g_cpuHz,data,double; TSC ticks per second
0x71b2e4,g_pTimer,data,Timer* used by Time_Update
# --- clocks (unit: 1/4096 s unless noted) ---
0x71b2cc,g_dtRaw,data,"unscaled frame delta, trunc(seconds*4096); fraction is discarded every frame"
0x71b300,g_dt,data,"scaled+clamped frame delta used by gameplay; max 0xAA (=41.5 ms, 24.1 FPS); 0 while g_gameFlags&0x40"
0x71b2e0,g_timeScale,data,4.12 fixed point multiplier applied to g_dtRaw (0x1000 = 1.0); written only by FUN_00560f80
0x71b2d0,g_gameTime,data,accumulated g_dt
0x71b2dc,g_rawTime,data,accumulated g_dtRaw
0x71b2d8,g_dtRawMs,data,g_dtRaw*1000>>12 (truncated again)
0x71b2e8,g_dtMs,data,g_dt*1000>>12
0x71b2d4,g_gameTimeMs,data,accumulated g_dtMs
0x71b304,g_rawTimeMs,data,"accumulated g_dtRawMs - not scaled, not paused; the level time"
0x71b2c8,g_frameCount,data,+1 per Time_Update: the frame count
0x71b308,g_frameCount2,data,+1 per Time_Update
0x71b2fc,g_framesThisSecond,data,u8; resets when g_gameTime crosses a 4096 boundary (FPS display)
0x71b2f8,g_renderWorldFlag,data,"s32, write-only (no read by address): 1 in Time_Init 0x560fca; BonusManager 0x49bf12 / MCardManager 0x4d47ce write 0 where they clear g_gameFlags 0x8001, and 0x49c9f9 / 0x4d4917 write 1 where they set GF_RENDER_WORLD 0x8000. Name inferred from those co-writes."
0x6ddf5c,g_animDt,data,g_dt*1000>>2: the animation time step
0x6ddf74,g_gameFlags,data,bit 0x40 freezes g_dt; bits 4|8 gate FUN_00560542 in Main_Loop
# --- scenaric classes ---
0x513560,Scenaric_RegisterAllClasses,func,contains all 182 Scenaric_RegisterClass calls
# --- movement ---
0x5147bd,Vec3s_ScaleByDt,func,"out[i] = (s16)(v[i]*g_dt/4096), signed truncation per axis, no remainder carried. THE integrator: 76 callers"
0x546833,Math_ApproachLinear,func,"(cur, target, max, accel, decel): step = rate*g_dt>>12 (truncated, can be 0 at high FPS); clamps to +-max"
0x546680,Math_ApproachAngle,func,"(cur, target, &angVel, maxRate, acc, dec, forceMinStep): divides by g_dt; with forceMinStep turns at least +-1 unit per frame"
0x492af7,Vec_FromPolar,func,"out.x = -speed*sin[dir]/4096, out.z = -speed*cos[dir]/4096 (dir is 12-bit)"
0x492b4b,Mobile_Steer,func,"thiscall(outVel, rot, MoveRecord*, flag): stick -> heading (+0xDE/+0xE6) and speed (+0xF0) -> velocity"
0x48928f,Wolf_MoveStep,func,"s32 __thiscall Wolf_MoveStep(Wolf *this, s32 faceMotion) -- one Wolf movement state step: picks the MoveRecord, steers with Mobile_Steer, scales by Vec3s_ScaleByDt and applies the move via 0x48924c; returns Wolf_SurfaceVelocity's result; sets fxFlags(+0x714) |= 0x1000 when Mobile_Steer returns 1; with faceMotion turns the facing toward atan2(vel) and plays loop sound 0xec."
0x48924c,Wolf_ApplyMove,func,"u32 __thiscall Wolf_ApplyMove(Wolf *this, Vec3s *step, Vec3s *rot, u16 collFlags, Vec3s *vel), ret 0x10 -- this->rot = *rot, then returns Wolf_MoveWithPlatform(step, &localContactInfo, collFlags, vel). collFlags is u16: ApplyMove only passes it on, and Wolf_MoveWithPlatform reads it with movzx at 0x48d213. Applies the per-frame displacement (collision flags in arg 3)."
0x4880f2,Wolf_InitMoveConfig,func,fills the per-character move configs at 0x6cf2a4 / 0x6cf2ec
0x57adb8,g_wolfMoveProfilesNormal,data,"18 x 0x1c: s16 maxSpeed, accel, decel, vertical rate, then int turn params"
0x57afb0,g_wolfMoveProfilesIce,data,ice variants of the same 18 profiles (the ice selection is inferred)
0x5750c0,g_wolfStateDescriptors0,data,"bank 0 state descriptors, 8 bytes each, byte +1 = movement profile index; 0xDF states"
0x6cf280,g_wolfMoveBank0,data,"0x48-byte movement bank: +0x24 state-descriptor ptr, +0x28 normal profiles, +0x2C ice profiles, +0x3E/+0x40 run-timer thresholds 0x199/0xC00"
0x6cf2c8,g_wolfMoveBank1,data,second 0x48-byte bank (descriptors 0x5757b8; meaning unresolved)
0x57ece0,g_sinTable4096,data,"s16, 4.12 fixed point, 4096 steps per turn (verified: [1024]=4096). Cosine = same table + 1024 entries"
0x5814e4,g_pCosTable,data,pointer to g_sinTable4096 + 1024 entries (0x57f4e0)
# --- rng ---
0x561219,Rand_Bounded,func,"(bound) table-driven generator, returns (bound*sample)>>16; advances idx (0..255) and acc. 38 calling functions"
0x5612a1,Rand_Range,func,"(lo, hi) = lo + Rand_Bounded(hi-lo+1). 31 calling functions"
0x561200,Rand_Reset,func,zeroes RNG state; ONLY caller is the level loader 0x547855 - no time-based seeding exists
0x71b30c,g_randIndex,data,0..255 index into g_randTable
0x71b310,g_randAcc,data,RNG accumulator
0x5814f8,g_randTable,data,u16[256]
# --- globals ---
0x6cf310,g_pWolf,data,"pointer to the Wolf (Ralph) object; written by Wolf_Create, read by 249 functions"
# --- third-party ---
0x429bf0,jpeg_std_error,func,libjpeg 6: installs the error manager; references jpeg_std_message_table
0x5746a8,jpeg_std_message_table,data,118 message pointers
# --- heap ---
0x54de2a,Heap_Alloc,func,"bounded best-fit free list: visits at most freeCount blocks and halves the remaining count at each better fit, so it returns the smallest fit it happened to see; block = {u32 size|flags, u32 0x98765432 when allocated, user data}. Sizes <= smallMaxSlot(+0x20) go to Heap_AllocSmall 0x54e63d first; both shipped heaps leave the small pools uninitialised, so Heap_Alloc(0) reads NULL+4. Returns NULL when nothing fits."
0x50d5f4,Scenaric_Alloc,func,"ScnObject's class-specific `static void *operator new(size_t)` (p = Heap_Alloc(&0x6cff98, size)), the thin wrapper over Heap_Alloc that every class factory calls: a new-expression on any scenaric class compiles to exactly the factory shape. Its decorated name ??2ScnObject@@SAPAXI@Z has an alias row of its own, so the matcher resolves every factory's `new` to this address."
# --- input ---
0x55e913,Input_Poll,func,called from Main_Loop after Time_Update; refreshes g_pad then Pad_Latch
0x55ef9f,Pad_Latch,func,"shifts pad history: +0x22/+0x26 = previous, +0x2a/+0x2e = current (copied from +0/+4)"
0x719628,g_pad,data,"pad state struct: +0x2d buttons (0x719655: jump 80, action 40, run 20, view 10, sneak 08, inventory 04, camR 02, camL 01), +0x30/+0x31 stick X/Y"
# --- game state (meanings inferred, not read in code) ---
0x6cfc1e,g_level,data,current level (byte; inferred)
0x6cfc1f,g_nextLevel,data,next level (byte; inferred)
0x6cfbf0,g_completion,data,completion (inferred)
0x5c7b32,g_queuedLevel,data,queued level (inferred)
0x584d26,g_camDist,data,camera distance (s16; inferred)
0x584d28,g_camPitch,data,camera overhead angle (s16; inferred)
0x584d2a,g_camYaw,data,camera direction (s16; 4096 = full turn; inferred)
# --- held items / item wheel ---
0x48f69a,Wolf_QuickInventory,func,"item-wheel handler called from Wolf_Update: opens on inventory press edge (mask 0x57eb8c) if state flag 0x100 - airborne states 3/4/5/6/0x20/0x21 have it; on release calls Wolf_SwapHeldItem(1,1)."
0x48f2a8,Wolf_SwapHeldItem,func,"(animated, checkStateFlag): stow/equip held object +0x62C. Only changes state if state flags & 0x8C004 == 0. Stow -> SetState(0x2C) (a GroundCommon state with no ground check); equip with animated=1 -> state 0x2B, animated=0 (map/menu callers 0x5402ff, 0x542211) -> Wolf_SetIdleState -> state 0."
0x48f212,Wolf_CanSwapItem,func,"mode 0, state flags & 0x2040000 == 0, +0x718 & 0x43 == 0, g_gameFlags & 0xE01 == 0, and (arg==0 or state flag 0x100)"
0x48f120,Wolf_EquipItem,func,immediately attaches object to +0x62C via its message 4 (0x12 or 3); kills the Wolf if scale +0x708 < 0x400
0x50c941,Inventory_SetWheelOpen,func,(open): sets/clears g_gameFlags 0x80; on open also 0x6cfc6e = 0xC00
0x50c635,Inventory_GetSelectedObject,func,current inventory selection (object pointer or 0 = empty hands) (name inferred from use in Wolf_SwapHeldItem)
0x57eb80,g_padMasks,data,"u16 active-low button masks: +0..6 dpad FFEF/FFDF/FFBF/FF7F, +8 camL FEFF, +A camR FDFF, +C inventory FBFF, +E sneak F7FF, +10 view EFFF, +12 run DFFF, +14 action BFFF, +16 jump 7FFF"
0x48c2b9,Wolf_State2B_Step,func,"body of state 0x2B (wheel take-out anim): zeroes stick, Wolf_MoveStep; has NO jump check."
# --- dropping / ground-height query ---
0x486f11,Wolf_DropHeld,func,"(flags): releases held/carried object; called for water entry from Wolf_Update 0x483dde with flags=1 (NOT via Wolf_Die). Carrying mode (+0x70E==1) without flag 2/8: vertical coord is REPLACED by Scn_QueryGroundHeight(&pos,1)-20 (+20 again if 0x50f7c0 overlaps), then message 5 with that position"
0x50f5b1,ScnObject_QueryGroundY,func,"thiscall(obj, pos, includeObjects): moves obj's collision box to pos, stretches its lower bound to 32000, sweeps via 0x51a9de (flags 5|0x80 or 1|0x80); returns hit height minus box offset, or 32000 on no hit. 26 callers incl. Wolf respawn 0x487ea2"
0x48dde9,Wolf_NotifyAttached_6A,func,sends message 0x6A to each object in the list at wolf+0xFC (count +0x11C)
# --- object update culling ---
0x584d20,g_camPos,data,"camera eye (s16 x, y, z) = g_camera 0x584c50 + 0xD0; Scenaric_UpdateAll measures every object's distance to it"
# --- HUD action prompt ---
0x6cf434,g_actionPromptTimer,data,"s32, += g_dt while an action prompt is shown, NO upper clamp (clamped to 0x800 only on the hide path); animation runs while < 0x800; wraps negative after 2^31/4096 s = 6.07 days"
0x6cf43c,g_actionPromptTimer2,data,twin of g_actionPromptTimer for the second prompt line (0x493a7f); same unclamped += g_dt
0x6cf438,g_actionPromptWidth,data,"prompt box width = (textWidth + 2) * font cell, capped at 0x1C2"
0x493a7f,Hud_DrawItemPrompt,func,draws the second prompt line; animates with g_actionPromptTimer2 (name inferred from use)
0x493cd0,Hud_ResetActionPrompt,func,zeroes g_actionPromptTimer
# --- Goal (class 23) ---
0x4c76cb,Goal_Init,func,"sets flags 0x800|0x400; winRadius(+0x56) = modelBox.max.x*90/128 (= 138 for the standard goal, box ±~200 x ±25 vertical); winRadiusSq(+0x40); goalFlags(+0x58) from PROPERTY_GOAL_FLAGS: bit0 play cinematic instead of msg 0x401, bit1 no sheep needed, bit2 done"
0x4c76bc,Goal_Reset,func,vtable +0x14 (tiny; presumably clears the done bit - not read in detail)
# --- CheckpointManager (class 25) ---
0x4ab403,CheckpointManager_Update,func,"if Sam (+0xD0) answers msg 0x480 (alert==2) refresh lastChaseTime(+0x40)=g_gameTime; then only if lastChaseTime+0x2000 <= g_gameTime (2.0 s) AND Wolf msg 0x40D==0 AND !(g_gameFlags&0x200): find the entry whose trigger boxes contain the Wolf / the sheep and send Wolf msg 0x402 / sheep msg 0x980 with the CENTRE ((min+max)>>1) of the destination box + entry orientation; joint-presence mask +0xC4, disable-earlier mask +0xC8 (clears earlier entries, sheep msg 0x988)"
0x4ab390,CheckpointManager_FindEntryAt,func,"(pos) -> the first populated entry (this+0x44 + i*0x10, count at +0xCC) one of whose trigger boxes contains pos (BoxList_FindContainingPoint 0x514823), else 0."
0x4ab8d4,CheckpointManager_Init,func,"resolves up to 8 authored slots into compacted runtime entries; remaps SHEEPANDWOLFONLY bits (bit i joint rule, bit 20+i disable-earlier); orientation = ((deg<<11)/180)&0xFFF; caches Sam in +0xD0"
0x4ab702,CheckpointManager_HandleMessage,func,vtable +0x10 (not read in detail)
0x4ab8bf,CheckpointManager_Reset,func,vtable +0x14 (tiny; not read in detail)
# --- Rocket (class 10, vtable 0x576980, size 0xA8; the slots other than Init and HandleMessage named by the vtable convention) ---
0x4e531f,Rocket_Init,func,"fuelMax(+0x88) = PROPERTY_ROCKET_FUEL << 12 (FUEL is SECONDS of flight: Lvl-00 300, Lvl-03 60, Lvl-06 5); hitsMax(+0x90) = (HITS << 13)/100; colours +0x98/+0x9C; fuel(+0x84)=fuelMax; hits(+0x8C)=hitsMax"
0x4e4be4,Rocket_Update,func,vtable +4
0x4e51fb,Rocket_Render,func,vtable +8
0x4e5257,Rocket_Reset,func,vtable +0x14
0x4e4810,Rocket_SetState,func,"(state) - called from the message handler (msg 0x15 -> 5/6, 0x16 -> 0/1, 4 -> 1); name inferred"
# --- Dynamite (class 2, vtable 0x575f08, size 0x114) ---
0x4b57e4,Dynamite_Init,func,fuseTotal(+0xE4) = (PROPERTY_DYNAMITE_COUNTDOWN ms << 12) / 1000 ticks
0x4b4f6e,Dynamite_Update,func,"state(+0x110): 3 lit - fuse(+0xDC) -= g_dt, spark fx; at <=0: Scenaric_BroadcastInRadius(radius 3000, msg 0x1D) + (radius 300, msg 0 = MSG_KILL), camera shake if within 5000 of the camera, state 4; 4 explosion anim end -> hidden (flags|0x800), SetPosition(home), clears 0x4000/0x2000, state 5; 5 waits 0x3000 ticks (3 s) -> 6 fade-in -> 0"
0x4b55fa,Dynamite_Render,func,vtable +8
0x4b531d,Dynamite_HandleMessage,func,vtable +0x10 (msg 2 -> pickable if sender is Wolf/Robot; msg 5 placed; inferred)
0x4b5672,Dynamite_Reset,func,vtable +0x14
0x4b4e70,Dynamite_SetState,func,(state) - name from use in Dynamite_Update
0x50fc62,Scenaric_BroadcastInRadius,func,"(classFilter 0xFFFF=any, vertMin, vertMax, radius, msgId, arg, 0) sends a message to every object within radius of this; name inferred from the dynamite blast (3000/0x1D and 300/MSG_KILL)"
# --- ground queries and prompts (static reads) ---
0x4936ab,Wolf_DrawActionPrompt,func,HUD action-prompt formatting/drawing + g_actionPromptTimer animation. NOT the proximity scan (that is ScnControllable_ScanInteractables 0x4924db via Wolf_ScanContextActions 0x490286)
0x55f085,Pad_Rumble_stub,func,"void __thiscall (Pad *this, s32, const void *, s16): three stack args (ret 0xc at 0x55f08f; callers push 0x1000, 0x57eba8, 0x5dc at 0x48472d-0x484737). A 13-byte no-op on PC (ret 0xC): pad rumble is not implemented in this executable. The strength is 16-bit: CannonBall_SetState loads it with mov cx,word [ebp-0xa]; push ecx at 0x4a37f1 (a 32-bit parameter would be movsx); the other nine callers push constants."
# --- Mailbox (class 4, vtable 0x5765dc, size 0x188, ScnBody-derived) ---
0x4d2ce0,Mailbox_Init,func,"vtable +0 (1782 bytes). Reads record+0x14..+0x2c: BOX1-4, FLOATINGBOXES and LVL03ROCK, plus O1-O4 / IDCAMERA / TIMERCAMERA. MAPPOSX/Y are NOT read here; Map_InitObject 0x53f43f reads them"
0x4d389a,Mailbox_Update,func,"if pending(+0x70) and no cinematic (0x71c450==0): Mailbox_Deliver 0x4d368b. While the delivery camera runs (idle(+0x64)==0): cameraTimer(+0x180) += g_dtMs (not during cinematics); once cameraTimer > cameraTimeMs(+0x17C = TIMERCAMERA, 3000 in Lvl-00): send msg 0xF to the opener (+0x114, the object that sent msg 1), release the scripted camera (0x55a367), idle=1 and clear flags 0x4000/0x2000 (back to camera-culled)"
0x4d368b,Mailbox_Deliver,func,called from Update when a delivery is pending; name from use (not read in detail)
0x4d3a3c,Mailbox_HandleMessage,func,vtable +0x10
0x4d3475,Mailbox_Reset,func,vtable +0x14
0x55a367,Camera_ReleaseScripted,func,(owner) ends a scripted camera started by that object; name inferred from Mailbox_Update / bridge use
# --- input helpers + registry (engine_55dab0) ---
0x55f55f,Pad_MenuPressed,func,"bool Pad_MenuPressed(int activeLowMask) -- the press EDGE: (g_padMenuCur 0x71965a & ~mask)==0 && (g_padMenuPrev 0x71965c & ~mask)!=0, ORed with keyboard fallbacks for the menu masks (0xFFEF/DF/BF/7F arrows via 0x6d6788, 0xBFFF confirm 0x6d678c, 0xEFFF cancel 0x6d678b). Signed switch (jg at 0x55f5ac), bool result. 21 callers."
0x55f441,Pad_MenuHeld,func,"bool Pad_MenuHeld(int activeLowMask) -- the HELD test on g_padMenuCur 0x71965a, with the same keyboard fallbacks as Pad_MenuPressed. The mask is a signed int (the switch uses jg at 0x55f46a) and the result is bool (only bool reproduces the 32-bit sbb eax,eax / inc eax)."
0x55f323,Pad_MenuRepeat,func,"(activeLowMask) test on the auto-repeat word 0x719668 (500 ms initial delay then 125 ms repeat, built by Pad_AutoRepeat 0x55ee88 from g_dtRawMs), same keyboard fallbacks"
0x55ee88,Pad_AutoRepeat,func,builds the menu auto-repeat state (thresholds at 0x719622; 0x7D = 125 ms) from g_dtRawMs
0x55f061,Pad_IsConnected,func,return pad->byte_2A == 0
0x55eac6,Pad_AnalogToStick,func,"analog deadzone: centre 128, radius <= 56 -> 0, strength maps 56..120 -> 0..256 (inferred)"
0x55f700,Reg_OpenAppRoot,func,"LONG Reg_OpenAppRoot(HKEY *key) -- chains RegCreateKeyExA (KEY_ALL_ACCESS, class """") through HKLM\SOFTWARE\Infogrames\Sheep, Dog'n Wolf DX7 into *key and returns the Win32 error; on failure it closes *key if non-null and zeroes it (0x55f79b-)."
0x55f8dc,Reg_CreateSubKey,func,"(outKey, name) under the app root"
0x55f93a,Reg_CloseKey,func,closes and zeroes *key
0x55f7c5,Reg_CloseKey2,func,same pattern as Reg_CloseKey (34 bytes)
0x55fbb2,Reg_WriteBinary,func,"(key, valueName, data, size) RegSetValueExA type REG_BINARY; returns 1 on success"
0x55fb41,Reg_ReadBinary,func,"DWORD Reg_ReadBinary(HKEY key, const char *name /* ""0"" if NULL */, void *buf, DWORD bufSize) -- RegQueryValueExA: returns the byte count read; 0 after memset(buf, 0, bufSize) when the query fails or the type is not REG_BINARY; 0 without touching buf when key is NULL."
0x55f7e7,Reg_DeleteAppKeys,func,"u8 Reg_DeleteAppKeys(void) -- deletes the subkeys Progress, Config, Setup and CfgGame (results ignored), then the app key under Infogrames; returns 1 only if that last delete succeeds (RegDeleteKeyA 0x55f871-0x55f8b7)."
0x55fa50,Reg_HasBinaryValue,func,"u8 Reg_HasBinaryValue(const char *subkey, const char *valueName /* ""0"" if NULL */) -- opens HKLM\SOFTWARE\Infogrames\Sheep, Dog'n Wolf DX7\<subkey> read-only (RegOpenKeyExA) and returns 1 only if RegQueryValueExA finds a non-empty REG_BINARY value (0x55fb0b-0x55fb24); a test, not an open."
0x71965a,g_padMenuCur,data,u16 active-low merged pad word used by the menu tests (g_pad + 0x32)
0x71965c,g_padMenuPrev,data,u16 previous-frame value of g_padMenuCur
0x719668,g_padMenuRepeat,data,u16 auto-repeat word
# --- high-caller helpers ---
0x5269ce,Math_RadiansToAngle4096,func,"s16 Math_RadiansToAngle4096(float radians) -- radians * 4096.0f / 2pi (constants 0x57440c, 0x5743cc), truncated by __ftol; the float is an ordinary stack argument (fld [ebp+8]), not an FPU-register value, and the scaling is done here, not by the caller. Callers mask to 0..4095. 91 callers. Source: src/engine/fixed_math.cpp."
0x511265,ScnObject_HeadingTo,func,"thiscall(this, Vec3s *target) = atan2(this.x - target.x, this.z - target.z) -> angle & 0xFFF"
0x567920,Math_Atan2,func,CRT-side atan2 wrapper used by every heading computation
0x5493f2,Sound_IsPlaying,func,(handle) -> g_soundChannels[handle].active == 1 (channel records are 0x44 bytes at 0x6e2ff0..)
0x54948f,Sound_Stop,func,"Sound_Stop(handle, owner) -- stops the channel if it belongs to owner. When SoundChannel+2 is 0 (the mixer has started the voice) it calls StaticSound_Stop 0x4209d0; when +2 is set (still waiting for the mixer) it zeroes soundId (+8) and sampleSlot (+0xa) instead. Then it always clears +1 and +2; it does not clear the volume/pitch words. SoundChannel.owned (+2) therefore means 'start pending' (0x5494b0-0x549521: movzx byte [+0x6e2ff2]; jne past the StaticSound_Stop call; the second test of +2 guards the word stores to +8/+0xa; the byte stores of 0 to +1 and +2 are unconditional). 86 callers."
0x5491b8,Sound_Play,func,"u16 Sound_Play(u16 soundId, void *owner, u16 volume0to255, u8 flags, s32 rate4_12). Argument 4 is the SoundPlayFlags byte, not a priority. It always refuses id 0x158, plays only when Progress.optionFlags bits 3-4 are 0 or 2, and with flag 8 returns an active voice that already plays this id for this owner. (evidence: cmp eax,0x158 at 0x5491d2; bitfield read shr dl,3 / and dl,3 at 0x5491ee with compares against 0 and 2; movzx byte [ebp+0x14] tested for 8 (0x54921b) and 1 (0x54933d), stored as playFlags at 0x5493a6.) Returns a channel handle. 92 callers (e.g. Rocket 0x128/0xff/10/0x1000)."
0x550196,Anim_Start,func,starts an animation on an animator (flag 2 = blend when the model is unchanged); 276 callers - the most-called game function
0x50ff14,ScnObject_AttachTo,func,"(parent, joint, offsetTable, ...) attach this object to a joint of another (attachment pool 0x6e4620)"
0x50ffca,ScnObject_Detach,func,detach from the attachment parent
0x55a70d,Camera_StartScripted,func,"starts a scripted camera owned by an object (bridge, time machine, mailbox...); paired with Camera_ReleaseScripted 0x55a367 - role from call sites"
0x510452,ScnBody_SwapModel,func,(AltModel *) switch the body to an alternate model - from Wolf_SetStateAnim / Dynamite use
0x52a626,Screen_ScaleX,func,(int) -> x * renderer->scaleX(+0x1C) / 512.0: HUD is authored in a 512x240 virtual screen (the PS1 resolution)
0x52a644,Screen_ScaleY,func,(int) -> y * renderer->scaleY(+0x20) / 240.0
0x5336b8,Text_SetColor,func,(rgb) *g_textState = rgb | 0x05000000
0x535eef,Hud_EndBox_stub,func,5-byte empty function
# --- the level loader (engine_545fde) and the libjpeg 6 boundary ---
"# Loader spine. Load_DAVnWAR 0x547855 prints a ""{Loading XXX..."" trace immediately before each sub-loader",
# and the filename it builds strcat's one of the extensions at 0x57c40c .DAV / 0x57c414 .WAR / 0x57c41c .MLT /
"# 0x57c424 .SND (bytes read from the exe). Each returns <0 on ""File %s not found"". Verified."
0x54843c,Load_DAV,func,"s32 Load_DAV(const char *path, Dav *dav) -- reads the .DAV archive into g_pDav: 0 on success, -1 (dav freed) on failure (xor eax,eax 0x54863a / or eax,-1 0x54866f). Called right after the '{Loading DAV...' trace; sets g_gameFlags bit 3 on success. Verified: trace position + .DAV extension at 0x57c40c + the 'Load_DAVWAR(): File %s not found' failure print."
0x548f3f,Load_SND,func,int Load_SND(char *path) -- reads the .SND bank; reaches the sound layer at 0x4217d0 / 0x41b72d. Verified from the '{Loading SND...' trace position and the .SND extension at 0x57c424.
0x548bb9,Load_MLT,func,"int Load_MLT(char *path, void *bankOut) -- loads the localised string table (.MLT, extension 0x57c41c). On failure the caller zeroes g_pDav+0x14 (u16 count) and g_pDav+0x18 (ptr), so the string bank lives at those two fields. 'Load_MLT: (WARNING) Current language not supported' 0x57c784. Verified."
0x548980,Load_MLT_ParseBank,func,"char **Load_MLT_ParseBank(char *data, u16 listCount, u16 language) -- parses the .MLT payload into the string bank; sole caller Load_MLT 0x548bb9. It maps the language to a block, skips block*listCount lists ({u8 n; n strings}), measures the chosen block, mallocs and memcpys it, and returns a malloc'd table of listCount list pointers (NULL if listCount is 0). Byte-matched in src/engine/jpeg_mlt.cpp."
0x548d41,Load_FreeMLT,func,"frees the localised string bank; called by Load_FreeLevel 0x54818f as 0x548d41(g_pDav + 0x14), the same field pair Load_MLT fills. Verified by the matching field."
0x54867e,Dav_Free,func,releases the .DAV archive; called by Load_DAV 0x54843c and by Load_FreeLevel under the g_gameFlags bit 3 (DAV loaded) test. Verified.
0x54818f,Load_FreeLevel,func,"void Load_FreeLevel(void) -- the counterpart to Load_DAVnWAR: Cine_Stop, ObjGrid_Free, Collide_ShutdownLevel, Menus_Init(0x57c128) re-init, Dav_Free, Load_FreeMLT, and frees g_scnActive / g_scnObjects / DAT_00585054. Clears the same g_gameFlags bits 2 and 3 that the loader sets. Single caller 0x529f40. Verified."
# libjpeg 6 BOUNDARY. 0x4222c0-0x42dae0 is 151 functions; the libjpeg API in it is entered only from the
# two image decoders 0x5486d0 / 0x548850 (eight entries) - the standard signature of a statically
# linked library entered at its published API. The call order in 0x5486d0 matches libjpeg's documented
# decompression sequence exactly, including destroy on the __setjmp3 error path. Verified.
0x422380,jpeg_create_decompress,func,libjpeg 6 API (release 6 name; 6a+ renamed it jpeg_CreateDecompress with two more arguments). First call after jpeg_std_error; (cinfo). Verified by call order in 0x5486d0 and 0x548850.
0x422400,jpeg_destroy_decompress,func,libjpeg 6 API. (cinfo). Called both on the __setjmp3 error path and as the last call of a successful decode - the libjpeg idiom. Verified.
0x422420,jpeg_read_header,func,"libjpeg 6 API. (cinfo, require_image=1). Verified by call order and the literal 1 argument."
0x422740,jpeg_finish_decompress,func,libjpeg 6 API. (cinfo). Called after the scanline loop. Verified.
0x422810,jpeg_start_decompress,func,libjpeg 6 API. (cinfo). Called after read_header; the width/height locals are read straight after it. Verified.
0x4229d0,jpeg_read_scanlines,func,"libjpeg 6 API. (cinfo, scanlineArray, maxLines=1). The body of both decoders' row loops. Verified."
0x422a70,jpeg_stdio_src,func,"IJG jdatasrc.c jpeg_stdio_src, unmodified (byte-matched from src/jpeg/jdatasrc.c): (cinfo, file). Verified by call order between CreateDecompress and read_header."
0x5486d0,Jpeg_DecodeToRgb555Flipped,func,"u8 Jpeg_DecodeToRgb555Flipped(void *file, u16 *dest) -- decodes a JPEG straight into a caller-supplied 16bpp buffer as RGB555 (r bits 10-14, g 5-9, b 0-4) and writes rows BOTTOM-UP: dest is pre-advanced to the last row and each row steps back by width*2. Caller 0x55dd12. The result is a byte (mov al,1 at 0x548840 / mov al,[ebp-1] at 0x548729; byte result slot at ebp-1). Verified."
0x548850,Jpeg_GetDimensions,func,"u8 Jpeg_GetDimensions(void *file, u32 *widthOut, u32 *heightOut) -- reports the image dimensions through two out-params. Its only caller 0x55e04a keeps just w, h and w*h*2 (0x55e065-0x55e08a), and every scanline is read into one throwaway row buffer (0x548931-0x548951)."
0x547470,GetResourceType,func,"u8 GetResourceType(int resIndex) -- classifies a DAV resource for Load_DAVnWAR's install pass. ORIGINAL DEVELOPER NAME: the failure path prints 'Error in GetResourceType(): Unknown...' (0x57c3d4). Reads the type from the TOP BYTE of the u32 at g_pDav->resTable[resIndex], where the table pointer is g_pDav+0xc and g_pDav+0x10 is the name used in the error print. Returns 0 for types 3/4/0xB/0x26, 1 for type 5 (scenaric record), 2 for type 0xA (cinematic), 3 for types 8/9/0x27/0x80-0x86 or any type with bit 0x40, 4 = ignore for types 1/2. Verified."
0x548430,TexAtlas_GetPage,func,"u32 TexAtlas_GetPage(void *entry) -- returns the u16 at entry+8 of a 10-byte texture-atlas record, zero-extended to 32 bits (movzx eax, word ptr [eax+8] at 0x548436; a u16 return would compile to mov ax). The record table is at *(int*)(*(int*)(*g_pDav + 0x14) + 10), indexed by id*10; callers read [0..1] and [2..3] as one UV corner pair and [4..5]/[6..7] as the other (via Tex_CornerUV), then store this value into Sprite+0x06 texPage (data/structs/Sprite.csv). Verified at callers 0x53a72a and 0x4f6880."
0x545fde,Menu_BuildNavFooter,func,"void Menu_BuildNavFooter(void) -- builds the menu footer string '$B_LEFT$$B_RIGHT$ %s' + '$B_CANCEL$ $C_CYAN$' + Input_GetKeyName(1) + '$C_DEFAULT$ %s' into g_menuFooterText and sets DAT_006dec86 = 5. Sibling of Menu_BuildControlsFooter 0x546083; six callers, all in the menu pages at 0x5432d3-0x543ebc. Incidentally confirms the text engine's escape vocabulary: $B_*$ = button glyph, $C_*$ = colour. Verified."
0x546b34,Math_StepAngleTowards,func,"s16 Math_StepAngleTowards(s16 cur, s16 target, s32 ratePerSec) -- steps a 12-bit angle toward a target by at most rate*g_dt>>12 this frame, wrapping the delta into +/-0x800 first; returns the new angle. FRAME-RATE SCALED (g_dt). Eight callers incl. Sheep_TurnToHeading 0x4789ac, Sheep_MoveToward 0x478e26, Sheep_Update 0x47928e and Wolf_SwimMove 0x48b04b, so this is the shared turn-rate limiter for sheep and for Ralph in water. Smaller sibling of Math_ApproachAngle 0x546680. Verified."
# Sound channel bank: 24 records of 0x44 bytes at g_soundChannels 0x6e2ff0, index 0 reserved (every loop runs 1..0x17).
# Layout in data/structs/SoundChannel.csv, read from Sound_Play 0x5491b8 / Sound_Stop 0x54948f / Sound_IsPlaying 0x5493f2.
0x6e2ff0,g_soundChannels,data,"SoundChannel[0x18] -- 24 voices of 0x44 bytes. Index 0 is the 'no channel' handle: Sound_Play and Sound_IsSampleIdPlaying iterate from 1, and Sound_IsPlaying/Sound_Stop return early for handle 0. Sound_ShutdownChannels frees voices 0..23, the reserved voice 0 included (mov word [ebp-2],0 at 0x54915b; loop bound 0x18 at 0x549173). Verified."
0x549425,Sound_IsSampleIdPlaying,func,"bool Sound_IsSampleIdPlaying(u16 soundId) -- finds the FIRST voice 1..23 whose soundId (+8) matches, then returns whether that one voice is active (+1 == 1); it does not search for an active voice with the id (the loop 0x549438-0x549463 exits on the first soundId match without looking at active; then one test of active == 1 on that voice, 0x54946e-0x549481). Unlike Sound_IsPlaying 0x5493f2, which takes a channel handle, this searches by sample id and ignores the owner. Verified."
0x549155,Sound_ShutdownChannels,func,void Sound_ShutdownChannels(void) -- releases all 24 voices (0x18 iterations of 0x4208f0) and frees DAT_006e3650. Called by Load_FreeLevel 0x54818f. Verified.
"# Generic DOUBLY-LINKED LIST API at 0x5472a1-0x5473d7. A ""list"" is a handle holding the head pointer;"
# a node is any block with prev at +4 and next at +8. Proven by List_Remove 0x547378, which does the
# classic unlink (prev->next = next; next->prev = prev) with the head special-cased. Expect +4/+8 to be
# list links in any struct whose object is passed to these.
0x5472a1,List_Count,func,u32 List_Count(void **list) -- walks the next chain (+8) from the head counting nodes. Verified.
0x5472d9,List_Create,func,void List_Create(void **listOut) -- Heap_Alloc(4) for the head cell and zeroes it. Verified.
0x547310,List_PushFront,func,"void List_PushFront(void **list, void *node) -- node->next(+8) = head, node->prev(+4) = 0, old head's prev points back, head = node. Insert at front. Verified."
0x547345,List_GetLast,func,void *List_GetLast(void **list) -- walks to the node whose next(+8) is 0; returns 0 for an empty list. NO CALLERS - dead code in the shipped build. Verified.
0x547378,List_Remove,func,"void List_Remove(void **list, void *node) -- unlinks node: if it is the head the head advances to next, otherwise prev->next = next; then next->prev = prev. This function is what proves the +4 prev / +8 next node layout. Verified."
0x5473c4,List_FreeNode,func,void List_FreeNode(void *node) -- thin forwarder to 0x54e2f1 (the matching free). Verified.
0x5473d7,List_Clear,func,"void List_Clear(void **list) -- frees every node via List_FreeNode, saving next before each free, then nulls the head. Verified."
# A 32 KB scratch buffer with a matched alloc / install / free trio, all single-caller.
0x547240,Scratch32k_Alloc,func,void Scratch32k_Alloc(void) -- malloc(0x8000) into g_scratch32k 0x6defe8. Verified.
0x547287,Scratch32k_Install,func,"void Scratch32k_Install(void) -- Heap_Init(&g_listNodeHeap 0x6defa8, g_scratch32k, 0x8000): the malloc'd 32 KB block becomes the arena of the list-node heap used by List_Create/List_FreeNode (ECX=0x6defa8 at 0x5472de, 0x5472ff, 0x5473cb, 0x547428). No memset, so old list bytes survive. Verified."
0x547257,Scratch32k_Free,func,void Scratch32k_Free(void) -- calls 0x54d561 then frees g_scratch32k and nulls it. Verified.
0x6defe8,g_scratch32k,data,"void * -- pointer to the 32 KB block malloc'd by Scratch32k_Alloc 0x547240 (mov eax,[0x6defe8] at 0x54728f); the arena of g_listNodeHeap 0x6defa8, not contiguous with it. Verified."
# WAR/DAV RESOURCE TABLE ENCODING (verified in GetResourceType 0x547470 and Install_WarResource 0x5475cb):
#   g_pDav+0xc  -> u32 resTable[]   : TOP BYTE = resource type, LOW 24 BITS = byte offset into the blob
#   g_pDav+0x10 -> the blob base, so a resource's address is blobBase + (entry & 0xffffff)
#   g_pDav+0x14/+0x18 -> the .MLT localised string bank (count, pointer)
0x5475cb,Install_WarResource,func,"void Install_WarResource(int resIndex) -- installs one WAR sub-resource by publishing its address into a global; called from Load_DAVnWAR's type-3 pass. 0x80 -> g_pWarCollMap (collision grid); 0x81 -> g_pWarCollTris (collision triangles); 0x82 -> the export table, taking {u32 count; entries[]} into g_warExportCount/g_warExportTable, then relocating via 0x5606e0; 0x83 -> a three-u32 header into 0x6ddf60/64/68; 0x84 -> g_pWarObjGrid 0x6d5138, which Load_DAVnWAR hands to ObjGrid_Init after the '{Initialising Clusters...' trace; 0x85 -> {u32 count; pair[2] entries[]} whose SECOND word of every pair is relocated by adding the blob base; 0x86 -> 0x585050. Types 8 and 9 are explicit no-op cases; types with bit 0x40 and type 0x27, although classed 3 by GetResourceType, fall to the default and do nothing, as does every type outside 0x80-0x86 (jump table at 0x5477b2 with index bytes at 0x5477d6: the range starts at 8, sub eax,8 at 0x5475fa; values 8/9 -> entry 0 -> 0x5477ae, the end). Verified."
0x71af58,g_warExportCount,data,u32 -- number of entries in the WAR export table (resource type 0x82). Verified in Install_WarResource.
0x71af54,g_warExportTable,data,"void * -- WAR export table entries, immediately after the count; relocated against the blob base at install time. This is what tools/war_exports.py parses off-line. Verified."
0x6d5138,g_pWarObjGrid,data,void * -- the object/cluster grid (WAR resource type 0x84); passed to ObjGrid_Init 0x516740 by Load_DAVnWAR. Verified.
0x71af68,g_warRelocCount,data,u32 -- entry count of WAR resource type 0x85. Verified.
0x71af64,g_warRelocTable,data,"u32(*)[2] -- WAR resource type 0x85: an array of 2-word pairs whose second word is a blob-relative pointer, relocated in place by Install_WarResource. Purpose of the pairs not yet established. Verified as to layout."
# --- SAVE SYSTEM = the PlayStation MEMORY CARD format, retained in the PC port ---
# Save_InitCardHeader 0x54a6fb builds a literal PS1 memory-card block header in BSS at 0x6e3698:
"#   +0x00 ""SC"" magic | +0x02 0x11 icon display flag (1 frame) | +0x03 0x01 block count"
#   +0x04 title," 0x22 bytes of SHIFT-JIS copied from 0x577198 = full-width ""SHEEP DOG'n WOLF"""
#   +0x60 16-entry 15-bit BGR CLUT (0x20 bytes from 0x57c838, entry 0 transparent)
#   +0x80 16x16 4bpp icon (0x80 bytes from 0x57c858 - exactly 16*16/2)
# and four card blocks whose state byte is 'E'(0x45) empty / 'F'(0x46) full. This is PS1 code compiled into
# the PC build (cf. the PS1 fixed timestep 0x88 compiled out of Time_Update, docs/03).
0x54a6fb,Save_InitCardHeader,func,"void Save_InitCardHeader(void) -- fills the PS1 memory-card block header: 'SC' magic, icon flag 0x11, 1 block, the Shift-JIS title, the 16-colour CLUT and the 16x16 4bpp icon, then marks all four blocks 'E' (empty) and sets the status word 0x6e379c to 0x3f2. Verified: every field size matches the PS1 save-header layout exactly and the title decodes as full-width Shift-JIS."
0x54b04e,Card_AnyBlockUsed,func,bool Card_AnyBlockUsed(void) -- scans the four block-state bytes at g_cardBlockState for 'F'; returns 1 on the first one found. Verified.
0x54aaaa,Card_CommitBlock,func,"int Card_CommitBlock(int blockIndex, int overwrite) -- marks block[blockIndex] as 'F' (full) after the write path, stamps g_rawTime into 0x6e3798 and into PTR_DAT_0057b80c+0xb0, and resets the status word to 0x3f2. Returns 0x46 early if overwrite==0 and the block is already full. Verified."
0x6e3698,g_saveCardHeader,data,"PS1 memory-card block header built by Save_InitCardHeader: 'SC' magic, +2 icon display flag, +3 block count, +4 Shift-JIS title, +0x60 CLUT, +0x80 icon. Verified."
0x6e369c,g_saveTitleSjis,data,"char[0x22] -- the save title in SHIFT-JIS, copied from 0x577198; decodes to the full-width string 'SHEEP DOG(quote)n WOLF'. Verified by decoding the bytes."
0x6e36f8,g_saveIconClut,data,"u16[16] -- 15-bit BGR palette for the save icon, copied from 0x57c838; entry 0 is 0x0000 (transparent). Verified."
0x6e3718,g_saveIconBitmap,data,"u8[0x80] -- the 16x16 4bpp save icon, copied from 0x57c858. 128 bytes is exactly 16*16/2. Verified."
0x6e37a0,g_cardBlockState,data,"char[4] -- per-block state: 'E' (0x45) empty, 'F' (0x46) full. Set to all-'E' by Save_InitCardHeader and to 'F' by Card_CommitBlock. Verified."
0x6e37a4,g_cardBlocks,data,"the per-block saved payload: an array of 0x2c-byte PROGRESS RECORDS indexed alongside g_cardBlockState. Card_CommitBlock passes &g_cardBlocks[i*0x2c] to Progress_CopyRecord as the DESTINATION (asm 0x54aae6), which copies progress+0x84 into it. Verified."
# Sound channel setters (the bank is g_soundChannels 0x6e2ff0, stride 0x44 - see data/structs/SoundChannel.csv)
0x54968b,Sound_SetVolume,func,"void Sound_SetVolume(u16 handle, u16 vol0to255) -- writes channel[handle].volume (+0x10) as vol/255.0f (the constant at 0x5743b4 is 255.0, read from the exe). Same field and divisor Sound_Play uses for its 3rd argument, so volume is a 0..255 input normalised to 0..1. Verified."
0x549665,Sound_SetRate,func,"void Sound_SetRate(u16 handle, s32 fixed4_12) -- writes channel[handle] +0x1c as Math_Fixed12ToFloat_s32(value). Separate field from volume. INFERRED that it is playback rate/pitch rather than pan."
0x54a2bc,Math_U16ToUnitFloat,func,"float Math_U16ToUnitFloat(u16 v) -- v / 1024.0f (the constant at 0x574414 is 1024.0, read from the exe), i.e. a 6.10 fixed-point to float conversion. Five callers. Verified."
"# The ""memory card"" device is the WINDOWS REGISTRY: value ""SdwSaves"" under the app's ""Progress"" key."
# The PS1 geometry is kept intact - reads round up to 0x80 (one PS1 frame), writes are blocks << 13
# (8192 bytes = one PS1 memory-card block). Status codes 0x321/0x322/0x323/0x388/0x389/0x3ea/0x3f2.
0x52a2d6,Card_SaveExists,func,"s32 Card_SaveExists(const char *fileName) -- takes one ignored argument: Card_StateMachine pushes g_mcardFileName and pops 4 (0x54b763-0x54b76e, 0x54c4e2-0x54c4ee); returns a full int (mov eax,1 / xor eax,eax). Reg_HasBinaryValue(""Progress"" 0x57bbfc, ""SdwSaves"" 0x57bbf0) == 1: whether a non-empty save value exists in the registry."
0x52a3a6,Card_ReadBlocks,func,"int Card_ReadBlocks(hkey, u32 nBytes, void *dest) -- rounds nBytes UP to a multiple of 0x80 (one PS1 frame), reads the 'SdwSaves' registry binary into a scratch block, memcpys it to dest only if the full length came back. Returns 0x323 on success, 0x321 otherwise. Verified."
0x52a42c,Card_WriteBlocks,func,"int Card_WriteBlocks(hkey, u32 nBlocks, void *src) -- Reg_WriteBinary(key, 'SdwSaves', src, nBlocks << 13). The shift is the proof that a block is 8192 bytes, i.e. exactly one PS1 memory-card block. Returns 0x389 on success, 0x388 on failure. Verified."
0x54b459,Card_StateMachine,func,"the 5 KB memory-card state machine driving format/read/write/UI; sole caller is 0x4d4445 in the MCardManager class (vtable 0x576624). Calls Card_OpenRegistryRoot/Card_ReadBlocks/Card_WriteBlocks, Save_InitCardHeader and Card_CommitBlock. Verified as to role; the individual states are not yet enumerated."
0x54b176,Card_DrawScreen,func,"draws the memory-card screen: Draw2D_TexRect, Tex_CornerUV, Text_SetWindow/Text_SetColor, Screen_ScaleX/Y, Draw2D_LayerToZ. Called from 0x54d090 and 0x54d1d0. This is the UI, NOT the write path. Verified."
0x54a9c1,Card_Access,func,"card open/read helper: calls Save_InitCardHeader 0x54a6fb and Card_ReadBlocks 0x52a3a6, returns one of the 0x32x status codes that Card_CommitBlock tests (0x322 abort, 0x323 read OK). Verified."
# THE SAVE PAYLOAD IS A 0x2c-BYTE PROGRESS RECORD. Ghidra displays 0x50be91 as taking one argument;
# the asm at 0x54aae6 shows it is __thiscall with ECX = *(void**)0x57b80c (the progress object) and the
# PUSHed argument as the DESTINATION - so the card block is written TO, not read from. Recovering that
# required the asm: the decompiler's single-argument display inverts the direction of the copy.
0x50be91,Progress_CopyRecord,func,"void __thiscall Progress_CopyRecord(Progress *this, void *dest) -- memcpy(dest, this+0x84, 0x2c). The 44 bytes at progress+0x84 are the whole saved payload. Callers: PauseMenu_Open 0x542afa and 0x546515 snapshot it into g_progressPauseCopy 0x6dec58; Card_CommitBlock 0x54aaaa copies it into g_cardBlocks[blockIndex]. Verified from the asm at 0x54aae6-0x54aaf8."
0x57b80c,g_pProgress,data,Progress * -- the game-progress object. Its 0x2c bytes at +0x84 are what a save block contains; Card_CommitBlock also stamps g_rawTime into +0xb0. Verified.
0x6dec58,g_progressPauseCopy,data,the 0x2c-byte progress record snapshotted when the pause menu opens (PauseMenu_Open 0x542afa) and at 0x546515. Same record that reaches a card block. Verified.
0x6de9b8,g_optLanguageOrDifficulty,data,"u8 -- unpacked from Progress.optionFlags bits 0-1; Menu_Printf indexes a 4-entry string table at 0x6def8c with it, so it is a four-choice menu setting. INFERRED which setting."
"# ""MCard"" is the developers' own name for the memory-card subsystem (error string 0x57e5cc"
"# ""*** Error initialising MCard ***""", and the class MCardManager vtable 0x576624).
0x54a7c3,MCard_Init,func,void MCard_Init(void) -- initialises the memory-card subsystem during Load_DAVnWAR; on failure prints '*** Error initialising MCard ***' (0x57e5cc). Sets the card state 0x6e38a0 = 5 and clears 0x6e38a1. Verified.
0x54ad8a,MCard_DrawValidCancelFooter,func,"void MCard_DrawValidCancelFooter(void) -- draws the card screen's two-line footer: '$B_VALID$$C_CYAN$ <key 0x1c> $C_DEFAULT$ %s' and '$B_CANCEL$$C_CYAN$ <key 1> $C_DEFAULT$ %s', each with a localised string fetched through g_pGetUiString(0x28) and (0x2c). Three callers. Verified."
0x54acf6,MCard_DrawValidFooter,func,"void MCard_DrawValidFooter(void) -- the one-line variant of MCard_DrawValidCancelFooter: the VALID prompt only, string id 0x28. Verified."
0x54b08c,MCard_StepBlockScan,func,"advances the card state byte 0x6e368d through 0x10 -> 4 and 0x20 -> 4, using Card_AnyBlockUsed 0x54b04e and the 'E'/'F' block markers, and stores the returned state back. Called from 0x54d1d0. Verified as to mechanics; the individual state values are not yet enumerated."
0x6e3898,g_pGetUiString,data,"fnptr -- localised-string lookup by id, installed at run time and called as (*g_pGetUiString)(id) throughout the MCard screens (ids 0x28 VALID, 0x2c CANCEL). Backed by the .MLT string bank at g_pDav+0x14/+0x18. Verified."
0x6e368d,g_mcardState,data,"u8 -- memory-card state machine state; values seen 0x04, 0x10, 0x20. Verified."
0x6e38a0,g_mcardPhase,data,u8 -- set to 5 by MCard_Init; used as a block index in Card_StateMachine (0x54b459 indexes g_cardBlockState with it). Verified.
# --- text and UI names (each backed by the instructions).
0x6de32c,g_letterboxTimer,data,"s16 (NOT s32) -- the letterbox/dialogue timer. Every access in work/SheepD3D.asm is 16-bit: `movsx eax, word ptr [0x6de32c]` at 0x53d4d1/0x53d4ee/0x53d50b/0x53d596/0x53d7bb/0x53d7cd/0x53d821/0x53d837, and the writes are `mov word ptr [...]`. An s32 here would have swallowed g_emptyString at 0x6de32e, which is a separate object. Verified."
0x6de32e,g_emptyString,data,"char[2] -- the empty string used by the text layer; distinct object from g_letterboxTimer at 0x6de32c, which is only 16 bits wide. Verified."
0x6de150,g_spriteTriangle,data,"Sprite -- built by Interface_Init 0x53c38b as Sprite_LoadFromRes(this=0x6de150, GameRes id 0x23). The disc header Levels/Lvl-03/GameRes.h defines 35 as DAV_IDI_IGLTRIA_, so the ORIGINAL developer name governs (disc-header names are preferred). Overrides the alternative g_uiArrowSprite. Verified."
0x6de104,g_confirmPageRecord,data,"a DATA object whose ADDRESS is stored as field +0x00 of the record copied to 0x6de160 by Menu_BuildConfirmPage 0x5390e9. It is NOT a function pointer: the only reference in the whole image is `mov dword ptr [ebp-0x18], 0x6de104`, and nothing ever loads from it or calls through it. Overrides g_confirmPageHandler. Verified."
0x6de160,g_confirmPage,data,"a 0x14-byte record built by Menu_BuildConfirmPage 0x5390e9 and copied with rep movsd (5 dwords). It is NOT a MenuPage: the MenuPage layout (data/structs/MenuPage.csv, +0x0 u8 flags, +0x4 fnptr handler) does not fit - the disassembly at 0x5390f1-0x53911b gives +0x00 a POINTER (0x6de104), then u16 0, u16 4, u16 1, u16 0. Typed as a distinct record, not MenuPage. Verified."
0x6de0f0,g_spriteCrayon2,data,"Sprite -- Interface_Init 0x53c38b does Sprite_LoadFromRes(this=0x6de0f0, GameRes 55 = DAV_IDI_IGLCRAI2). Verified."
0x6de220,g_animSpriteCrayon1,data,"AnimSprite -- Interface_Init 0x53c38b does AnimSprite_InitFromRes(this=0x6de220, GameRes 25 = DAV_IDI_IGLCRAI1). Verified."
# --- CHEAT CODES. Cheat_Poll 0x52de00 is called from Main_Loop every frame, even while
# paused, and runs TWO pad sequences through the one matcher Cheat_CheckSequence 0x52dd70.
# Button decoding confirmed in game: the tables are one's-complement pad words (active-low, the
# PlayStation convention the port kept), so ~entry gives the bit that must be pressed.
"#   A ""mystery"" 0x57bc50", 6 entries: Square Square Triangle Triangle Circle Circle   -> sets 0x6d8304 = 1
#   B level skip 0x57bc5c, 7 entries: Square Square Triangle Square Triangle Circle Circle -> 0x6d830c
# The first THREE presses are identical, so entering either code walks the other's counter to 3 before
# diverging on the fourth press, and both share the one timeout at 0x6d82fc.
0x52de40,Cheat_IsLevelSkipRequested,func,"int Cheat_IsLevelSkipRequested(void) -- returns g_cheatLevelSkip 0x6d830c. Sole caller is Main_Loop 0x401614, so the level-skip cheat is consumed directly by the frame loop. Verified."
0x6d82fc,g_cheatSeqTimer,data,"s32 -- SHARED inter-press timeout for both cheat sequences. Cheat_CheckSequence accumulates g_dtMs into it until 0x5dd (1501 ms) and then resets the progress index; it is zeroed on every correct press. NOTE it is accumulated once per CALL and Cheat_Poll calls the matcher TWICE per frame, so the real window between presses is about 750 ms, not 1501 ms. Frame-rate independent (g_dtMs), but half the nominal value. Verified."
0x6d8300,g_cheatMysteryProgress,data,s32 -- how many presses of cheat sequence A have matched so far. Verified.
0x6d8304,g_cheatMysteryFlag,data,"s32 -- set to 1 when cheat sequence A completes, and NEVER CLEARED. **DEAD IN THIS BUILD: `mov dword ptr [0x6d8304], 0x1` at 0x52de18 is the ONLY reference to this address in the entire image** - there is no read instruction anywhere, so whatever consumed it was cut and only the detector survived. Observed in game: with the value set, nothing reads it. It is a DWORD write, which is why it looks like a byte flag when watched as a byte. Verified by an exhaustive search of work/SheepD3D.asm."
0x6d8308,g_cheatLevelSkipProgress,data,s32 -- how many presses of cheat sequence B have matched so far (the level-skip counter). Verified.
0x6d830c,g_cheatLevelSkip,data,"s32 -- set to 1 for the frame on which cheat sequence B completes; read by Cheat_IsLevelSkipRequested 0x52de40, whose only caller is Main_Loop. Verified."
0x57bc50,g_cheatSeqMystery,data,u16[6] -- cheat sequence A as one's-complement pad words: 0x7fff 0x7fff 0xefff 0xefff 0xdfff 0xdfff = Square Square Triangle Triangle Circle Circle. Read from the exe bytes; button decoding user-confirmed.
0x57bc5c,g_cheatSeqLevelSkip,data,u16[7] -- cheat sequence B: 0x7fff 0x7fff 0xefff 0x7fff 0xefff 0xdfff 0xdfff = Square Square Triangle Square Triangle Circle Circle. This is the level-skip cheat; the input was confirmed in game.
0x719654,g_padCurButtons,data,"u16 -- Pad cur.buttons: the latched, level-triggered button word for this frame (active-low PS1 layout), read with movzx; -1 = nothing held. Cheat_CheckSequence gets its edge by also requiring it to differ from g_padPrevButtons (this word itself is not an edge press)."
0x71964c,g_padPrevButtons,data,"u16 -- Pad prev.buttons, the previous frame's button word; Cheat_CheckSequence's edge test compares against it. Verified (movzx reads at 0x562772/0x5628db)."
# A CUT TIMED MODE sits in the same module: a countdown display that nothing calls.
0x52de50,Countdown_Format,func,"int Countdown_Format(char *out) -- formats g_countdownMs 0x6d8310 as either the literal 'GAMEOVER' (0x57bc70) when it is <= 0, or as (ms/1000)%%60 via the format at 0x57bc6c. Returns the raw value. Sole caller is Countdown_DrawHud, which is itself dead. Verified."
0x52dea3,Countdown_DrawHud,func,"void Countdown_DrawHud(void) -- draws the countdown in a text box at (0x50,0x28) on screen layer base+0x20, tinting it toward red as the value falls below 0x7531 (30000 ms). **ZERO CALLERS - dead code.** Together with Countdown_Format this is a timed mode that did not ship. Verified."
0x6d8310,g_countdownMs,data,"s32 -- milliseconds remaining for the cut timed mode; read only by Countdown_Format and Countdown_DrawHud, both unreachable. Verified."
# --- RNG (from the instructions at 0x561219-0x56129f) ---
# The +0x240 is applied AFTER the sample is taken, not before. Exact order from the instructions:
#   t      = (acc & 0x7FF) + ((3*acc) & 0xFFF)      ; 0x561222-0x56123c, stored to acc at 0x56123e
#   idx    = (idx + 1) & 0xFF                        ; 0x561243-0x561252
#   sample = (g_randTable[idx] + t + 64*idx) & 0xFFFF; 0x56125d-0x561276  <- uses the PRE-0x240 value
#   result = (s32)(bound * sample) >> 16              ; 0x56127f imul, 0x561282 SAR (signed)
#   acc    = t + 0x240                                ; 0x56128e-0x561294, AFTER the result
# Writing acc += 0x240 before the sample shifts every draw by 576. Accumulator chain after reset:
# 0, 576, 2880, 1856, 3904, 5952, 3904, 5952 - closed after 4 draws, which is why the joint (idx, acc)
# state has a 256-draw period. Caveat: the 256-draw cycle is of the joint STATE and
# hence of the raw sample; the returned value also depends on that call's bound, so 'the Nth draw is a constant'
# means the Nth SAMPLE is constant.
0x561219,Rand_Bounded,func,"int Rand_Bounded(int bound) -- see the order above. State g_randIndex 0x71b30c / g_randAcc 0x71b310, table g_randTable 0x5814f8 (u16[256]). Reset only by Load_DAVnWAR (call site 0x5478e3). Verified from the instructions."
# --- RESOURCE DESCRIPTOR SLICING ---
# "g_pDav" is one descriptor covering THREE sub-parts; the flat "g_pDav + 0xNN" style hides that.
# Verified from Load_DAVnWAR 0x547855's own argument passing:
#   +0x00  the DAV part          -- Load_DAV 0x54843c is called with the descriptor itself
#   +0x08  the WAR sub-descriptor -- Load_WAR 0x549d25 and 0x54a326 are called with (descriptor + 8),
#          and Load_DAVnWAR reads its entry count as *(u32*)(*(int*)(desc+8) + 0xc)
#   +0x0c  = WAR+0x04 : the u32[] resource index (type in the top byte, 24-bit offset in the rest). 31 refs
#   +0x10  = WAR+0x08 : the allocated WAR blob base that those offsets are relative to. 11 refs
#   +0x14  the MLT localised string bank: u16 listCount. 28 refs
#   +0x18  the MLT list pointer array, filled by Load_MLT_ParseBank 0x548980. 6 refs
# So a resource's address is *(u32*)(desc+0x10) + (indexEntry & 0xffffff), and anything describing +0xc or
"# +0x10 should say ""WAR+4 / WAR+8"" rather than implying they are DAV fields."
# --- The game's OWN string primitives at 0x561360-0x5614fb (not CRT; the CRT equivalents are at
# 0x565850+ and are used elsewhere, so these are a separate hand-rolled set used by the cinematic
# and text code). ---
0x561360,Str_Copy,func,"u32 Str_Copy(char *dest, const char *src) -- strcpy that returns the length INCLUDING the NUL (it returns the loop counter after writing the terminator). Four callers incl. Wolf_DrawActionPrompt 0x4936ab. Verified."
0x5613a6,Str_Concat2,func,"u16 Str_Concat2(char *dest, const char *a, const char *b) -- writes a then b into dest, NUL-terminates, and returns the combined length truncated to 16 bits. Six callers incl. Wolf_DrawActionPrompt. Verified."
0x5614fb,Str_Length,func,"u16 Str_Length(const char *s) -- strlen, computed as (p - 1 - s) after a do/while scan. Returns u16: all 19 call sites read only ax."
0x5614b0,Str_IsPrefixOf,func,"int Str_IsPrefixOf(const char *a, const char *b) -- NOT an equality test, despite being used like one: the loop runs while (a[i]==b[i] && a[i]!=0) and then returns (a[i]=='\0'), so it returns nonzero whenever a is a PREFIX of b. Returns int, not bool: every caller tests eax; the body ends neg/sbb/inc on eax."
0x5634c0,Sound_SetSfxVolume,func,"void Sound_SetSfxVolume(u8 v) -- mov al,[ebp+8]; mov [0x71cdb0],al: stores g_sfxVolume. Cine_Start saves the volume and calls this to change it; five callers across the menu and scenaric code. Its own object, T314 (src/engine/sfx_volume.cpp)."
0x561be0,Cine_AdvanceScriptCursor,func,"advances a cinematic script cursor. The u16 at record+2 is a COUNT, not a flags word. Cine_RecordSize 0x561800 computes the step as `stride[opcode] * count + 8 + record`, so a record is an 8-BYTE HEADER {u16 opcode; u16 count; u32 payloadPtr} followed by count*stride[opcode] bytes. The extra 2 this function adds for opcodes 4/5/7/8 is ALIGNMENT PADDING, taken when the COUNT IS ODD - all four of those opcodes have stride 2, so an odd count leaves the stream 2-byte misaligned. Then it stores the new pointer at +0x30, decrements +0x34, and on zero decrements +0x2c and reloads +0x28/+0x30. Ten callers."
0x561800,Cine_RecordSize,func,"Returns CineRecord *, the address of the NEXT record (record + 8 + stride*count: lea eax,[edx+eax+8] at 0x561814), not a size; Cine_AdvanceScriptCursor stores it as the new cursor. The name is a misnomer (Cine_NextRecord would fit). This is the function that shows record+2 is a count."
0x5816fc,g_cineOpStride,data,"u8[] -- payload stride per cinematic opcode, read as BYTES: [0, 8, 8, 4, 2, 2, 4, 2, 2], so opcodes 1..8 are 8, 8, 4, 2, 2, 4, 2, 2. A duplicate table sits at 0x581738. Verified from the exe bytes; a dword dump of this table is misleading."
# --- CINEMATIC INTERPRETER (0x5621b0 dispatcher + keyframe evaluators). The script is a stream of
# {u16 opcode; u16 flags; u32 time; ...} records walked by Cine_AdvanceScriptCursor 0x561be0; the
# cinematic's current time lives at cine+0x0c and every keyframe evaluator reads it from there.
0x5621b0,Cine_RunOpcodes,func,"void __fastcall Cine_RunOpcodes(Cine *this) -- the cinematic opcode dispatcher. Resets the per-frame iterators (0x563470, Cine_ResetIterators 0x561bc0), then walks the script: for each record whose +2 word is non-zero it copies the u32 at +4 into this->+0x48 and +0x4c and switches on the opcode word. 1 -> 0x562e00, 2 -> 0x562ee0, 3 -> 0x562f70 then 0x562fa0, 4 and 5 -> Cine_OpToggleObjectFlag 0x562fc0, 6 -> 0x562ff0, 7 and 8 -> 0x563060; then advances with Cine_AdvanceScriptCursor. Verified."
0x562570,Cine_LerpAngle,func,"u16 Cine::LerpAngle(s16 from, s16 to, s32 t0, s32 t1) -- interpolates a 12-bit ANGLE, not a scalar: it works modulo 0x1000, and when the difference exceeds 0x800 (half a turn) it goes the other way round; returns (result & 0xfff), or 'to' unmasked when there is nothing to interpolate, and holds at 'to' once this->time (+0x0c) reaches t1. from/to are s16: the equality and ordering tests are 16-bit signed (cmp cx,ax; je/jge at 0x56258d/0x56259d) and the delta is compared as s16 (cmp ax,0x800; jle 0x5625a1). Byte-matched in src/engine/cine2.cpp."
0x5624c0,Cine_KeyframeRot,func,"void Cine::KeyframeRot(Vec3s *dest, u16 *from, u16 *to, s32 t0, s32 t1, u16 kind) -- evaluates a three-component ROTATION keyframe: kind 1 copies the three words verbatim (a step key); kind 2 runs each component through Cine_LerpAngle, so it animates a rot[3] triple and not a position (the shortest-path angle handling shows it). dest is a Vec3s * (callers copy it into ScnObject.rot as a struct, dword+word at 0x562f41..0x562f4e); from/to are u16 * (zero-extending loads 0x5624e2..0x5624e9). Byte-matched in src/engine/cine2.cpp."
0x5625f0,Cine_KeyframeScalar,func,"void Cine_KeyframeScalar(Cine *this, u16 *dest, u16 from, u16 to, int t0, int t1, s16 kind) -- scalar keyframe. kind 1 sets 'from'; kind 2 linearly interpolates from -> to across [t0,t1] using this->time (+0x0c), clamping to 'to' once the time reaches t1 or if t0 == t1. Plain linear, no angle wrap - contrast Cine_KeyframeRot. Verified."
0x562fc0,Cine_OpFlickerVisibility,func,"void __fastcall Cine_OpFlickerVisibility(Cine *this) -- handler for opcodes 4 and 5, NOT a hide/show pair. b = ((dword at record+4) - recordAddress) SAR 1 & 1, inverted when the opcode is 5. Then `and byte [obj+0x3b], -9` when b != 0 (CLEARS ScnObject flags 0x800 -> visible) and `or byte [obj+0x3b], 8` when b == 0 (SETS it -> hidden, the bit Scn_RenderIfVisible 0x55ffe3 skips on). Since the cursor is record+8+2k, b is the parity of the keyframe index, so each opcode makes the object ALTERNATE visibility across successive keys and 4/5 are the two opposite phases - a flicker, not a setter."
# --- CINEMATIC KEYFRAME RECORD FORMAT (from the opcode handlers) ---
# cine+0x48 and +0x4c hold the CURRENT and NEXT keyframe pointers, both loaded from the script record's
# +4 by Cine_RunOpcodes. A keyframe begins with one packed u16:
#     bits 0..13  time, used as (word & 0x3fff) << 4
#     bits 14..15 interpolation kind: 1 = step (copy verbatim), 2 = linear
# and the payload follows at +2. So a handler evaluates it as
#     eval(dest, cur+1, next+1, (cur[0] & 0x3fff) << 4, (next[0] & 0x3fff) << 4, cur[0] >> 14).
0x5623d0,Cine_KeyframePos,func,"void __thiscall Cine_KeyframePos(Cine *this, Vec3s *dest, Vec3s *from, Vec3s *to, s32 t0, s32 t1, u16 kind), ret 0x18 -- the three-component POSITION keyframe, the plain-lerp sibling of Cine_KeyframeRot 0x5624c0 (which wraps angles). ecx passes through to the thiscall Cine_LerpVec3s at 0x5623f1; kind is zero-extended."
0x562e00,Cine_OpKeyPosition,func,"void __fastcall Cine_OpKeyPosition(Cine *this) -- cinematic opcode 1. Evaluates a position keyframe via Cine_KeyframePos, optionally adds the world offset at this->+0x8c0/+0x8c2/+0x8c4 when this->+0x8b4 bit 0x10 is set, then applies it: if the target selector byte at *(this->+0x28) is 0 it calls 0x561ae0, otherwise (selector < 5, and the target not flagged 8) it calls the object's VTABLE SLOT +0x1c, which is the established ScnObject SetPosition. Verified."
0x562ee0,Cine_OpKeyRotation,func,"void __fastcall Cine_OpKeyRotation(Cine *this) -- cinematic opcode 2. Evaluates a rotation keyframe via Cine_KeyframeRot, then writes it straight into the object as *(u32*)(obj+0x14) and *(u16*)(obj+0x18) - i.e. the three s16 of ScnObject.rot at +0x14, which independently confirms that field. Selector 0 goes to 0x561b10 instead. Verified."
0x563060,Cine_OpToggleActorEntry,func,"void __fastcall Cine_OpToggleActorEntry(Cine *this) -- handler for opcodes 7 and 8, the same set/clear pairing as 4/5: a bit is derived from the script cursor's offset parity and INVERTED when the opcode is 8. It then scans the actor table at this->+0x8ec (stride 0x1c, count at this->+0x958) for the entry matching the current target and calls 0x5626b0 with its index. Verified as to mechanics; what 0x5626b0 does to the entry is not yet read."
0x562f70,Cine_OpStartAnim,func,"void __fastcall Cine_OpStartAnim(Cine *this) -- cinematic opcode 3, first half: Anim_Start(obj+4, obj+0x40, animId, 1) on the target, where animId is the u16 at +2 of the script record's payload. Verified."
0x562fa0,Cine_OpAdvanceAnim,func,"void __fastcall Cine_OpAdvanceAnim(Cine *this) -- cinematic opcode 3, second half: calls ScnBody_AdvanceAnim unless the target's ScnObject flags (+0x3a) have bit 0x20 set. So opcode 3 is start-then-step. Verified."
0x562ff0,Cine_OpKeyCamScalar,func,"void __fastcall Cine_OpKeyCamScalar(Cine *this) -- cinematic opcode 6. Evaluates a SCALAR keyframe via Cine_KeyframeScalar and applies it through 0x561b40, which writes Cine.camScalar at +0x8d8 - and it only does so when the target selector is 0, i.e. the camera. Verified."
0x561ae0,Cine_SetCamPos,func,"void __thiscall Cine_SetCamPos(Cine *this, Vec3s *p) -- stores into Cine.camPos +0x8cc. The selector-0 destination of opcode 1. Verified."
0x561b10,Cine_SetCamRot,func,"void __thiscall Cine_SetCamRot(Cine *this, Vec3s *r) -- stores into Cine.camRot +0x8d2. The selector-0 destination of opcode 2. Verified."
0x561b40,Cine_SetCamScalar,func,"void __thiscall Cine_SetCamScalar(Cine *this, u16 v) -- stores into Cine.camScalar +0x8d8. The selector-0 destination of opcode 6. Verified."
# --- CONTROLLER REMAPPING. Progress +0x9e..+0xa8 are not mixer
# levels: they are the saved button remapping. The map is a 16-entry u16 table at 0x57eb78 with a
# parallel u8 table at 0x57eb98, and remapping is done by SWAPPING slots, not by assignment.
0x55ebc3,Input_SwapMapping,func,"void Input_SwapMapping(u8 slot, s16 value) -- searches the 16-entry map at g_inputMap 0x57eb78 for 'value' (stopping at index 0x10), then SWAPS that entry with the one at 'slot', performing the same swap on the parallel byte table at g_inputMapAux 0x57eb98. Swapping rather than assigning is what keeps the mapping a permutation. Verified."
0x55ec69,Input_ApplyRemap,func,"void Input_ApplyRemap(u16 a, u16 b, u16 c, u16 d, u16 e, u16 f) -- applies a saved controller remap by calling Input_SwapMapping for table slots 0xc, 0xd, 0xe, 0xf, 0xb and 0xa in that order. Its arguments are Progress +0x9e..+0xa8, so this is what restores the player's button layout at load; reached from the init that Load_DAVnWAR calls. Verified."
0x57eb78,g_inputMap,data,u16[16] -- the button mapping table permuted by Input_SwapMapping; read with movzx word [2*eax+0x57eb78] at 0x55ebd1 and compared with the movzx'd u16 argument.
0x57eb98,g_inputMapAux,data,u8[16] -- parallel table swapped in lockstep with g_inputMap. Verified.
0x55e9bf,Pad_StickToDeadzonedAxes,func,"void Pad_StickToDeadzonedAxes(u8 rawX, u8 rawY, int *outX, int *outY) -- converts two raw analog bytes (centre 0x80) into signed axes, and applies a square DEAD ZONE of 0x38 on each: if BOTH |dx| and |dy| are under 0x38 it returns (0,0). Ten callers. Verified. Sibling of Pad_AnalogToStick 0x55eac6."
0x5608d1,IdList_FindWithCount,func,"u32 *IdList_FindWithCount(u16 id, u16 *countOut) -- scans the packed blob at g_idListBlob 0x71af5c for the record whose low word matches 'id', walking record-to-record by (*rec >> 16) + 1 dwords and bounded by the count at 0x71af60. Returns the record's ENTRIES (record + 1) and writes its entry count through countOut (0x560952 mov eax,[ebp-4]; add eax,4), or NULL and 0. The count-returning sibling of Scn_FindIdList 0x560846."
0x71af60,g_idListCount,data,u32 -- number of records in g_idListBlob 0x71af5c; the loop bound in IdList_FindWithCount and Scn_FindIdList. Verified.
0x55f6b0,Crc32,func,"u32 Crc32(const u8 *data, int len) -- standard table-driven CRC-32: crc starts at 0xFFFFFFFF and each byte does crc = table[(u8)(crc ^ b)] ^ (crc >> 8). The table at g_crc32Table 0x5771d0 is the STANDARD reflected polynomial 0xEDB88320 (verified by regenerating it and comparing the first eight entries). Note it returns the running value WITHOUT the usual final XOR with 0xFFFFFFFF, so a caller wanting the conventional CRC-32 must invert. Callers are Card_Access 0x54a9c1 and Card_CommitBlock 0x54aaaa, so THE SAVE BLOCKS ARE CHECKSUMMED - which is the counterpart to the '***LOADFILE CALLED (no chksum)***' path at 0x57bc84. Verified."
0x5771d0,g_crc32Table,data,"u32[256] -- standard reflected CRC-32 table (polynomial 0xEDB88320), regenerated and byte-compared. Verified."
0x5612c4,Int_ToBcd,func,"u32 Int_ToBcd(s32 value) -- binary to packed BCD by the classic shift-and-add-6-per-decade method: the divisor starts at 10 and the correction at 6, both shifted left by 4 each round, adding correction*quotient until the quotient is 0. The parameter is signed: a negative value is made positive first, on a signed test (jge at 0x5612de); only the divide is unsigned. Three callers, all in the text formatter (0x533a64 / 0x533b0f / 0x533be0): this is how the engine's own printf renders decimal."
0x561c50,Cine_SkipRecords,func,"int __fastcall Cine_SkipRecords(Cine *this) -- advances the script cursor by the count in the byte at *(this->targetDesc + 1), returning 0 if Cine_AdvanceScriptCursor runs out partway and 1 otherwise. Five callers. Verified."
0x55e714,Input_SetMode,func,"void Input_SetMode(u8 mode); g_inputMode 0x719620 is u8 (evidence: movzx ecx, byte [0x719620] at 0x55e72f / 0x55e7bc). Mode 1 snapshots the current remap by reading map slots 0xe, 0xf, 0xc, 0xd, 0xb and 0xa through 0x55ebb2 into the globals at 0x71972a..0x719734 (the same six slots, in the same order, that Input_ApplyRemap 0x55ec69 writes); mode 2 double-latches the pad. **CONTAINS A DELIBERATE HANG**: on mode 1 with the state byte 0x719620 == 2 it enters an unconditional infinite loop. The instructions at 0x55e73b-0x55e744 are `mov edx,1 / test edx,edx / je 0x55e746 / jmp 0x55e73b` - the branch out can never be taken because edx is the literal 1, so this is `while(TRUE);` compiled verbatim. It looks like a debug assert that in the release build simply locks the game up. Verified from the instructions."
0x71972a,g_savedRemap,data,"s16[6] -- snapshot of the six remappable input slots taken by Input_SetMode(1), in map-slot order 0xe, 0xf, 0xc, 0xd, 0xb, 0xa. Verified."
# --- RENDER CULLING, and what cinematic opcodes 4/5 actually do ---
0x55ffe3,Scn_RenderIfVisible,func,"void Scn_RenderIfVisible(ScnObject *obj) -- the per-object render cull, called from Scenaric_RenderAll 0x560182 and recursively on children. An object is SKIPPED when any of: (a) the sphere test passes, (boundRadius(+0x2e) + g_pDisplayInfo->+0x28)^2 <= camDist2(+0x34); (b) it is behind the plane whose normal is at 0x584c5c/0x584c5e/0x584c60 and whose distance is at 0x584d1c, expanded by boundRadius*0x1000, AND flags bit 0x10 is clear; or (c) flags & 0x804 is non-zero. This is the RENDER-side counterpart to the camera-distance culling Scenaric_UpdateAll does on the update side (docs/04). Verified."
0x584c5c,g_cullPlaneNormal,data,s16[3] at 0x584c5c/0x584c5e/0x584c60 -- the normal of the near/frustum plane dotted against an object's position in Scn_RenderIfVisible. Verified.
0x584d1c,g_cullPlaneDist,data,"s32 -- the plane distance that the dot product is compared against, offset by boundRadius*0x1000. Verified."
0x5606e0,Res_RelocateIdLists,func,"void Res_RelocateIdLists(u32 *blob, int nRecords, int base) -- walks nRecords of the packed id-list format {u16 id; u16 count; u32 entries[count]} and adds 'base' to every entry, turning file-relative offsets into pointers. Callers are Install_WarResource 0x5475cb (for the type-0x82 export table) and Load_DAV. This independently confirms the record layout that tools/war_exports.py parses off-line ('entries {u16 id, u16 n, u32 fileOffset[n]}') and that IdList_FindWithCount 0x5608d1 strides with. Verified."
0x55ebb2,Input_GetMapping,func,s16 Input_GetMapping(u8 slot) -- returns g_inputMap[slot] 0x57eb78. The read partner of Input_SwapMapping 0x55ebc3; Input_SetMode 0x55e714 uses it to snapshot the six remappable slots. Verified.
0x561b60,Cine_CaptureCamera,func,"void __fastcall Cine_CaptureCamera(Cine *this) -- when this->+0x960 is non-zero it calls Camera_StartScripted with the LIVE camera state (0, &g_camera, g_camPitch, g_camYaw, rot.z 0x584d2c, &g_camPos, g_camDist, 0, 0x1000) and then Camera_ReleaseAny, finally setting this->+0x8e0 = 1. Reads as snapshotting the current camera into the scripted slot so the cinematic can take over from where gameplay left it (the intent is inferred). Three callers incl. Cine_Update."
0x560797,WarReloc_Find,func,"WarReloc_Find(u16 id, u16 *countOut, int *claim) -- scans g_warRelocTable 0x71af64 (WAR resource type 0x85) for the pair whose low word matches 'id', striding 2 dwords. Writes (entry >> 16) & 0x7fff through countOut. *claim is in/out: if non-zero on entry the pair's bit 31 is set; either way *claim then receives the pair's PREVIOUS claimed bit ((u16)(word0 >> 16) >> 15), computed at 0x5607f5-0x560805 before the optional `or 0x80000000` (0x560829). So type 0x85 is {u32 idAndCount; u32 ptr} pairs where the high word carries a 15-bit count and bit 15 of it (0x8000 within the word, 0x80000000 in the dword) is a CLAIMED marker. Verified."
0x55f210,Pad_AnalogToDpadBits,func,"void __fastcall Pad_AnalogToDpadBits(Pad *this) -- folds the analog stick into the DIGITAL button word. Reads the raw axes at +6/+7 (centre 0x80), shifts the button history (+0x34 = +0x32, +0x32 = +2), then sets or clears the direction bits in the latched word at +0x32 when an axis is outside the dead zone |axis| < 0x38 (56), as everywhere else in this file (cmp dword [ebp-0xc],0x38 / jge at 0x55f270; cmp [ebp-0x10],0x38 at 0x55f2c8). Analog input and the d-pad arrive through the SAME bits, so anything testing PadButton direction masks sees them identically once past the dead zone."

# camScalar, read from the consumer side:
0x6d7068,g_projFocalScale,data,"the cinematic camera scalar after quantisation. Cine.camScalar +0x8d8 is passed as argument 7 to Camera_StartScripted 0x55a70d, which computes p = (512 * u16(s)) >> 10 = floor(s/2) and hands p to 0x52a742 (this = 0x6d6fe0); that stores p here, forms f32(512/(2*p)), and 0x418d3c stores the ratio at settings+0x14 and f32(2*atan(ratio)) at +0x10, which 0x419b83 -> 0x408510 builds the projection from. So camScalar is a QUANTISED FOCAL SCALE, not an angle: a larger value narrows the horizontal FOV. Zero and exceptional inputs are not characterised."
# Cinematic record, final form (verified from the instructions):
#   +0x00 u16 opcode
#   +0x02 u16 count          -- NOT flags. Cine_RecordSize 0x561800 = record + 8 + g_cineOpStride[op]*count
#   +0x04 u16 *keyCursor     -- a MOVING cursor through the record's keyframe array, not a static pointer:
#                               three runtime endpoint tests (0x56292f, 0x562988, 0x5629f1) compare it against
#                               record + 8 + stride*(count-1), i.e. the address of the LAST entry, to detect
#                               the final keyframe. Verified from the instructions at those three sites.
#   +0x08 ...                -- count * g_cineOpStride[opcode] bytes of keyframe payload
# Two identical stride tables exist: 0x5816fc is used by Cine_RecordSize, 0x581738 by the endpoint tests.
0x581738,g_cineOpStride2,data,"u8[] -- duplicate of g_cineOpStride 0x5816fc, [0,8,8,4,2,2,4,2,2]. This is the copy the three runtime endpoint tests index. Verified."
0x561920,Cine_ScriptTargetsObject,func,"bool __thiscall Cine_ScriptTargetsObject(Cine *this, void *obj) -- resets the iterators then walks the script with Cine_SkipRecords looking for a record whose target selector is 1..4 (an object rather than the camera) AND whose target pointer at descriptor+4 equals obj. Returns 1 on a hit, 0 if the script ran out. Called by Cine_TagObjectsInBox 0x561f50, so this is how the cinematic decides whether a given object is one of its actors. Verified."
0x561c90,Cine_SaveIterator,func,"void __fastcall Cine_SaveIterator(Cine *this) -- copies the four live iterator words +0x28/+0x2c/+0x30/+0x34 (targetDesc, blocksRemaining, scriptCursor, scriptRemaining) into the shadow block at +0x38/+0x3c/+0x40/+0x44. Three callers. Verified."
0x561cb0,Cine_RestoreIterator,func,"void __fastcall Cine_RestoreIterator(Cine *this) -- the exact inverse of Cine_SaveIterator: restores +0x28..+0x34 from the shadow at +0x38..+0x44. Three callers, the same three. Verified."
0x560f41,TexScroll_UpdateAll,func,"void TexScroll_UpdateAll(void) -- loops i < g_texScrollCount calling TexScroll_Update(i) (0x560f6d): the per-frame scroll of every texture-scroll entry. Only reference: Game_Frame's tail jump at 0x56052f, guarded by g_gameFlags bit 0x4000."
0x71af70,g_texScrollCount,data,"u16 -- the number of texture-scroll entries (g_texScrolls / g_texScrollBackup) and the loop bound of TexScroll_UpdateAll 0x560f41; TexScroll_AddRect fills index [count] (0x560a41) and increments it (0x560bb8). Sits with the other WAR/id-list globals at 0x71af5c (blob), 0x71af60 (record count), 0x71af64/68 (type-0x85 reloc table and count)."
0x55e5f3,Input_Init,func,"void Input_Init(void) -- the input bring-up Load_DAVnWAR calls. Initialises g_pad/g_pad2, calls 0x528315(1) and 0x55f0a8(0)/(0x10), promotes two device state bytes that read 7, frees the two pad nodes, calls Input_SetMode(0), and finally restores the saved controller remap with Input_ApplyRemap. NOTE THE ARGUMENT ORDER: it passes g_pProgress +0xa2, +0xa4, +0x9e, +0xa0, +0xa6, +0xa8 in that sequence, which is what pins each saved word to its map slot (0xc, 0xd, 0xe, 0xf, 0xb, 0xa respectively), not in ascending order. Verified."
0x561820,Cine_RenderTaggedObjects,func,"void __fastcall Cine_RenderTaggedObjects(Cine *this) -- called from Scenaric_RenderAll. Walks the script for targets with selector 3 or 4 and, for each, RECOMPUTES the object's camDist2 (+0x34) as the squared distance from its position (+0x0c/+0x0e/+0x10) to the camera (0x584d20/0x584d22/0x584d24) before testing flags & 0x804 and rendering. So cinematic actors get a freshly computed distance rather than whatever Scenaric_UpdateAll last left, which is how they stay visible independently of the normal update-side culling. Verified."
0x5620a0,Cine_Finish,func,"void __fastcall Cine_Finish(Cine *this) -- called from Cine_Stop 0x563350. Sets this->+0x8e4 = 1, resolves the cinematic's resource through WarReloc_Find 0x560797 keyed on this->+0x8a8 (claiming the entry), stores the result at +0x04 and +0x04+4 at +0x00, then re-runs Cine_RunOpcodes if +0x8e0 == 1 before walking the actor list. Verified as to shape; the per-actor teardown is not fully read."
# --- libjpeg boundary. The lower bound is 0x4222c0: the function at 0x422270 is NOT libjpeg but
# COM/DirectShow (it calls vtable slots +0x10 and +0x8 - IUnknown::Release - on interface pointers at
# param+0x14 and +0x34) and its caller is the video player 0x421ce0; the call graph gives
# 0x4222c0 as well. The range 0x4222c0-0x42dae0 is 151 functions; its external entries are the
# libjpeg API from the two image decoders.
0x422270,Video_ReleaseFilter,func,"releases a DirectShow filter: calls vtable +0x10 on the interface at param+0x14 passing the one at +0x34, then IUnknown::Release (vtable +0x8) on the latter and nulls it. Part of the FMV path, NOT libjpeg. Verified."
0x42bc80,Stub_Ret,func,"a ONE-BYTE function (a bare ret) called from 0x50bddc, 0x5432d3 and 0x546515 - menu and save code. The same byte is IJG's jmemnobs.c jpeg_mem_term (see its row below): the game's empty calls land on it. The object that held the game's own empty body is not recovered; src/engine/sfx_volume.cpp declares its two call signatures."
0x56160f,Video_PlaySequence,func,"char Video_PlaySequence(u32 *list) -- plays a sequence of FMV clips through DIRECTSHOW. Tears the audio down first (stops the stream player, Sound_ShutdownChannels, saves the device state from 0x6d5320[4]/[5] and destroys the object), calls CoInitialize(NULL), then for each of list[0] entries builds a path as strcpy(base 0x6d6ab8) + strcat('\\\\' 0x5816f8) + strcat(entry name at list + i*0x40 + 1) and plays it with 0x421ce0, stopping early if that returns 0. Afterwards CoUninitialize, then reconstructs the audio object (operator_new(0x504) / 0x4065a0) and restores the saved state. Entries are 0x100 bytes apart with the filename at +4. Verified."
0x563470,Cine_InitRecordCursors,func,"void __fastcall Cine_InitRecordCursors(Cine *this) -- called at the top of Cine_RunOpcodes 0x5621b0. Walks every script record and sets its key cursor at record+4 to record + 8 + g_cineOpStride3[opcode] * (count - 1), i.e. THE LAST KEY; a record with count 0 gets record+8. Verified. CONSEQUENCE for the flicker opcodes 4/5: their phase is the parity of the cursor's key index, and since dispatch begins at k = count-1, the INITIAL phase depends on the parity of (count-1) - an even count starts them one way, an odd count the other."
0x581744,g_cineOpStride3,data,"u8[] -- a THIRD identical copy of the cinematic opcode stride table [0,8,8,4,2,2,4,2,2], after 0x5816fc and 0x581738. This copy is the one Cine_InitRecordCursors indexes. The copies are one header static per including object (src/engine/cine*.cpp). Verified from the exe bytes."
# --- "BSV" VOICE/MUSIC BANK FORMAT. "BSV" fits the engine's own name, Black Sheep
"# (cf. the model magic ""V2.6"" and the strings ""Black Sheep Error"" 0x5794d0"," ""BSHEEP_Frustrum ERROR"")."
"#   header : char[12] ""BSV_FILEV2.5""   (literal at 0x5817e0", strncmp'd 12 bytes)
#   then   : 116 (0x74) consecutive entries, each {u32 size; u8 data[size]} INLINE - a size of 0 means the
#            slot is absent and its pointer is left NULL.
# The loader allocates one 0x1d0-byte pointer array (0x74 * 4 = 0x1d0, which confirms the entry count) and
# copies each blob into its own allocation with an inlined dword+byte-tail memcpy.
0x563740,Load_MusicVoiceBank,func,"void __thiscall StreamPlayer::Load_MusicVoiceBank() -- builds the path from the References directory prefix 0x6d6cb8 and the literal 'MusicVoice.BSV' (0x5817f0, stored as inlined dword/word/byte writes), reads the file with 0x41b72d and validates the first 12 bytes against 'BSV_FILEV2.5' 0x5817e0. On a match it sets +0x132 = 0x74 (the entry count), allocates a 0x1d0-byte pointer array at +0x134, then walks 116 {u32 size; u8 data[size]} entries, allocating and copying each non-empty one and leaving NULL for size 0; the entries are clip FILE NAMES, later strcat'ed onto Musics\ or Voices\<lang>/. It also resets activeSlot, g_streamActiveSlot and current, sets +0x131 (bankLoaded) = 1 and ends with state = 0 (ecx = this is copied to esi at 0x56374b; writes +0x130/+0x131/+0x132/+0x134/+0x4/+0x33c at 0x5638c1-0x56390b; byte-matched as StreamPlayer::Load_MusicVoiceBank). Sole caller Load_DAVnWAR."
0x5817f0,g_strMusicVoiceBsv,data,char[15] -- the literal 'MusicVoice.BSV' appended to the level base path by Load_MusicVoiceBank. Verified from the exe bytes.
0x5817e0,g_strBsvMagic,data,"char[13] -- the literal 'BSV_FILEV2.5', the 12-byte magic Load_MusicVoiceBank strncmp's the bank header against. Verified from the exe bytes."
0x6d6cb8,g_dirReference,data,"char[] -- exeDir + "".\\References\\"" (WinMain strcat at 0x4012af): the prefix Load_MusicVoiceBank builds its path from; same style as g_musicsPath / g_voiceDir / g_pathDemoDir. BSS, so empty in the file image."
0x53492c,Text_Sprintf,func,"char *Text_Sprintf(char *out, const char *fmt, ...) -- the engine's own sprintf wrapper. A NULL fmt writes an empty string; otherwise it forwards to the hand-written formatter 0x53495f with the varargs taken straight off the stack, and returns 'out'. Eleven callers. Note the formatter supports only %d %u %x %s %% %$ plus the '$...$' colour and button-glyph escapes, and renders decimals via Int_ToBcd 0x5612c4. Verified."
0x40aea9,Surface_Unlock,func,"void __fastcall Surface_Unlock(void *this) -- IDirectDrawSurface7::Unlock (vtable +0x80) on the surface at this+0x10, passing a NULL rect. Its sibling 0x40ae3f calls vtable +0x64 on the SAME interface with a DDSURFACEDESC2 whose dwSize it sets to 0x7c and flags 0x821, which is Lock(WAIT|WRITEONLY|NOSYSLOCK) - and in the IDirectDrawSurface7 vtable +0x64 is Lock and +0x80 is Unlock. Eleven callers."
0x4ef8c9,CamShot_Init,func,"void __thiscall CamShot_Init(CamShot *this, u32 arg) -- the launch camera-shot record (CamShot) initialiser, with CamShot_Start/Update/Stop. Zeroes this[0], this[1] and the byte at this+0xc, then stores arg at this[4]. A small record initialiser with ten callers in the SensibleButton neighbourhood (0x4eeb9c-0x4f0649). Descriptive name; the record's owner is not established."
0x55262a,Camera_StartShake,func,"void Camera_StartShake(s16 amplitude, s32 durationTicks) -- amplitude (world units) to g_camShakeAmplitude 0x6e4380, duration (g_dt ticks, 0x1000 = 1 s) to 0x6e4378, elapsed 0x6e437c = 0; Camera_ShakeOffset 0x55254c then emits +-amplitude*(dur-elapsed)/dur. Typical call Wolf 0x47e41a: (20, 0x1000). Was Cam_SetShakeParams. Verified."
0x4618df,Robot_SetState,func,"void __thiscall Robot_SetState(Robot *this, u8 state) -- Anim_Start(this+4, this+0x40, g_robotStateTable[state].animId, ((flags & 4) != 0) | 2), then Robot_EnterState(state), which writes the state byte +0x2d8, resets stateTime and applies the RobotStateFlags. The argument is a Robot state, as in Wolf_SetState."
0x57a880,g_robotStateTable,data,"RobotStateDesc[30] {u16 animId; u16 flags;} -- per-Robot-state {anim, RobotStateFlags} read by Robot_SetState/Robot_EnterState; the flags consumed are 0x1/0x2/0x8/0x10/0x20/0x40/0x80/0x100, not only bit 2."
0x5346ff,Text_WordWrap,func,"void Text_WordWrap(char *text, u8 mode) -- the text engine's word-wrap pass. Walks the string measuring each line against g_pCurFont[0x0e], the font's cols (window width / glyph width, data/structs/Font.csv), and treats any byte below 0x21 as a break candidate. Nine callers. Verified; this independently corroborates Font+0x0e = cols."
# --- DirectX IIDs, all five decoded from the .rdata bytes and matched against the documented values.
# 0x577708 is the T&L HAL device IID, and
# 0x577708/0x577718 are always referenced as a pair (0x404c02, 0x4058ab, 0x40a330, 0x40a69c), which is
# the standard DX7 'try T&L HAL, else HAL' selection.
# The five rows are the SDK's own linker names (_IID_IDirectInput8A .. _IID_IDirectDraw7) near the top of this file.
# The two timer globals of the frame LIMITER, not of Time_Update:
# every reference to either is inside Frame_LimitFps / Frame_GetFps / Frame_DrawFpsText (0x405db8-0x405e68)
# plus the static ctor/dtor thunks at 0x4044d2/0x4044f3. The per-frame gameplay clock is the separate
# g_pTimer 0x71b2e4 feeding g_dt 0x71b300 and g_dtRaw 0x71b2cc.
0x585068,g_limiterTimer,data,"Timer -- the SECOND Timer object, used only by the frame limiter. Frame_LimitFps does `mov ecx,0x585068; push 1; call Timer_GetElapsed` (unit 1 = seconds) then Stop/Start. Distinct from the clock Time_Update reads. Verified."
0x5c7628,g_limiterElapsedSec,data,"double -- the limiter's elapsed-seconds sample, written once by Frame_LimitFps (`fstp qword ptr [0x5c7628]` at 0x405dc2) and read back as fps = 1.0/it at 0x405dce, 0x405e2d and 0x405e68. NOT a gameplay delta - do not confuse with g_dt or g_dtRaw, which are in 1/4096 s. Verified."
0x6d6678,g_maxImmediateTriangles,data,"u32 -- immediate-batch triangle limit, set to 0x3e8 (1000) by the FIRST instruction of App_InitGameSystems 0x401871 and read once, at 0x547945 inside Load_DAVnWAR, where it is passed to the PolyBatcher constructor 0x416970. BSS, so the value is only visible from that write. Verified."
0x40ae3f,Surface_LockForWrite,func,"void __thiscall Surface_LockForWrite(void *this, DDSURFACEDESC2 *desc) -- sets desc->dwSize = 0x7c then calls IDirectDrawSurface7::Lock (vtable +0x64) on the surface at this+0x10 as Lock(NULL, desc, 0x821, NULL). The flags are DDLOCK_WAIT|DDLOCK_WRITEONLY|DDLOCK_NOSYSLOCK. Nine callers; pairs with Surface_Unlock 0x40aea9. Verified."
0x533659,Text_NewLine,func,"void __cdecl Text_NewLine(s32 lines) -- s32: imul edx,dword [ebp+8] at 0x533676. Carriage return plus line feed for the text engine: zeroes g_textCursorX and advances g_textCursorY by g_pCurFont[0x12] * lines (Font+0x12 = lineHeight). Eight callers. Verified."
# --- Black Sheep model parser 0x41b1a0-0x420420. The BsFile reader family all
# share the struct already in data/structs/BsFile.csv: +0x10 data, +0x14 size, +0x18 cursor, and each
# takes a char `advance` so the same function serves as both peek (0) and read (1).
0x41f7ef,BsFile_ReadU8,func,"u8 __thiscall BsFile_ReadU8(BsFile *this, char advance) -- reads one byte at this->data + this->cursor and advances the cursor by 1 when advance == 1. Eleven callers. Verified."
0x41f91f,BsFile_ReadU24BE,func,"u32 __thiscall BsFile_ReadU24BE(BsFile *this, char advance) -- reads THREE bytes and assembles them BIG-ENDIAN (b[0]<<16 | b[1]<<8 | b[2]), then advances the cursor by FOUR. Note both halves of that: the byte order is opposite to BsFile_ReadU16/U32, which are little-endian, and the cursor step is one larger than the data read, so the fourth byte is skipped padding. Four callers. Verified."
0x41fb58,Bs_S16ToFloat,func,float Bs_S16ToFloat(s16 v) -- widens a signed 16-bit value to x87 float. Three callers in the model parser. Verified.
0x41fc41,Bs_TexelToUV,func,"float Bs_TexelToUV(u8 texel, s16 size, s16 origin) -- half-texel-corrected UV for a 256-pixel texture page: (((size-1)/size) * texel + 0.5 + origin) / 256.0. The 0.5 is the literal at 0x574418 and the 256.0 is the shared constant at 0x5743c0. Same shape as Tex_CornerUV 0x54a2ec. Four callers. Verified."
0x41ba1d,Bs_IsGeometryResource,func,"bool __fastcall Bs_IsGeometryResource(void *rec) -- returns true when the resource type byte at rec+0xc is 3, 4, 0xb, 0x26 or 0x27. Those are exactly the DAV/WAR types that GetResourceType 0x547470 groups together (it returns class 0 for 3/4/0xb/0x26 and class 3 for 0x27), so this is the model parser's own test for 'this resource carries geometry'. Eleven callers. Verified."
# 0x5743c0 g_fogLinearDivisor is a SHARED MSVC constant-pool slot holding 256.0f: Bs_TexelToUV uses it as the
# texture-page width, the fog code as the divisor of its linear ramp; the name covers only the fog use.
# 0x574320 g_float_2 (2.0f, about 90 references) is the same kind of shared constant.
0x41b7f0,BsFile_Open,func,"BsFile * __thiscall BsFile_Open(BsFile *this, const char *path) -- constructor for the Black Sheep model/animation file. Installs vtable 0x574404, zeroes data/cursor, loads the image with 0x41b72d into this->data (+0x10) with the length through a local, and fails when the length is < 1. It then reads FOUR bytes one at a time with BsFile_ReadU8 and strncmp's them against 0x5794c0 - the 'V2.6' magic. On success it records a record pointer and copies a byte from record+4 into this->+0x04. Verified."
0x41bc0f,BsFile_PeekEntryCount,func,"u16 __fastcall BsFile_PeekEntryCount(BsFile *this) -- saves the cursor, and if Bs_IsGeometryResource passes, skips 8 bytes and reads a u16, then RESTORES the cursor. So the u16 at record+8 is read without consuming: a count. Returns 0 when the record is not a geometry resource. Verified."
0x41bcf3,BsFile_FindEntryValue,func,"u16 __thiscall BsFile_FindEntryValue(BsFile *this, u16 id) -- id-to-value lookup inside a geometry record. Reads a table offset from record+4 (u32) and a count from record+0x0a (u16), seeks to the offset, then walks entries: it PEEKS each entry's leading u16 and, on a match with `id`, consumes it and returns the following u16; on a miss it calls BsFile_SkipEntry 0x41fc89 to step over a variable-length entry. Stops at the count or the first hit, and always restores the original cursor. Returns 0 when not found. Verified."
0x41fc89,BsFile_SkipEntry,func,"void __fastcall BsFile_SkipEntry(BsFile *this) -- steps the cursor over one variable-length entry. An entry is {u16 kind; u16 count; payload[count * stride(kind)]}: it consumes both words then adds count * stride from a switch over 23 kinds, 0x00..0x16. Nine callers, and it is the function that DEFINES the geometry entry format. Verified; full stride table in data/enums/BsEntryKind.csv."
0x41b72d,Bs_LoadFile,func,"void *Bs_LoadFile(const char *path, u32 *sizeOut) -- opens the file with the mode string at 0x5794b8, measures it with 0x41b6e0, allocates that many bytes with operator new, freads the whole image and closes. Returns NULL with *sizeOut = 0 on failure. Five callers - it is the loader behind BsFile_Open, Load_SND and Load_MusicVoiceBank. Verified."
0x41ba79,BsFile_NextFrame,func,"int __fastcall BsFile_NextFrame(BsFile *this) -- advances the animation frame cursor. Only runs when this->+0x04 is 1 (a validly opened file). Seeks to the frame DIRECTORY at file offset 0x10, increments the frame index, and returns 1 normally or 2 after wrapping the index back to 0 at the count in this->+0x08. It then reads the directory entry at 0x10 + index*4 as a u32 and splits it the SAME WAY the DAV resource table does: the top byte (masked with 0xbf) becomes this->+0x0c and the low 24 bits become the new cursor. So the frame directory is u32[count] of {type in bits 24-31, 24-bit file offset}. Seven callers. Verified."
0x41bb5b,BsFile_FirstFrame,func,"int __fastcall BsFile_FirstFrame(BsFile *this) -- the rewind partner of BsFile_NextFrame: resets the frame index to 0, reads directory entry 0 at file offset 0x10 and splits it into the type byte at +0x0c and the 24-bit cursor exactly as NextFrame does. Always returns 2. Six callers. Verified."
0x41f994,BsFile_ReadRgbHalved,func,"u32 __thiscall BsFile_ReadRgbHalved(BsFile *this, char advance) -- reads three bytes, HALVES each one (>> 1) through __ftol, and assembles them big-endian as b0 + b1*0x100 + b2*0x10000, advancing the cursor by four. The same three-byte-big-endian-in-a-four-byte-slot shape as BsFile_ReadU24BE 0x41f91f but with each channel scaled to 0..127, which is the PlayStation vertex-colour convention the rest of this port keeps. Four callers. Verified."
# --- Mesh build dispatcher and the geometry decoders (verified from the call sites in
# 0x40c230).
0x40c230,Mesh_BuildFromBsFile,func,"u8 __thiscall Mesh_BuildFromBsFile(Mesh *this, D3DApp *app, void *rec) -- the mesh build dispatcher. Walks a Black Sheep geometry record, calls BsFile_FindEntryValue 0x41bcf3 for each entry kind it cares about, and feeds the matching decoder. The kind groups follow the payload strides in BsEntryKind exactly: {0,1} (stride 8) -> 0x41c136; {2,3} (16/20) -> 0x41c461; {4,0x14,5,0xc,0xd,0xe,0xf} (24) -> 0x41cfe6 then 0x41e09a; {6,0x15,7,8,9,0xa,0xb} (40/48) -> 0x41d7d2 then 0x41e9ca; {0x10,0x11} (12) -> 0x41c836; {0x12,0x16,0x13} (20/24) -> the last group. Verified. Argument order: arg 1 is the D3DApp, stored at this+8 (0x40c246); the record is arg 2, read at 0x40c252."
0x41c136,BsDecode_Kind0_1,func,"__thiscall(BsFile *, int, int, int) -- decoder for entry kinds 0 and 1 (payload stride 8). Dispatched from Mesh_BuildFromBsFile. Verified as to which kinds reach it; the payload layout is not yet read."
0x41c461,BsDecode_Kind2_3,func,"__thiscall(BsFile *, int, int, int) -- decoder for entry kinds 2 and 3 (strides 16 and 20). Verified as to dispatch."
0x41cfe6,BsDecode_Stride24_Pass1,func,"__thiscall(BsFile *, int, int, int) -- first pass over the 24-byte-stride kinds {4, 0x14, 5, 0xc, 0xd, 0xe, 0xf}; its result is handed to BsDecode_Stride24_Pass2 0x41e09a. Verified as to dispatch."
0x41e09a,BsDecode_Stride24_Pass2,func,"__thiscall(BsFile *, u32, int) -- second pass for the 24-byte-stride kinds, taking Pass1's return: the FIXED-SQUARE decoder for kinds 0xc-0xf (flat, 64px cells for 0xc/0xd and 32px for 0xe/0xf, quad split (a,d,c)/(a,b,d)); kinds 0xc-0xf are exactly the subset of this group. Dispatch verified; the cell geometry is inferred."
0x41d7d2,BsDecode_Stride48_Pass1,func,"__thiscall(BsFile *, int, int, int) -- first pass over the 40/48-byte-stride kinds {6, 0x15, 7, 8, 9, 0xa, 0xb}; its result is handed to BsDecode_Stride48_Pass2 0x41e9ca. Verified as to dispatch."
0x41e9ca,BsDecode_Stride48_Pass2,func,"__thiscall(BsFile *, u32, int) -- second pass for the 40/48-byte-stride kinds: the fixed-square VERTEX-COLOUR decoder for kinds 8-0xb, which are exactly a subset of this group. Dispatch verified."
0x41c836,BsDecode_Kind10_11,func,"__thiscall(BsFile *, int, int, int) -- decoder for entry kinds 0x10 and 0x11 (stride 12): an UNTEXTURED decoder; the kinds and the stride match what the dispatcher and BsEntryKind say. Verified as to dispatch."
0x41c03f,BsFile_ReadVertices,func,"u16 __thiscall BsFile_ReadVertices(BsFile *this, float *dest, u16 firstIndex) -- reads the vertex block: a u32 table offset and a u16 count from the record header, then for each vertex three s16s widened through Bs_S16ToFloat 0x41fb58 and stored as floats at dest + (i + firstIndex) * 0xc. This is what proves the 12-byte vertex stride in Mesh_BuildFromBsFile is three FLOATS, and that the file stores positions as s16. Verified."
0x41b6e0,Bs_FileSize,func,"u32 Bs_FileSize(FILE *f) -- size by seek: ftell to save, fseek(0, SEEK_END), ftell for the length, fseek back to the saved position. Two callers, both in the loader path. Verified."
0x41bddb,BsFile_CountKindAcrossFrames,func,"int __thiscall BsFile_CountKindAcrossFrames(BsFile *this, u16 kind) -- saves the current frame index, rewinds with BsFile_FirstFrame, then walks every frame (count at this->+0x08) summing BsFile_FindEntryValue(kind), and finally rewinds again and steps forward to restore the original frame. Totals one entry kind across the whole animation. ZERO DIRECT CALLERS in this build - no direct reference, which does not exclude an indirect one. Verified."
# --- A SECOND, BASE file-reader class at vtable 0x5743fc. Its fields sit exactly 8 bytes below BsFile's
# (+0x8 data, +0xc size, +0x10 cursor, against BsFile's +0x10/+0x14/+0x18), and the two vtables are 8
# bytes apart in .rdata, so BsFile extends it. Each reader exists in both forms.
0x41b1a0,BsStream_Open,func,"void * __thiscall BsStream_Open(BsStream *this, const char *path) -- constructor of the base stream class: installs vtable 0x5743fc, loads the image with Bs_LoadFile 0x41b72d into this->+0x08, stores the length at +0x0c and sets the valid byte at +0x04 to 1, or 0 when the length is < 1. Verified."
0x41b22e,BsStream_Seek,func,"bool __thiscall BsStream_Seek(BsStream *this, u32 pos) -- bounds-checked seek: sets the cursor at +0x10 to pos only when pos < size (+0x0c), and returns whether it did. One of the few places in this parser that actually range-checks an offset. Verified."
0x41b2ad,BsStream_ReadU8,func,"u8 __thiscall BsStream_ReadU8(BsStream *this, char advance) -- the base-class counterpart of BsFile_ReadU8 0x41f7ef, reading at this->+0x08 + this->+0x10 and advancing the cursor by 1 when advance == 1. Verified."
0x41bf4e,BsFile_Type4_GetTableCount,func,"u16 __fastcall BsFile_Type4_GetTableCount(BsFile *this) -- only acts when the record type byte at this->+0x0c is 4: skips 0x10 bytes, PEEKS a u32 as a table offset, seeks there and reads a u16, then restores the cursor. So a type-4 record carries a table pointer at +0x10 whose first word is a count. Returns 0 for any other type. Verified."
0x41be6d,BsFile_Type4_GetField18,func,u16 __fastcall BsFile_Type4_GetField18(BsFile *this) -- again gated on the record type byte being 4: reads the u16 at record+0x18 and restores the cursor. Verified as to mechanics; what the field counts is not yet established.
0x41b2e9,BsStream_ReadU16,func,"u16 __thiscall BsStream_ReadU16(BsStream *this, char advance) -- little-endian u16 on the base stream (data at +0x08, cursor at +0x10), advancing by 2 when advance == 1. Base-class counterpart of BsFile_ReadU16 0x41f82b. Verified."
0x41b34c,BsStream_ReadU32,func,"u32 __thiscall BsStream_ReadU32(BsStream *this, char advance) -- little-endian u32 on the base stream, advancing by 4. Counterpart of BsFile_ReadU32 0x41f88e. Verified."
0x41b1fa,BsStream_Dtor,func,"void __thiscall BsStream_Dtor(BsStream *this) -- **GHIDRA MISLABELS THIS AS `exception::~exception`** from a library-signature (FLIRT) match. It is not: it installs vtable 0x5743fc, which is BsStream's own, and frees the buffer at this+0x08, which is BsStream's data pointer. A stock exception destructor would do neither. Verified; the auto-applied library name is overridden."
0x41b3e0,BsStream_ScalarDeletingDtor,func,"BsStream * __thiscall BsStream_ScalarDeletingDtor(BsStream *this, uint flags) -- the MSVC scalar-deleting destructor thunk: calls BsStream_Dtor then frees the object itself when bit 0 of flags is set. Ghidra types it against `exception` for the same bad signature match as 0x41b1fa. Verified."
0x41bc68,BsFile_TotalVerticesAllFrames,func,"int __fastcall BsFile_TotalVerticesAllFrames(BsFile *this) -- rewinds, walks every frame (count at +0x08) summing BsFile_PeekEntryCount 0x41bc0f (the u16 at record+8), then rewinds and steps back to the original frame. Gives the vertex total across the whole animation, which is what a caller needs to size one buffer for all frames. Same shape as BsFile_CountKindAcrossFrames 0x41bddb and BsFile_TotalField18AllFrames 0x41bec3. No direct callers. Verified."
0x41bec3,BsFile_TotalField18AllFrames,func,"int __fastcall BsFile_TotalField18AllFrames(BsFile *this) -- the same rewind-sum-restore pattern, totalling BsFile_Type4_GetField18 0x41be6d (the u16 at type-4 record +0x18) across every frame. No direct callers. Verified."
0x41f422,BsFile_Type4_ReadTable14,func,"u32 __thiscall BsFile_Type4_ReadTable14(BsFile *this, void *dest) -- gated on the record type byte being 4: skips 0x14 bytes, reads a u32 table offset and a u16 count, seeks to the table and walks 'count' elements. So a type-4 record carries a SECOND table descriptor at +0x14, distinct from the one at +0x10 that BsFile_Type4_GetTableCount reads. Verified."
0x41fe75,BsFile_ReadTrack12,func,"void __thiscall BsFile_ReadTrack12(BsFile *this, void *dest, u32 count, int arg) -- fills an array of 12-byte records: per element it reads a u16 into dest+4+i*0xc, then three more u16s of which the last is DISCARDED, passes the second to 0x41ff60 along with dest+8+i*0xc, and memcpy's forward into the next element. The discarded fourth word is padding or an unused field. Verified as to shape; what 0x41ff60 does with the pair is not yet read."
# --- A THIRD file class and a SECOND magic. The three vtables are contiguous single-slot entries at
# 0x5743fc (BsStream), 0x574400 (this one) and 0x574404 (BsFile) - a family sharing the base readers.
0x41b410,Vdx7_Open,func,"void * __thiscall Vdx7_Open(Vdx7 *this, const char *path) -- installs vtable 0x574400, reads four bytes with BsStream_ReadU8 and strncmp's them against the literal at 0x5794b0, which is **'VDX7'** - a DIFFERENT magic from the model format's 'V2.6' at 0x5794c0. On a match it allocates two arrays: one of u32 entries masked to 16 bits, and one of 10-BYTE records written as five u16s each (at +0, +2, +4, +6, +8). Almost certainly the texture-page container: PolyBatcher_LoadTexturePages 0x416fe2 takes its page count from a 'VDX7' header word. Verified as to magic, allocation and record size; the field meanings are inferred."
0x5794b0,g_strVdx7Magic,data,"char[5] -- the literal 'VDX7', the 4-byte magic Vdx7_Open 0x41b410 validates. Read from the exe bytes."
0x5794c0,g_strBsModelMagic,data,"char[5] -- the literal 'V2.6', the 4-byte magic BsFile_Open 0x41b7f0 validates for Black Sheep model/animation files. Read from the exe bytes."
0x41ff60,BsFile_ReadJointTable,func,"void __thiscall BsFile_ReadJointTable(BsFile *this, void *table, u32 count) -- reads 'count' u16s, masks each with 0x3f to get a slot index, and clears/fills that slot in an array of 0x28-byte (40-byte) records. The 6-bit mask caps the table at 64 slots. Called from BsFile_ReadTrack12 0x41fe75, so the 12-byte track records reference these 40-byte slots - the shape of a skeleton with up to 64 joints and per-joint tracks. Verified as to mechanics and sizes; the joint interpretation is inferred from the structure."
0x41f54b,BsFile_ReadAnimNames,func,"int __thiscall BsFile_ReadAnimNames(BsFile *this, void *dest, int arg) -- reads the ANIMATION NAME TABLE. Follows a u32 table pointer at record+0x10 to a count, then per entry reads an offset: when the offset is 0 it strncpy's the literal 'No anim' (0x5794c8) into dest + 4 + i*0x14, otherwise it reads 8 characters and copies those. So animation slots are 0x14-byte records with an 8-char name at +4, and 'No anim' is the placeholder for an empty slot."
0x5794c8,g_strNoAnim,data,"char[8] -- the literal 'No anim', written by BsFile_ReadAnimNames 0x41f54b into any animation slot whose data offset is 0. Read from the exe bytes."
0x41cbb6,BsDecode_Kind12,func,"__thiscall(BsFile *, void *dest, u32 firstIndex, u32 bias) -- decoder for entry kind 0x12. Walks the entry table PEEKING each leading u16 until it finds 0x12, then reads a count and fills that many 0x20-byte (32-byte) output records at dest + (i + firstIndex)*0x20, adding 'bias' to byte-masked fields. Kind 0x12 has payload stride 20 per BsEntryKind, so this converts 20-byte source entries into 32-byte render records. One of the untextured decoders. Verified."
0x4077f0,Mat44_Ctor,func,"void __thiscall Mat44::Mat44() -- Mat44's empty, out-of-line constructor: `return this`, initialises nothing. Called once per matrix construction (75 call sites in 52 functions, all constructing 0x40-byte matrices or the static g_matrix* objects). Not a shared thunk: the exe keeps the byte-identical empty ctor 0x415c70 as a separate function, so identical bodies are not folded. It does no matrix work, despite sitting 0x186 bytes from Mat44_SetIdentity 0x407976."
# --- Model-parser numeric conversions. Constants read from the exe: 0x5743d0 = pi, 0x5743cc = 2*pi,
# 0x57440c = 4096.0, 0x574410 = 128.0, 0x574414 = 1024.0, 0x574300 = 0.0.
0x41fb71,Bs_Angle12ToRadians,func,"float Bs_Angle12ToRadians(s16 a) -- (2*a*pi)/4096, then + 2*pi while negative, so the result is wrapped into [0, 2*pi). This is the engine's standard 12-bit angle unit (4096 per turn) converted for the x87 maths in the model path. Verified from the constants."
0x41fbba,Bs_Angle8ToRadians,func,"float Bs_Angle8ToRadians(s8 a) -- (2*a*pi)/128 wrapped into [0, 2*pi). The same conversion for a SIGNED BYTE angle where 128 is a half turn, which is how the model file packs compact rotations. Verified."
0x41fc03,Bs_Fixed12ToFloat,func,"float Bs_Fixed12ToFloat(u16 v) -- v / 1024.0, the engine's 4.12 fixed-point unit for normals and sine values (docs/01). Verified."
0x41fc22,Bs_Normal8ToFloat,func,"float Bs_Normal8ToFloat(u8 v) -- v / 128.0, a signed-byte normal component widened to a unit float. Verified."
0x41b264,BsStream_Skip,func,"bool __thiscall BsStream_Skip(BsStream *this, int delta) -- advances the cursor at +0x10 by delta only when the result is still below the size at +0x0c, returning whether it moved. The bounds-checked partner of BsStream_Seek 0x41b22e - together they are nearly the only range checks in this parser, which otherwise trusts every offset it reads from the file. Verified."
0x41b65e,Vdx7_Dtor,func,"void __fastcall Vdx7_Dtor(Vdx7 *this) -- destructor for the VDX7 class: reinstalls vtable 0x574400 and frees both allocations, the u32 array at +0x08 and the 10-byte-record array at +0x0c. Verified."
0x41b6b0,Vdx7_ScalarDeletingDtor,func,"Vdx7 * __thiscall Vdx7_ScalarDeletingDtor(Vdx7 *this, uint flags) -- MSVC scalar-deleting thunk: calls Vdx7_Dtor then frees the object when bit 0 of flags is set. Verified."
0x41b9b3,BsFile_Dtor,func,"void __fastcall BsFile_Dtor(BsFile *this) -- destructor for the model file: reinstalls vtable 0x574404, frees the buffer at +0x10, and if the object at +0x20 is non-null invokes ITS vtable slot 0 with 1 - a nested scalar-deleting destructor call, so BsFile owns a second heap object. Verified."
0x41b7ad,Bs_WriteFile,func,"void __thiscall Bs_WriteFile(void *this, const char *path, const void *data, u32 size) -- opens 'path' with the mode string at 0x5794bc, fwrites 'size' bytes and closes. A WRITE path in the model class, which is unexpected in a shipped game and fits a parser carried over from the studio's own toolchain. No direct callers. Verified."
0x41bb23,BsFile_SeekFrameOfType,func,"int __thiscall BsFile_SeekFrameOfType(BsFile *this, char type) -- steps forward with BsFile_NextFrame 0x41ba79 until the record type byte at this->+0x0c equals 'type', returning that step's result; returns 0 if NextFrame reports 0, and stops at a full wrap (NextFrame returning 2). So the 2-on-wrap contract exists precisely so scans like this terminate rather than looping the directory forever. Verified."
# --- SoundDevice_GetVoiceAmplitude, verified from the instructions:
0x406a8f,SoundDevice_GetVoiceAmplitude,func,"u32 __thiscall SoundDevice_GetVoiceAmplitude(SoundDevice *this, s32 refresh) -- NOT a stream service routine. Returns 0 when there is no active stream, else forwards to the amplitude meter 0x421570 on the top stream owner. Proof is in the consumers: 0x436a41 fetches TWO animation ids packed in one u32 through a vtable call, then takes the LOW half when this returns 0 and the HIGH half otherwise, and passes that straight to Anim_Start. The other three callers (0x438020, 0x43c19d, 0x43ef00) do the same. It selects a talking animation versus a mouth-closed idle - this is lip sync. The argument is refresh (always 1 at these sites); 0 returns the cached level. Every caller loads ECX from g_pSoundSystem 0x6d5320 and the body reads SoundDevice +0x500/+0x480; byte-identical twin 0x406ade."
# --- DirectSound framework 0x4205b0-0x421a20. Functions marked Verified were checked against the
# instructions; the others are inferred. Structural facts: the four vtables (0x57441C abstract with 14 of
# 15 slots _purecall 0x567340, 0x574458 StaticSound, 0x57449C StreamSound with one pure slot, 0x5744DC
# WaveFile), the -3000 centibel init (0xfffff448), and the StaticSound embedding at SoundChannel+0x20
# proven by 0x20 + 0x24 = 0x44 matching the channel stride exactly.
0x4205b0,Sound_Construct,func,"Abstract base ctor. Stores vtable 0x57441C, zeroes wave/buffer/bufferBytes/volumeCb/panCb/baseFrequency, looping=0, waveIsExternal=1. Called only as a base ctor by StaticSound_Construct 0x420680 and StreamSound_Construct 0x420BD0, so StaticSound and StreamSound are siblings, not parent/child. Verified."
0x4205e0,Sound_ScalarDeletingDtor,func,Vtable slot 0 of the abstract base (0x57441C+0). Inlined base dtor followed by `if (flags & 1) operator delete(this)`. ret 4. Unreachable at runtime because the base is abstract (its other 14 slots are _purecall 0x567340); kept only because the vtable is emitted. Inferred.
0x420640,Sound_Destruct,func,"Base dtor body. Re-stamps vtable 0x57441C, deletes this->wave through its own vtable slot 0 with flag 1 when waveIsExternal==0, and Releases this->buffer. Tail-called by both derived dtors, where the same work has already been done, so it re-tests two now-NULL pointers. Inferred."
0x420680,StaticSound_Construct,func,"Calls Sound_Construct, then sets vtable 0x574458, waveIsExternal=1 and volumeCb = -3000 (0xFFFFF448 centibels = -30 dB). Sole caller 0x548E96 in the sound-channel loader, which builds the StaticSound embedded at SoundChannel+0x20. Verified."
0x4206c0,StaticSound_ScalarDeletingDtor,func,"Vtable slot 0 of 0x574458. Inlined derived dtor, then Sound_Destruct, then `if (flags & 1) operator delete(this)`. ret 4. No direct callers (virtual-only). Inferred."
0x420720,StaticSound_Destruct,func,"Non-deleting dtor: re-stamps vtable 0x574458, deletes the owned wave, Releases the buffer, then tail-jumps into Sound_Destruct (no ret of its own). Sole caller 0x548EEC. Inferred."
0x420770,StaticSound_CreateFromFile,func,"Vtable slot 2 (+8). Returns E_FAIL unless pDev->initialized==1. Calls Free (slot 3), `operator new(0x34)` + WaveFile_Construct, WaveFile_Open(path,0,0), then CreateSoundBuffer with DSBUFFERDESC{dwSize=0x24, dwFlags = SoundDevice_GetBufferLocFlags(pDev) | 0xE0 (CTRLFREQUENCY|CTRLPAN|CTRLVOLUME), dwBufferBytes = wave->ckData.cksize, lpwfxFormat = wave->format}, sets waveIsExternal=0, calls FillBuffer (slot 14) and caches GetFrequency into baseFrequency. ret 8. No callers found - see open_questions. Note: if operator new returns NULL it still calls WaveFile_Open with ecx = NULL. Inferred."
0x420840,StaticSound_CreateFromWave,func,Vtable slot 1 (+4). Same as CreateFromFile but adopts a caller-owned WaveFile (waveIsExternal=1) and bails with E_FAIL if pWave->format is NULL. ret 8. This is the path the SFX bank uses: Sound_MixerTick 0x5496B8 calls it with &g_sndWaveBank[channel.sampleSlot] (0x6DFBF0 + slot*0x34). Verified.
0x4208f0,StaticSound_Free,func,"Vtable slot 3 (+0xC). Deletes this->wave when waveIsExternal==0, Releases this->buffer, NULLs both, always returns S_OK. Called directly by Sound_ShutdownChannels 0x549155 (24 iterations over g_soundChannels[i]+0x20) and by Sound_MixerTick before a re-create. Inferred."
0x420930,StaticSound_RestoreBuffer,func,"Vtable slot 4 (+0x10). GetStatus; if DSBSTATUS_BUFFERLOST (2) is set, spins `while ((hr = buffer->Restore()) == DSERR_BUFFERLOST) Sleep(10);` until Restore returns 0, then re-runs FillBuffer (slot 14). No iteration cap. Inferred."
0x420990,StaticSound_Play,func,"Vtable slot 5 (+0x14). Calls RestoreBuffer (slot 4) then IDirectSoundBuffer::Play(0, 0, this->looping ? DSBPLAY_LOOPING : 0). Reached from Sound_MixerTick 0x5496B8 and 0x5498E1. Inferred."
0x4209d0,StaticSound_Stop,func,"Returns nothing (the NULL-buffer path leaves EAX = the pointer it tested, 0x4209d8, and no caller reads it). Vtable slot 6 (+0x18). buffer->Stop() then buffer->SetCurrentPosition(0). Called non-virtually by Sound_Play 0x5491B8, Sound_Stop 0x54948F, 0x549524 and 0x549901. Inferred."
0x4209f0,StaticSound_SetPaused,func,"Returns nothing (NULL path leaves EAX = buffer, 0x4209f9); the argument is compared as a byte. Vtable slot 7 (+0x1C). bPause==1 -> buffer->Stop() (leaves the play cursor where it is); otherwise buffer->Play(0,0,looping). ret 4. Callers 0x5495AD and 0x549609. Inferred."
0x420a40,Sound_RewindBuffer,func,"Returns nothing (NULL path leaves EAX = buffer, 0x420a45). Shared vtable slot 8 (+0x20) of BOTH StaticSound and StreamSound. 8 instructions: if buffer != NULL, buffer->SetCurrentPosition(0). Not present in work/decomp (Ghidra never created a function here); read from asm at 0x420A40-0x420A4F. Inferred."
0x420a50,StaticSound_IsPlaying,func,Vtable slot 10 (+0x28). GetStatus then return status & DSBSTATUS_PLAYING (1); 0 if buffer is NULL. Sound_MixerTick uses it both to clear a finished channel's active flag and to avoid restarting a running one. Inferred.
0x420a80,Sound_SetBufferVolume,func,"Shared vtable slot 11 (+0x2C). volumeCb = (LONG)(gain01 * 6000.0f - 6000.0f) [constant at 0x574494], clamped to [-6000, 0] centibels, then IDirectSoundBuffer::SetVolume; on failure the previous value is restored. ret 4. The mapping is LINEAR IN DECIBELS, so gain 0.0 is -60 dB, not silence. Fed from SoundChannel+0x18 by Sound_MixerTick. Inferred."
0x420af0,Sound_SetBufferFrequency,func,"Shared vtable slot 13 (+0x34). Clamps hz to [100, 100000] (DSBFREQUENCY_MIN/MAX), stores it in... nothing on the base - it writes baseFrequency (+0x20) - then IDirectSoundBuffer::SetFrequency; restores the old value on failure. ret 4. Sound_MixerTick passes (LONG)((double)SoundChannel.baseSampleRate * SoundChannel.rate), which is how Sound_SetRate 0x549665's 4.12 fixed-point pitch reaches DirectSound. Inferred."
0x420b40,StaticSound_FillBuffer,func,"Vtable slot 14 (+0x38). WaveFile_Read(this->wave, wave->ckData.cksize, g_waveStagingBuffer 0x5CC6C8, &cbRead); WaveFile_ResetFile; Lock(0, this->bufferBytes, ...); memcpy bufferBytes from the staging buffer; Unlock. It copies bufferBytes, NOT cbRead, and ignores the wrap-around second lock region. Inferred."
0x420bd0,StreamSound_Construct,func,"Calls Sound_Construct then zeroes the whole 0x24..0x90 streaming tail, sets vtable 0x57449C, waveIsExternal=1, volumeCb=-3000, stopped=1. Sole caller 0x563640 constructs TWO of them in a loop as the stream player's double buffer (stride 0x94, at player+0x08 and player+0x9C). Inferred."
0x420c40,StreamSound_ScalarDeletingDtor,func,"Vtable slot 0 of 0x57449C: re-stamp vtable, StreamSound_Free, Sound_Destruct, then `if (flags & 1) operator delete(this)`. ret 4. Inferred."
0x420c70,StreamSound_Destruct,func,"Non-deleting dtor: re-stamp vtable, StreamSound_Free, tail-jump to Sound_Destruct. Sole caller 0x5636B0 (the stream player's dtor). Inferred."
0x420c90,StreamSound_CreateFromFile,func,"Vtable slot 2 (+8). Hard-wired 2.0 s / 16 notifications variant that opens its own WaveFile: RegisterStreamEvent, delete old wave, new WaveFile(0x34) + Open, derive blockAlign/channels/bitsPerSample/samplesPerSec, notifySize = round_down(nAvgBytesPerSec*2.0/16, nBlockAlign), CreateSoundBuffer with dwFlags 0x101E0, QueryInterface(IID_IDirectSoundNotify 0x577638), fill g_streamNotifyPos2 0x6CC7C8[16] with {notifySize*(k+1)-1, hEvent} and SetNotificationPositions(16, ...), waveIsExternal=0, cache GetFrequency. ret 8. Unreferenced - the live path is 0x420E90. Inferred."
0x420e70,StreamSound_CreateFromWave,func,"Vtable slot 1 (+4). Thunk: StreamSound_CreateFromWaveEx(this, pDev, pWave, 3.0f, 16). ret 8. No callers (the loader thread calls 0x420E90 directly with 2.0f). Inferred."
0x420e90,StreamSound_CreateFromWaveEx,func,"The live streaming constructor. Requires pDev->initialized==1; SoundDevice_RegisterStreamEvent(pDev, this, &hEvent) to get one auto-reset event; releases any previous wave/buffer; adopts pWave (waveIsExternal=1); fBufferSeconds < 0.0f is forced to 2.0f (constant 2.0f at 0x574320) and nNotifications is clamped to <= 16; caches bitsPerSample/blockAlign/channels/bytesPerSampleChannel/samplesPerSec from the WAVEFORMATEX; notifySize = round_down((double)nSamplesPerSec * nBlockAlign * fBufferSeconds / nNotifications, nBlockAlign); bufferBytes = notifySize * nNotifications; CreateSoundBuffer with a H Inferred."
0x421080,StreamSound_Free,func,"Vtable slot 3 (+0xC). SoundDevice_UnregisterStreamEvent(this->pDevice, this) and NULL pDevice; delete the wave when waveIsExternal==0; Release pNotify; Release buffer. Always S_OK. This is the only unregister path, so a StreamSound that is re-created without Free first would leak a stream slot (Create does call Free's inlined body for the wave/buffer but NOT the unregister). Inferred."
0x4210e0,StreamSound_RestoreBuffer,func,"Vtable slot 4 (+0x10). Same shape as StaticSound_RestoreBuffer but compiled as a do/while, so it issues TWO IDirectSoundBuffer::Restore calls per iteration (the first only decides the Sleep(10)). On success re-runs FillBuffer (slot 14). No iteration cap. Inferred."
0x421140,StreamSound_ServiceNotify,func,"The per-notification refill, and the only entry the frame loop uses. GetCurrentPosition -> advance playProgress by the play-cursor delta (modulo bufferBytes) and store lastPlayCursor; Lock(writeOffset, notifySize, ...); StreamSound_ReadOrPadSilence fills it from the file; Unlock; if eofReached && playProgress >= wave->ckRiff.cksize then stopped=1, buffer->Stop(), buffer->SetCurrentPosition(0); writeOffset = (writeOffset + cbLocked) % bufferBytes. Sole caller SoundDevice_PollStreamEvents 0x406B2D, which passes streamOwners[signalledIndex] as ecx. Verified."
0x421230,StreamSound_Play,func,"Non-virtual (StreamSound's vtable slot 5 is left _purecall, so the base Play is deliberately unavailable). RestoreBuffer (slot 4), FillBuffer (slot 14), stopped=0, lipSyncEnabled = bLipSync, then buffer->Play(0, 0, DSBPLAY_LOOPING) - a stream buffer always loops because it is circular. ret 4. Callers: 0x563BD0 passes the player's +0x348 flag, 0x5642E0 and 0x564360 pass 0 (resume after a pause / after a buffer swap), so lip-sync is armed only on the clip that requested it. Inferred."
0x421280,StreamSound_Stop,func,"Vtable slot 6 (+0x18). stopped=1, buffer->Stop(), buffer->SetCurrentPosition(0). It does NOT reset writeOffset/playProgress/eofReached - StreamSound_FillBuffer does that on the next Play. Inferred."
0x4212b0,StreamSound_SetPaused,func,"Vtable slot 7 (+0x1C). bPause==1 -> buffer->Stop(); else buffer->Play(0,0,DSBPLAY_LOOPING). ret 4. Note it does not touch `stopped`, so StreamSound_IsPlaying still reports true while paused. Inferred."
0x4212e0,Sound_SetBufferPosition,func,"Shared vtable slot 9 (+0x24). Returns E_FAIL for frac01 < 0.0f. If this->looping, frac01 -= (float)(long)frac01 (keep the fraction); otherwise frac01 >= 1.0f (constant 0x5742DC) is forced to 0.0f. Then buffer->SetCurrentPosition((DWORD)((double)bufferBytes * frac01)). ret 4. No callers found. Inferred."
0x421370,StreamSound_IsPlaying,func,Vtable slot 10 (+0x28). 9 instructions: return buffer != NULL && this->stopped == 0. Unlike the static version it never asks DirectSound - it trusts the `stopped` flag that Play/Stop/ServiceNotify maintain. Not present in work/decomp; read from asm at 0x421370-0x421381. Inferred.
0x421390,Sound_SetBufferPan,func,"Shared vtable slot 12 (+0x30). panCb = (LONG)(pan * 10000.0f) [constant at 0x574498], clamped to [-10000, +10000] (DSBPAN_LEFT/DSBPAN_RIGHT), then IDirectSoundBuffer::SetPan; restores the old value on failure. ret 4. No callers found. Inferred."
0x421410,StreamSound_FillBuffer,func,"Vtable slot 14 (+0x38). Full restart of the stream: eofReached=0, writeOffset=0, playProgress=0, lastPlayCursor=0, WaveFile_ResetFile, buffer->SetCurrentPosition(0), Lock the WHOLE buffer, StreamSound_ReadOrPadSilence, Unlock, writeOffset = cbLocked % bufferBytes. Reached from Play and from RestoreBuffer. Inferred."
0x421490,StreamSound_ReadOrPadSilence,func,"The block filler. Silence byte = 0x80 for 8-bit PCM, 0x00 otherwise (from wave->format->wBitsPerSample). If eofReached, memset the whole block to the silence byte. Otherwise WaveFile_Read(this->wave, cbDest, pDest, &cbRead); on a short read, if looping it ResetFile()s and keeps reading until the block is full (gapless loop), and if not looping it sets eofReached=1 and pads the tail with silence. ret 8. Callers 0x421140 and 0x421410. Note: when wave->format is NULL the silence byte is read from an uninitialised stack byte. Inferred."
0x421570,StreamSound_GetVoiceAmplitude,func,"GAME-ADDED lip-sync meter, not SDK code. bRefresh==0 returns the cached voiceAmplitude (+0x90). Otherwise, if wave and buffer exist, IsPlaying (slot 10) is true and lipSyncEnabled != 0: GetCurrentPosition advances playProgress/lastPlayCursor exactly as ServiceNotify does; window = 16 if samplesPerSec >= 44100 else 8; the ring amplitudeWindow[] is shifted down one; the current mmio position is saved, mmioSeek(playProgress, SEEK_SET), mmioRead of bytesPerSampleChannel bytes, position restored; amplitude = |(s8)b| << 7 for 8-bit or |(s16)b| for 16-bit; the result is the average of the older window entries. Verified."
0x421740,WaveFile_Construct,func,"4 instructions: vtable = 0x5744DC, format = NULL. Callers 0x420770, 0x420C90 (both after operator_new(0x34)) and 0x548DE4, which constructs the whole .SND bank array g_sndBankWaves 0x6DFBF0 in place. Inferred."
0x421750,WaveFile_ScalarDeletingDtor,func,"Vtable slot 0 of 0x5744DC: mmioClose(hmmio, 0), free(format), then `if (flags & 1) operator delete(this)`. ret 4. This is the slot the Sound dtors invoke with flag 1 when waveIsExternal==0. Inferred."
0x4217a0,WaveFile_Destruct,func,"Non-deleting dtor: mmioClose + free(format). Sole caller 0x548E37, which tears down the in-place .SND bank array. Inferred."
0x4217d0,WaveFile_Open,func,"long WaveFile::Open(char *nameOrBuffer, u8 fromMemory, u32 size) -- mmioClose any previous handle and free the old format. fromMemory == 0: mmioOpenA(path, NULL, MMIO_ALLOCBUF 0x10000). Otherwise a zeroed MMIOINFO with pchBuffer/cchBuffer and fccIOProc = 'MEM ' (0x204D454D) opens the buffer in place. Then 0x421A20 parses the RIFF/WAVE header into ckRiff and allocates `format`; on success mmioSeek(ckRiff.dwDataOffset + 4) and mmioDescend for the 'data' chunk into ckData. ret 0xC. Both paths are used: Load_SND opens EVERY bank sample in memory, with (g_pSndFile + cursor, 1, entry->dataSize) (0x549015-0x549035: push [entry+4] (dataSize), push 1, push g_pSndFile+cursor, ecx = &g_sndBankWaves[i], call 0x4217d0; the callee reads the flag as a byte at [ebp+0xc] (0x4217fe) and the size at [ebp+0x10] (0x42183f)). Callers: 0x420770, 0x420C90, Load_SND 0x548F3F and the stream loader thread 0x563520."
0x4218e0,WaveFile_ResetFile,func,"The SDK's CWaveFile::ResetFile verbatim: mmioSeek(hmmio, ckRiff.dwDataOffset + sizeof(FOURCC), SEEK_SET) then mmioDescend into 'data', which also restores ckData.cksize to the full data length (WaveFile_Read consumes it as a countdown). Returns S_OK/E_FAIL. Callers 0x420B40, 0x421410, 0x421490. Inferred."
0x421930,WaveFile_Read,func,"One-line forwarder to WaveFile_ReadMmio(this->hmmio, cbToRead, pDest, &this->ckData, pcbRead). ret 0xC. Callers 0x420B40 and 0x421490 (the latter with ecx = this->wave, which Ghidra hides - see the __thiscall trap). Inferred."
0x421950,WaveFile_Close,func,"mmioClose(this->hmmio, 0); return S_OK. Does not free `format` and does not NULL the handle. Sole caller the stream loader thread 0x563520, which closes the previous clip before opening the next one under the 'SeekMutex'. Inferred."
0x421960,WaveFile_ReadMmio,func,"The SDK's buffered mmio read. mmioGetInfo, clamp cbToRead to pck->cksize, decrement pck->cksize by that amount, then copy byte-by-byte from pchNext, calling mmioAdvance whenever pchNext reaches pchEndRead and failing with E_FAIL at true end of file, then mmioSetInfo. ret 0x14 (5 pushed args, no ecx). Sole caller WaveFile_Read. Inferred."
0x4ae760,CrumblyGround_Init,func,"vtable 0x575e0c slot 0. Clears victim +0xa8 / capture +0xac, translates the model box to the object position into +0x94 (top raised 16), push-down delta +0x88 = (0,10,0), SetState(0). Verified."
0x4ae8c4,CrumblyGround_Update,func,"State +0xa4: 0 -> CrumblyGround_CountAndCapture; 1 -> SetState(2) at anim end; 2 -> push objects down, SetState(3) at anim end. Verified."
0x4ae945,CrumblyGround_HandleMessage,func,Only msg 0xD from the Wolf (class 0) while state 0: returns CrumblyGround_GetFloor. So the tile is floor only while intact. Verified.
0x4ae99d,CrumblyGround_Reset,func,"Clears victim/capture, SetState(0), clears flags 0x400 and 0x800. Verified."
0x4aea32,CrumblyGround_SetState,func,"(u8 s) no-op if unchanged. 0 anim 0 loop; 1 anim 2; 2: if capture +0xac==1 and victim +0xa8, send victim 0xF (unfreeze) then msg 0 arg 1 (kill), clear capture; anim 1, flag 0x400 (no box collide); 3: flag 0x800 (hidden). Verified."
0x4aec26,CrumblyGround_CountAndCapture,func,"ObjGrid_QueryBoxPoints on the box; counts class 0/0xB/0x65 and captures a Wolf/Robot as victim (msg 0xE freeze, capture=1) ONLY when the running count is already >=2 at it - so the victim depends on grid query order. >=2 -> SetState(1). With Ralph ahead of the sheep in the cell list the ground crumbles with no freeze or kill (observed in game)."
0x4aed66,CrumblyGround_PushObjectsDown,func,State 2: translates every queried object that is not CrumblyGround/Sheep/Robot/Wolf by +0x88 (10 down per frame). Verified.
0x4aee05,CrumblyGround_GetFloor,func,"If the Wolf's x/z lie inside the box, fills the msg 0xD reply with floor height box top +5 and returns true. Verified."
0x49d95c,bridge_StartSnapCamera,func,"Level 1 bridge master half, at creak loop 6 when Ralph and the sheep are >300 apart: Camera_StartScripted framing their midpoint (distance >= 600) - the snap camera. Verified."
0x49dce5,bridge_Collapse,func,"Master half at loop 12: unfreeze Ralph (0xF) if frozen, msg 0 arg 1 to every non-bridge object in FALLINGZONE (the kill), set +0x7c = 1 (push-down on). Verified."
0x49ddd0,bridge_PushObjectsDown,func,While +0x7c: translates every object in IDOBJECTSFALLZONE except bridge/Wolf/Sheep 10 units down per frame. Verified.
0x4077fe,Mat44_Copy,func,"D3DMATRIX *__thiscall Mat44_Copy(D3DMATRIX *this, const D3DMATRIX *src) -- copies 16 floats, returns this (operator=). Verified."
0x4078cc,Mat44_Zero,func,void __fastcall Mat44_Zero(D3DMATRIX *this) -- all 16 floats = 0. Verified.
0x407a20,Mat44_SetRotZYX,func,"void __thiscall(D3DMATRIX *this, float x, float y, float z) radians -- 3x3 = Rz*Ry*Rx (D3D row-vector: v' = v*M), row/col 3 = identity. Verified numerically against all six orders (sin 0x566374, cos 0x566424)."
0x407ba1,Mat44_SetRotYZX,func,as Mat44_SetRotZYX but 3x3 = Ry*Rz*Rx. Verified numerically.
0x407d18,Mat44_SetRotZXY,func,as Mat44_SetRotZYX but 3x3 = Rz*Rx*Ry. Verified numerically.
0x407e96,Mat44_SetRotXZY,func,as Mat44_SetRotZYX but 3x3 = Rx*Rz*Ry. Verified numerically. Used by Mat34s_FromEulerXZY 0x526eec.
0x40800f,Mat44_SetRotYXZ,func,as Mat44_SetRotZYX but 3x3 = Ry*Rx*Rz. Verified numerically. Used by Mat34s_FromEulerYXZ 0x526dc6.
0x408192,Mat44_SetRotXYZ,func,as Mat44_SetRotZYX but 3x3 = Rx*Ry*Rz. Verified numerically.
0x40830d,Mat44_SetTranslation,func,"void __thiscall(D3DMATRIX *this, float x, float y, float z) -- identity with _41.._43 = x,y,z. Verified."
0x4083b6,Mat44_SetTranslationV,func,"void __thiscall(D3DMATRIX *this, const float v[3]) -- identity with translation v. Verified."
0x408467,Mat44_SetScale,func,"void __thiscall(D3DMATRIX *this, float sx, float sy, float sz) -- diagonal sx,sy,sz,1. Verified."
0x408510,Mat44_SetPerspective,func,"void __thiscall(D3DMATRIX *this, float fov, float aspect, float zn, float zf) -- like the DX7 SDK D3DUtil_SetProjectionMatrix: _11 = cot(fov/2), _22 = cot(fov/2)*aspect (the SDK puts aspect on _11), _33 = zf/(zf-zn), _34 = 1, _43 = -_33*zn. Falls back to w = h = 10, Q = 1 and _43 = -zn when |zf-zn| or |sin(fov/2)| is below 0.01f (0x574328; both compared as fabs in double precision, 0x408566-0x40857b, shared tail 0x4085f8). Verified."
0x40860c,Mat44_SetLookAt,func,"void __thiscall(D3DMATRIX *this, const float from[3], const float at[3], const float up[3]) -- view matrix (DX7 SDK D3DUtil_SetViewMatrix shape): identity when |at-from| or the projected up is <= 1e-6 (0x574330). Verified (first half read)."
0x4089c3,Mat44_SetRotAxisAngleDiv,func,"void __thiscall Mat44_SetRotAxisAngleDiv(Mat44 *this, float x, float y, float z, float angle), ret 0x10 -- quaternion-to-matrix with q = (x,y,z)/sin(angle/2), w = cos(angle/2): DIVIDES by the sine where Mat44_SetRotAxisAngle multiplies. The terms are 2*x*x style (fld 2.0f 0x574320; fmul x; fmul x at 0x408a1b). No callers in the exe. Verified."
0x408b6b,Mat44_SetRotAxisAngle,func,"void __thiscall(D3DMATRIX *this, const float axis[3], float angle) -- q = axis*sin(angle/2), w = cos(angle/2), standard quaternion-to-matrix. Verified."
0x408d1b,Mat44_At,func,"float *__thiscall(D3DMATRIX *this, int row, int col) -- &m[row][col] (this + row*16 + col*4). Verified."
0x408d39,Mat44_AtConst,func,const twin of Mat44_At (identical body). Verified.
0x408d57,Mat44_ScaleInPlace,func,"D3DMATRIX *__thiscall(D3DMATRIX *this, float s) -- every element *= s, returns this (operator*=(float)). Verified."
0x408e55,Mat44_MulInPlace,func,"D3DMATRIX *__thiscall(D3DMATRIX *this, const D3DMATRIX *b) -- this = this * b row by row (operator*=). Verified."
0x4091fd,Mat44_MulScalar,func,"D3DMATRIX *__cdecl(D3DMATRIX *ret, const D3DMATRIX *m, float s) -- ret = m*s (operator*(M,float)). Verified."
0x4092dd,Mat44_ScalarMul,func,"D3DMATRIX *__cdecl(D3DMATRIX *ret, float s, const D3DMATRIX *m) -- ret = s*m (operator*(float,M)). Verified."
0x4093bd,Mat44_Mul,func,"D3DMATRIX *__cdecl(D3DMATRIX *ret, const D3DMATRIX *a, const D3DMATRIX *b) -- ret = a*b (operator*). Verified."
0x409766,Mat44_TransposeInPlace,func,void __fastcall(D3DMATRIX *this) -- swaps the six off-diagonal pairs. Verified.
0x526930,Math_Fixed10ToFloat_s16,func,"float (s16 v) -- 6.10 fixed to float: ((v - (v & 0x3ff)) >> 10) + (v & 0x3ff)/1024.0 (0x574414), returned in ST0 (the decompiler shows an empty body). Verified from asm."
0x526977,Math_Fixed10ToFloat_s32,func,float (s32 v) -- s32 twin of Math_Fixed10ToFloat_s16; no callers in the export. Verified from asm.
0x526a1b,Color_RgbToBgrHalved,func,u32 (u32 rgb) -- swaps R and B and halves every channel: ((r>>1)) | (g>>1)<<8 | (b>>1)<<16. Verified.
0x526a46,Color_BgrHalvedToRgb,func,u32 (u32 c) -- inverse of Color_RgbToBgrHalved for channels <= 0x7f: swaps and doubles. Verified.
0x526a71,Vec3i_Normalize,func,"void (const s32 v[3], s32 out[3]) -- float length via sqrt 0x566594, out = v/len in 4.12 (Math_FloatToFixed12_s32). Verified."
0x526b03,Vec3s_Normalize,func,"void (const Vec3s *v, Vec3s *out) -- as Vec3i_Normalize for s16 (Math_FloatToFixed12_s16). Verified."
0x526bad,Vec3s_Dot,func,"s32 (const Vec3s *a, const Vec3s *b) -- integer dot product in double, saturated to [INT_MIN, INT_MAX] (0x577128/0x577130); no 4.12 shift. Verified."
0x526c46,Vec3i_Cross,func,"void (const s32 a[3], const s32 b[3], s32 out[3]) -- cross product of 4.12 vectors, result 4.12. Verified."
0x526d19,Vec3s_LengthSq,func,s32 (const Vec3s *v) -- x*x + y*y + z*z. Verified.
0x526d53,Mat34s_Identity,func,"void (Mat34s *m) -- rot = 4.12 identity, trans = 0. Verified."
0x526dc6,Mat34s_FromEulerYXZ,func,"void (const Vec3s angles[x,y,z] 4096/turn, Mat34s *out) -- Mat44_SetRotYXZ on the angles in radians, converted to 4.12 (transposed into Mat34s order), translation from the float matrix. 7 callers. Verified."
0x526eec,Mat34s_FromEulerXZY,func,as Mat34s_FromEulerYXZ with Mat44_SetRotXZY. Verified.
0x527012,Mat34s_ApplyScale,func,"void (Mat34s *m, const Vec3s *scale) -- scale in 6.10 (Math_Fixed10ToFloat_s16, 1024 = 1.0): builds a float matrix from m, Mat44_Mul(Mat44_SetScale(sx,sy,sz), M) and writes it back to 4.12 with the translation (the Snowball's S*M). Verified."
0x5272e2,Mat34s_TransformVec3s_i,func,"s32 *Mat34s_TransformVec3s_i(const Mat34s *m, const Vec3s *v, Vec4i *out) -- out[i] = sum_j (rot[i][j]*v[j] >> 12) + trans[i] (each product shifted separately, so rounding differs from one shift). out is a Vec4i * (16 bytes: four-dword copy at 0x5273bf); out[3] receives an uninitialised stack dword. Verified."
0x5273e0,Mat34s_TransformVec3s,func,"Vec4s *Mat34s_TransformVec3s(const Mat34s *m, const Vec3s *v, Vec4s *out) -- as Mat34s_TransformVec3s_i but with s16 output, adding only the low 16 bits of each translation. out is an 8-byte Vec4s (SVECTOR shape): two dword stores at 0x5274c9-0x5274d4; the 4th short is uninitialised. Verified."
0x5274de,Mat34s_TransformVec3i,func,"s32 *Mat34s_TransformVec3i(const Mat34s *m, const Vec3i *v, Vec4i *out) -- s32 in and out, per-product >>12, + trans. out is a Vec4i * (16 bytes: four-dword copy at 0x5275a0); out[3] is uninitialised. Verified."
0x5275c1,Mat34s_TransformTransposedVec3i,func,"s32 *Mat34s_TransformTransposedVec3i(const Mat34s *m, const Vec3i *v, Vec4i *out) -- rotates by the TRANSPOSE (columns m[0],m[3],m[6]...) and then ADDS trans (not an inverse transform). out is a Vec4i * (16 bytes: four-dword copy at 0x527683); out[3] is uninitialised. Verified."
0x5276b0,Lerp_SetColorTarget,func,"void (const u8 *rgb) -- g_lerpColorTarget 0x6d6fd0 = rgb (pointer stored, read live). Verified."
0x5276bd,Lerp_SetVecTarget,func,"void (const Vec3s *p) -- g_lerpVecTarget 0x6d6fd4 = p (pointer stored, read live). Verified."
0x5276ca,Lerp_u16,func,"s32 (u16 a, u16 b, u16 t) -- a + ((t*(b-a)) >> 12), t in 4.12. Verified."
0x5276eb,Vec3s_LerpToTarget,func,"void (Vec3s *out, const Vec3s *a, s16 t) -- out = a + (t*(*g_lerpVecTarget - a) >> 12) per axis. Verified."
0x527772,Vec2s_LerpToTarget,func,as Vec3s_LerpToTarget for two components. Verified.
0x5277cd,Vec3s_LerpToTarget_2,func,byte-for-byte twin of Vec3s_LerpToTarget 0x5276eb. Verified.
0x527854,Color16_LerpToTarget,func,"u16 (u8 hi, u8 lo, s16 t) -- each byte moved toward g_lerpColorTarget[0]/[1] by t (4.12); returns hi<<8 | lo. Verified."
0x5278b2,Rgb24_LerpToTarget,func,"u32 (u32 rgb, s16 t) -- each channel (bits 16/8/0) moved toward g_lerpColorTarget[0]/[1]/[2] by t. Verified."
0x52795c,Rgb24_Lerp,func,"u32 (u32 a, u32 b, s16 t) -- per-channel a + t*(b-a) >> 12. Verified."
0x6d6fd0,g_lerpColorTarget,data,"const u8 * -- colour target for the Rgb24/Color16 lerps, set by Lerp_SetColorTarget. Verified."
0x6d6fd4,g_lerpVecTarget,data,"const Vec3s * -- vector target for the Vec lerps, set by Lerp_SetVecTarget. Verified."
0x577138,InputMgr_vtbl,vtable,InputMgr vtable (slot 0 = InputMgr_ScalarDeletingDtor 0x529f10). Verified.
0x527a00,InputMgr_Construct,func,"InputMgr *__fastcall(InputMgr *this) -- vtable 0x577138, devices null, axes 0x80, pad word 0xffff, nav repeat 500 ms. Verified."
0x527abc,InputMgr_Destruct,func,"void __fastcall(InputMgr *this) -- deletes the keyboard, joystick and third device through their vtable slot 0 (scalar deleting dtor, arg 1). Verified."
0x527b74,InputMgr_CreateDevices,func,"u8 __thiscall(InputMgr *this, u8 wanted) -- keyboard always (Keyboard_Construct 0x100 buttons); joystick if wanted&2 (Joystick_Construct 12 buttons); third device if wanted&4 (ctor 0x409e90, 12 buttons); each acquired through vtable +4(1). Stores and returns the present mask +0x20 (1 kbd, 2 joy, 4 third). Verified."
0x527ced,InputMgr_IsDeviceDigital,func,"u8 (u8 devIdx) -- device+6 of InputMgr_DeviceFromIndex(devIdx), 1 if no device; the poll turns a digital device's axes into d-pad bits. Verified."
0x527d1b,InputMgr_PollDevice,func,bool (u8 devIdx) -- device vtable +8 (poll) succeeded. Verified.
0x527d54,InputMgr_SelectDevice,func,"bool __thiscall(InputMgr *this, u8 devIdx) -- current = preferred = that device, re-applies the per-device active flags (InputMgr_SetActiveFlags) and points the binding table at +0xb0 (keyboard) or +0x30 (pad). Verified."
0x527dd2,InputMgr_GetCurrentDeviceIdx,func,u8 __fastcall(InputMgr *this) -- InputMgr_IndexFromDevice(current). Verified.
0x527dec,InputMgr_SetAxisCalibration,func,forwards six calibration values to InputDevice_SetAxisCalibration on the current device. Verified.
0x527e1c,InputMgr_BindAction,func,"bool __thiscall(InputMgr *this, u8 slot, u8 devIdx, u16 code) -- slot < 12 and code < the device's button count (+0x18): table[slot] = {device, code}. On the keyboard the reserved keys DIK 0xC5 Pause, 0x19 P, 0x1C Enter, 0x01 Esc are refused. Verified."
0x527ecd,InputMgr_BindMenuKey,func,"bool __thiscall(InputMgr *this, u8 slot 12..15, u16 code) -- keyboard-only slots, written to both tables and to the keyboard object's menu keys (+0x5c/+0x5a/+0x5e/+0x58 for slots 12/13/14/15); reserved keys refused. Verified."
0x528026,InputMgr_GetBinding,func,"bool __thiscall(InputMgr *this, u8 slot < 16, {u8 devIdx; u16 code} *out). Verified."
0x52807a,InputMgr_RecreateDevice,func,"HRESULT __thiscall(InputMgr *this, u8 devIdx 1/2/4) -- deletes and reconstructs that device; 0x80004005-style error (-0x7fffbffb) if unknown or allocation failed. Verified (first half)."
0x5282b8,InputMgr_ResetEdges,func,"void __fastcall(InputMgr *this) -- clears the Pause/Esc/Enter edge bytes, marks their previous state 'held' so a key already down does not fire, nav 0xffff, repeat 500 ms. Verified."
0x528315,InputMgr_SetAcquiredAll,func,"HRESULT __thiscall(InputMgr *this, u8 acquire) -- vtable +4 on every present device; S_OK if any succeeded. Verified."
0x5283be,InputMgr_SetAcquired,func,"HRESULT __thiscall(InputMgr *this, u8 devIdx, u8 acquire) -- one device. Verified."
0x528486,InputMgr_SetActiveFlags,func,"void __thiscall(InputMgr *this, u8 current) -- device+0x4c flags: keyboard 1 when current, pad 1 (and keyboard 0) when current, third 1 if present; then current's flag = arg. Verified."
0x52852d,InputMgr_Poll,func,"HRESULT __fastcall(InputMgr *this) -- builds the PS1-layout, active-low pad word +6: binding slots 0..11 clear Triangle 0x1000, Circle 0x2000, Cross 0x4000, Square 0x8000, L1 0x0400, R1 0x0800, L2 0x0100, R2 0x0200, Select 0x0001, Start 0x0008, L3 0x0002, R3 0x0004 while their button reads 1; stick axes to +4/+5 (0x80 centre) or, for a digital device, axes vs the threshold at 0x574300 to Left 0x80 / Right 0x20 / Up 0x10 / Down 0x40. Keyboard extras: edge bytes +0xb Esc, +0xc Enter, +0xa Pause-or-P; menu nav word +8 from arrow keys (DIK 0xC8 up, 0xD0 down, 0xCD right, 0xCB left) with auto-repeat: first frame, then after 500 ms, then every 125 ms, timed by g_dtRawMs. Verified."
0x528b0e,InputMgr_GetAnyPressedRaw,func,"HRESULT __thiscall(InputMgr *this, {device*; u16 code} *out) -- first button reading 1 on the keyboard, then the joystick, ...; no callers in the export. Verified (first half)."
0x528c85,InputMgr_GetAnyPressed,func,"HRESULT __thiscall(InputMgr *this, {u8 devIdx; u16 code} *out) -- as GetAnyPressedRaw with a device index; used by the controls menu 0x5454e7 to capture a new binding. Verified (first half)."
0x528e14,InputMgr_LoadConfig,func,"u8 __thiscall(InputMgr *this, ctx) -- keyboard table from registry 'KeybConf' else file 'DefKConf', pad table from registry 'UserConf' else file 'DefPConf', then re-selects the current device. Callers WinMain-side 0x401871 and the options code 0x5439eb. Verified."
0x528ef2,InputMgr_SaveConfig,func,"bool __thiscall(InputMgr *this, ctx) -- writes the pad table (+0x30, with the preferred device's calibration) as registry 'UserConf' and the keyboard table (+0xb0) as 'KeybConf'. Verified."
0x528f64,InputMgr_LoadBindingTable,func,"u8 __thiscall(InputMgr *this, u8 fromRegistry, ctx, const char *name) -- registry key 'Config' value <name>, or a file <ctx><name>+extension read whole; applies the bindings. Verified (structure)."
0x529510,InputMgr_SaveBindingTable,func,"u8 __thiscall InputMgr::SaveBindingTable(u8 toRegistry, const char *dir, const char *name, InputBinding *table, InputDevice *master) -- returns u8: mov al,1 / xor al,al at 0x529aef/0x529af3. serialises a binding table plus the device's axis calibration. Verified (structure)."
0x529afb,InputMgr_DeviceFromIndex,func,"InputDevice *__thiscall(InputMgr *this, u8 idx) -- 0 current (+0x24), 1 keyboard (+0x14), 2 joystick (+0x18), 4 third (+0x1c), else null. Verified."
0x529b6b,InputMgr_IndexFromDevice,func,"u8 __thiscall(InputMgr *this, InputDevice *d) -- 1/2/4, or 0xff. Verified."
0x529bbd,InputMgr_FindBinding,func,"u8 __thiscall(InputMgr *this, const {device*; u16 code} *b) -- slot 0..15 in the current table, 16 if absent. Verified."
0x529c27,InputMgr_FindBindingByIndex,func,as InputMgr_FindBinding with {u8 devIdx; u16 code}. Verified.
0x529ca0,InputMgr_IsReservedKeyBinding,func,u8 (const {device*; u16 code} *b) -- keyboard binding to DIK Pause/P/Enter/Esc. Verified.
0x529d0c,InputMgr_IsReservedKey,func,u8 (const {u8 devIdx; u16 code} *b) -- same test by device index (1 = keyboard). Verified.
0x529da7,InputMgr_CheckDevices,func,"bool __fastcall(InputMgr *this) -- re-acquires if the current device asks (+4), polls keyboard, joystick, third; if the current pad/third device stopped responding falls back to the keyboard table (+0xb0), and returns to the preferred device (+0x2c) when it works again. False if the keyboard poll fails. Verified."
0x529e9f,InputMgr_DeviceHasBindings,func,"bool __thiscall(InputMgr *this, u8 devIdx) -- any of the 16 current bindings uses that device. Verified."
0x529f10,InputMgr_ScalarDeletingDtor,func,vtable slot 0: InputMgr_Destruct then operator delete if (flags & 1). Verified.
0x529f40,Game_FreeLevel,func,"void (void) -- if a level is loaded (g_pDav): 0x542d98, Load_FreeLevel, 0x54d561, free 0x6d0c90, Scratch32k_Free. Verified."
0x529f88,Game_ReloadLevel,func,"void (void) -- resets the sound layers (0x52a580(0), 0x52a708(0)), Game_ResetState, 0x50d71c, 0x5436eb, 0x5465c1, then Load_DAVnWAR(g_pProgress, 0x584fc0); on failure MessageBox 'Unable to load datas... Exiting' and PostQuitMessage; then default PolyBatcher flags and two render states (0x89 = 0, 0x16 = 1). Caller 0x50c2a1. Verified."
0x52a2a0,Reg_OpenProgressKey,func,"bool (void) -- Reg_CreateSubKey(&0x6d6fd8, 'Progress'). Verified."
0x52a2c4,Reg_CloseProgressKey,func,void (void) -- Reg_CloseKey(&0x6d6fd8). Verified.
0x52a2fe,CardStub_Status,func,s32 (void) -- PC stand-in for a PS1 card status query: always 0x67. Card_StateMachine 0x54b459 and Card_Access 0x54a9c1 branch on 0x65 / 0x67. Verified.
0x52a308,CardStub_FreeBlocks,func,"s32 (void) -- always 15, the block count of a PS1 memory card; stored in 0x6e3688 by Card_StateMachine. Verified."
0x52a312,CardStub_Status2,func,s32 (void) -- always 0xca; Card_StateMachine treats 0xca as the success case of that step. Verified.
0x52a31c,CardStub_Status3,func,s32 (const char *fileName) -- takes one ignored argument: its only caller Card_CommitBlock pushes g_mcardFileName and pops 4. Always 0x3ea (same family as the 0x3f2 status reset value); used by Card_CommitBlock. Verified.
0x52a326,Card_ReadWholeBlocks,func,"int (hkey, u32 nBlocks, void *dest) -- reads 'SdwSaves' as nBlocks << 13 bytes (8 KB PS1 blocks); 0x323 on a full read, 0x321 otherwise. The block-sized twin of Card_ReadBlocks; no callers in the export. Verified."
0x52a46d,Card_WriteFrames,func,"int (hkey, u32 nBytes, void *src) -- Reg_WriteBinary 'SdwSaves' with nBytes rounded up to 0x80 (one PS1 frame); 0x389 ok / 0x388 fail. Used by Card_CommitBlock (the frame-sized twin of Card_WriteBlocks). Verified."
0x57713c,Screen_vtbl,vtable,vtable of the screen/projection object (static instance built by Screen_StaticInit 0x52a4c0). Verified.
0x52a4c0,Screen_StaticInit,func,static initialiser: Screen_Construct on the global instance and atexit(Screen_StaticDtor). Verified.
0x52a4cf,Screen_StaticConstruct,func,calls Screen_Construct on the static instance. Verified.
0x52a4de,Screen_RegisterAtexit,func,atexit(Screen_StaticDtor 0x52a4f0) via 0x565e26. Verified.
0x52a4f0,Screen_StaticDtor,func,calls Screen_Destruct on the static instance. Verified.
0x52a4ff,Screen_Construct,func,"Screen *__fastcall(Screen *this) -- vtable 0x57713c, +0x80/+0x84 buffers null. Verified."
0x52a530,Screen_Destruct,func,void __fastcall(Screen *this) -- frees +0x80 and +0x84. Verified.
0x52a580,Screen_Init,func,"bool __fastcall(Screen *this) -- if the D3D app is up: viewport origin 0,0 and size from floats (+0x14/+0x16), VIRTUAL screen 512 x 240 (+0xc = 0x200, +0xe = 0xf0, the PS1 resolution), projection distance 0x180 via Screen_SetProjection, allocates +0x80 (4 bytes) and +0x84 (0x60). Callers WinMain-side 0x401871 and Game_ReloadLevel. Verified."
0x52a662,Screen_LayerIndex,func,u32 (void *p) -- (p - g_screenLayerBase) >> 2; used by Draw2D_LayerToZ. Verified.
0x52a6a7,Screen_GetGeometry,func,"void *__thiscall(float scale, u32 out[3]) -- out = {0x00f00200 (w 512, h 240), 0, s16 1/aspect in 4.12}. Verified."
0x52a708,Screen_Clear,func,"void __thiscall(u32 z?, u32 color) -- D3D device vtable +0x28 (Clear) with flags 3 (target + z-buffer), z 1.0, stencil 0. Callers WinMain-side, Game_ReloadLevel, Fade_Update. Verified call shape."
0x52a742,Screen_SetProjection,func,"void __thiscall(Screen *this, s32 h) -- +0x88 = h (PS1 GTE-style projection distance); Frustrum_SetFovFromTan(g_pDisplayInfo, const/(2h)), aspect = viewport w/h, Frustrum_BuildProjectionMatrix into 0x6d6ec8 with one term negated, then SetTransform(3 = projection). Callers include Camera code. Verified."
0x52a7e0,Screen_ScalarDeletingDtor,func,vtable slot 0. Verified.
0x52afa8,Emitter_RenderFlat_Fwd,func,void (Emitter *e) -- forwarder to Emitter_RenderFlat 0x52afc1 (the older name Sfx_Emit_Fwd described it as an emitter spawn; it draws). Verified.
0x52afc1,Emitter_RenderFlat,func,"void __thiscall(Emitter *e, view) -- draws every live particle (flags bit 31) as a GROUND-PLANE quad: centre = slot position, half-size = flags bits 12..23 / constant, rotated in x/z by the particle angle; UVs from the sprite sheet 0x6d8078 + sheet*0x34, view matrix from view+0x40 (SetTransform 2); vertex buffers g_pVertexBufSrc -> g_pVertexBufXf. 8 callers (Wolf, Sheep, props). Verified (setup and quad build)."
0x52c636,Emitter_AddParticle,func,"void __thiscall(Emitter *e, const float pos[3], u16 angle12, s16 size12, u8 grey, u8 frame) -- writes the ring slot +0x10: age 0, angle bits 0..11, size bits 12..23, alive bit 31, grey byte 3 of word 0, frame bits 24..30; then advances the ring index mod count. Called by Sfx_SpawnBillboard. Verified."
0x52c9ec,Emitter_UpdateDrift,func,"int __thiscall(Emitter *e, const EmitterDriftParams *p, src, s16 angle, arg) -- spawn, then each live particle ages by g_dt until p[2]: moves -sin/-cos(angle)*p[0] horizontally and p[1] vertically per second (/0x57440c), size lerps p[4]->p+0x12, alpha ramps up over the first quarter and fades after; returns 'any alive'. The result is a byte zero-extended into eax, and callers test all of eax (callee tail 0x52cc7f xor eax,eax; mov al,cl; callers 0x48e631, 0x48e4b3, 0x48ee97, 0x48f068 test eax,eax with no movzx). 11 callers (the common dust/smoke). Verified."
0x52cc89,Emitter_UpdateRiseToCap,func,"int __thiscall(Emitter *e, const params *p, src, arg) -- rises at p[0] per second for at most p[1] ticks and dies once above the cap p+0xE (vertical points down, so 'above' = smaller); the sheep water bubbles patch +0xE with the surface height. Returns 'any alive' as an int (a byte zero-extended into eax, as Emitter_UpdateDrift 0x52c9ec). 8 callers. Verified."
0x52ce36,Emitter_UpdatePerfume,func,"s32 __thiscall ParticleEmitter::Emitter_UpdatePerfume(const void *params, Vec3s *source, s16 direction, s32 drift, ...) -- returns s32: tail mov cl,[eax+0x22]; and cl,1; xor eax,eax; mov al,cl at 0x52d0de. like UpdateDrift but the horizontal speed scales with (p[5] - |refHeight - y|)/p[5] and only when drift != 0. Sole caller the perfume update 0x4da6b5. Verified."
0x52d0ee,Emitter_UpdateDriftLift,func,"u8 __thiscall(Emitter *e, const params *p, src, u16 angle, arg) -- drift whose vertical step grows with age (p[1]*age/life) and whose size lerps only over the first quarter of life. Sole caller 0x4c1f44. Verified."
0x52d381,Emitter_UpdateColumn,func,"s32 __thiscall ParticleEmitter::Emitter_UpdateColumn(const void *params, const Vec3s *anchor, s32 age, s32 spawn) -- returns s32: same tail at 0x52d56c. particles held at the anchor's x/z and rising at p[0]; frame chosen from frameSel / p[2]. Callers 0x44f378, Dynamite_Update 0x4b4f6e (fuse), GroundMine 0x4d59e1. Verified."
0x52d57c,Emitter_UpdateFade,func,"int __thiscall(Emitter *e, const params *p, src, s16 angle, arg) -- motionless particles, full alpha until p[1], then fading to 0 at p[0]; size lerp over the life. Returns 'any alive' as an int (a byte zero-extended into eax, as Emitter_UpdateDrift 0x52c9ec). 9 callers. Verified."
0x52d791,Emitter_UpdateTrail,func,"int __thiscall(Emitter *e, const params *p, src, s32 spawnTime, s16 angle, s32 keep) -- spawns with a caller time (frame select 0xfe) and restores the emitter clock if keep == 0; a life of 0x7fffffff means permanent (just marks active), otherwise the particle fades over the last quarter. Returns 'any alive' as an int (a byte zero-extended into eax, as Emitter_UpdateDrift 0x52c9ec). Sole caller Wolf 0x48e27f. Verified."
0x52d971,Emitter_UpdateDriftAnimated,func,as Emitter_UpdateDrift plus the frame index animated through the sheet's frame count (0x6d80a4 + sheet*0x34) over the life. Sole caller 0x4c93aa. Verified.
0x52dc84,Emitter_Init,func,"void __thiscall(Emitter *e, s32 count) -- Heap_Alloc count*12 position slots and count*8 particle records (or none for 0), count at +0x21, then Emitter_Reset. Callers Wolf_Create 0x488a51 and two props. Verified."
0x52dcf1,Sfx_InitSpriteSheets,func,"void (void) -- AnimSprite_InitFromRes for the 11 effect sheets g_spriteSheets 0x6d8078 (stride 0x34) from the resource-id table 0x57bc38, then 0x52a89f(0x200). Called by the level loader 0x547855. Verified."
0x52a86f,RenderPoly_StaticInit_6d82b4,func,static initialiser: RenderPoly_Ctor on the global 0x6d82b4. Verified.
0x52a87e,RenderPoly_RegisterAtexit_6d82b4,func,atexit(0x52a890). Verified.
0x52a890,RenderPoly_StaticDtor_6d82b4,func,RenderPoly_Dtor on 0x6d82b4. Verified.
0x52a89f,Sfx_CreateVertexBuffers,func,"void (u32 count) -- creates g_pVertexBufSrc (FVF 2 = XYZ) and g_pVertexBufXf (FVF 4 = XYZRHW) of `count` vertices through the Direct3D object (vtable +0x14, CreateVertexBuffer); adds the system-memory cap 0x800 when the device is not the TnL HAL device (g_iidD3DTnLHalDevice). Verified."
0x52dd40,Stub_Empty_52dd40,func,"empty function, no callers. Verified."
0x52dd45,Stub_Empty_52dd45,func,"empty function, no callers. Verified."
0x52dd4a,Stub_Empty_52dd4a,func,"empty function, no callers. Verified."
0x52dd4f,Stub_Empty_52dd4f,func,"empty function, no callers. Verified."
0x52dd54,Stub_Empty_52dd54,func,"empty function, no callers. Verified."
0x52dd59,Stub_Return0_52dd59,func,"returns 0, no callers. Verified."
0x52dd60,Stub_Empty_52dd60,func,"empty function, no callers. Verified."
0x6ddf6a,g_weatherType,data,"u16 -- 0 none, 1 rain (textures DAV_IDI_IGLGOUT1/2, 'goutte'), 2 snow (DAV_IDI_IGLNEIG1, 'neige'): level data from the .WAR type-0x83 block (see g_texScrollListIds 0x6ddf60). All seven readers use movzx eax, word ptr [0x6ddf6a] (0x48d5bf, 0x48ebdc, 0x48efe1, 0x547f46, 0x547f61, 0x56038c, ...), among them the level loader 0x547855 and Game_Frame 0x560382. Verified."
0x577148,Weather_vtbl,vtable,vtable of the weather particle object. 0x584c90 is not its instance: 0x584c90 is g_camera.viewMat (StaticCtor_g_camera 0x40103a constructs it).
0x52df80,Weather_StaticInit,func,static initialiser: construct the weather object and register its destructor. Verified.
0x52df8f,Weather_StaticConstruct,func,Weather_Construct on the static instance. Verified.
0x52df9e,Weather_RegisterAtexit,func,atexit(Weather_StaticDtor). Verified.
0x52dfb0,Weather_StaticDtor,func,Weather_Destruct on the static instance. Verified.
0x52dfbf,Weather_LevelInit,func,empty; called by the level loader before the per-type setup. Verified.
0x52dfc4,Weather_InitRain,func,"void (camPos) -- g_weatherType 1: volume radius 1000, 200 drops (Weather_SetVolume), textures 0xe1/0xe9 (IGLGOUT1/2) 16x32 and 32x32, white; SfxParticles_InitRandom with direction (0,1,0), rate ~0.085, speed 1400..1600. Verified."
0x52e0e3,Weather_InitSnow,func,"void (camPos) -- g_weatherType 2: radius 1500, 300 flakes (80 when currentLevel g_pProgress[0xb6] == 8, i.e. Lvl-08 = in-game Level 7), texture 0x20 (IGLNEIG1) 24x24 twice, white; SfxParticles_InitRandom with drift (50, 250, -25), rate 0.175, speed 180..250. Verified."
0x52e06b,Weather_UpdateRain,func,empty; Game_Frame's pre-update hook for rain. Verified.
0x52e1ab,Weather_UpdateSnow,func,empty; Game_Frame's pre-update hook for snow. Verified.
0x52e070,Weather_RenderRain,func,"void (view, camera) -- 0x52e8bf(&weather) then 0x52e9a5(&weather, cull-plane normal as floats); Game_Frame after Scenaric_RenderAll. Verified."
0x52e1b0,Weather_RenderSnow,func,"void (view, camera) -- 0x52e8bf(&weather) then 0x53049a(&weather). Verified."
0x52e1e0,Weather_Construct,func,"Weather *__fastcall(Weather *this) -- (a 500-iteration empty loop, an inlined array-of-trivial-ctor), RenderPoly_Ctor at +0x5678, vtable 0x577148, clears +4, +0x5670, +0x5674. Verified."
0x52e259,Weather_Destruct,func,vtable 0x577148 then RenderPoly_Dtor(+0x5678). Callers the static dtor and 0x531ed0. Verified.
0x52e27b,Weather_SetVolume,func,"void __thiscall(Weather *this, float halfWidth, float radius, u32 count) -- +0x74 radius, +0x78 radius^2, +0x70 = sqrt(radius^2 - halfWidth^2) + near plane, +0x566c count capped at 500, then 0x531a08 (respawn). Verified."
0x52e322,Weather_SetTexture,func,"u32 (u16 resId, float w, float h, u32 colour) -- looks up the resource's texture rect (10-byte record) and stores its four corner UVs for the first particle texture. Verified (first half)."
0x52e4a0,Weather_SetTexture2,func,as Weather_SetTexture for the second particle texture (rain uses 0xe9 IGLGOUT2 here). Verified shape.
0x52e8bf,Weather_Advance,func,"void __thiscall(Weather *this, view) -- every particle (0x2c bytes from +0x7c): pos += vel * g_dtMs / constant, then 0x531bdd(view) re-wraps particles into the volume around the camera. Called by both weather renderers. Verified."
0x52e9a5,Weather_DrawRain,func,"void __thiscall(Weather *this, view, const float cullNormal[3]) -- streak quads stretched along a width vector perpendicular to the view normal; a drop whose position is inside a water box (BoxList_FindContainingPointBelowTop on g_waterZones) that is not a sink-through box stops being drawn as falling (+0xa4 = 0, splash branch); fills the vertex buffer +0x5670. Verified (first part)."
0x53049a,Weather_DrawSnow,func,"void __thiscall(Weather *this, view) -- flakes; outside water full alpha, inside a water box alpha falls with depth below the surface (box +6) over the flake's fall speed. Verified (first part)."
0x531a08,Weather_CreateVertexBuffers,func,"void __thiscall(Weather *this, u32 count) -- releases and recreates the two weather vertex buffers +0x5670 (FVF XYZ) and +0x5674 (transformed), system memory unless TnL HAL, as Sfx_CreateVertexBuffers. Verified (first half)."
0x531bdd,Weather_WrapToVolume,func,"void __thiscall(Weather *this, const float view[16]) -- transforms each particle into camera space and wraps any that left the volume around the camera (+0x68..+0x70 centre, +0x74 radius) back inside, so the field follows the camera. Verified (first part)."
0x531ed0,Weather_ScalarDeletingDtor,func,vtable slot 0 of the weather object. Verified.
0x531f00,File_Open,func,"s32 (const char *name, FileHandle *h) -- path = base 0x6ddab4 + name, _open(path, O_BINARY), h = {fd, size, remaining}; size from lseek(end); records the size in 0x57bc7c and resets the byte counter 0x57bc80 to 1; returns size or -1. Verified."
0x531f9d,File_Create,func,"u8 (const char *path, FileHandle *h) -- _open(path, O_RDWR|O_CREAT, 0600); 0 ok, 0xff fail. Verified."
0x531fcb,File_ReadAt,func,"s32 (FileHandle *h, void *buf, s32 offset, s32 len) -- seek then read; len or -1. Verified."
0x532007,File_Seek,func,"void (FileHandle *h, s32 pos) -- lseek(pos, SEEK_SET). Verified."
0x532020,File_ReadChecked,func,"s32 (FileHandle *h, void *buf, s32 len) -- reads a u32 CRC then len bytes and checks Crc32(buf, len) against it; len or -1. Callers the level loader 0x548bb9 and 0x549d25. Verified."
0x53208b,File_Read,func,"s32 (FileHandle *h, void *buf, s32 len) -- _read; on a full read decrements h->remaining and adds len to the counter 0x57bc80; len or -1. Verified."
0x5320d1,File_Write,func,"s32 (FileHandle *h, const void *buf, s32 len) -- _write; 0 on a full write else -1. Verified."
0x5320f8,File_Close,func,s32 (FileHandle *h) -- _close; returns 0. Verified.
0x53210d,File_LoadWhole,func,"void *(const char *name) -- 'LOADFILE CALLED' debug print, File_Open, malloc(size), File_Read, File_Close; null (with 'Error in LoadFile') on failure. Caller 0x55e7ea. Verified."
0x532181,File_SaveWhole,func,"u8 (const char *path, const void *buf, s32 len) -- File_Create, File_Write, File_Close; 0 ok, 0xff fail. Caller 0x55e89b. Verified."
0x5321d0,Text_StaticInit,func,static initialiser: calls Text_InitFormatBuf. Verified.
0x5321da,Text_InitFormatBuf,func,g_textFormatBuf = *(0x57bce0) + 0x10. Verified.
0x5321ec,RenderPoly_StaticInit_6ddf30,func,static initialiser for the RenderPoly at 0x6ddf30 (+ atexit). Verified.
0x5321fb,RenderPoly_StaticConstruct_6ddf30,func,RenderPoly_Ctor(0x6ddf30). Verified.
0x53220a,RenderPoly_RegisterAtexit_6ddf30,func,atexit(0x53221c). Verified.
0x53221c,RenderPoly_StaticDtor_6ddf30,func,RenderPoly_Dtor(0x6ddf30). Verified.
0x53222b,Text_Reset,func,"void (void) -- g_textEnabled = 0, no current font, clears g_textLayer (0x18 bytes) and the three font slots g_fonts (0x14 each). No callers in the export. Verified."
0x5322b3,Text_ResetWindow,func,"u8 __cdecl Text_ResetWindow(void) -- returns u8: xor al,al at 0x5322e8. text window = 0,0,512,240 (0x6ddf24..0x6ddf2a, the virtual PS1 screen) and 0x53378a(g_textLayer). Callers menus, dialogs and the level loader. Verified."
0x5322ec,Text_Disable,func,g_textEnabled = 0; called by Load_FreeLevel. Verified.
0x5322fb,Text_ResetMeasure,func,0x6ddf18 = 0x6ddf1c = INT_MAX (running min/max for the next measure pass); called by 0x5328b3. Verified.
0x532314,Text_FindPrevPageMark,func,"bool (char **start, char **cur) -- scans back from *cur for a '$<digits>$' marker preceded by a printable character; on success *cur = just past it. Page stepping in scroll text. Verified."
0x532442,Text_FindNextPageMark,func,"bool (char **start, char **cur) -- forward twin of Text_FindPrevPageMark (skips a marker followed by a newline). Verified."
0x532541,Text_LineIsBlank,func,bool (char **p) -- true if nothing printable (other than $tokens$) remains before the next control character. Verified.
0x532601,Text_FindPageMark,func,"char *(char **p) -- first '$<digits>$' marker in the string, or the start if none. Verified."
0x5326e9,Text_PageStep,func,"u32 (s32 mode, char **cur, char **next, char **prev) -- keeps the high-water mark 0x6ddf08, finds the previous/next page markers and sets flags 0x6ddf10 bit 2 (has previous) / bit 3 (has next); mode 2 advances. Caller the scroll-text driver 0x5328b3. Verified (first half)."
0x53337f,Text_GetScrollInput,func,"s32 (const PadState *pad) -- scroll delta: analog stick Y when the controller type nibble 0x719653 >> 4 == 7 (Pad_StickToDeadzonedAxes), else +0x100 for d-pad down (0x40) and -0x100 for up (0x10), active-low. Verified."
0x533403,Text_MeasureLine,func,"u16 (const char *s, ...) -- characters up to and including the next newline, not counting $token$ sequences ('$C' colour tokens adjust the count). Verified (first part)."
0x533589,Text_MaxLineLength,func,"u16 (const char *s) -- longest line (Text_MeasureLine over the whole string, newline excluded). 4 callers. Verified."
0x5335f3,Font_SetCellSize,func,"u32 (u8 w, u8 h) -- current font cell w (+10), h (+11), line pitch (+0x12) = h + 2; returns the old h << 16 | w. Verified."
0x53363f,Text_SetCursor,func,"void (s16 x, s16 y) -- g_textCursorX/Y. Verified."
0x533684,Text_CenterVertically,func,"void (s32 lines) -- if text is enabled, cursor Y = (window height - lines * line pitch) / 2. 7 callers. Verified."
0x5336cd,Font_SetHeader,func,void (u32 v) -- writes the first dword of the current font record. No callers in the export. Verified.
0x53374f,Text_GetWindow,func,"void (s16 out[4]) -- current text window x, y, w, h. Verified."
0x53378a,Text_ApplyWindow,func,"void __cdecl Text_ApplyWindow(u32 *layer) -- the layer is a pointer. window = the stored default (0x6ddf24..2a), recomputes columns (w / cell w, +0xe) and rows (h / pitch, +0xf), clip offsets, cursor 0,0, g_textLayer = layer. Verified."
0x53386a,Text_SetWindowCells,func,"void (x, y, layer?, cols, rows, arg) -- Text_SetWindow with the size given in character cells. Verified."
0x5338a9,Text_AdjustWindow,func,"void (s16 dx, s16 dy, s16 dw, s16 dh) -- offsets the window; a negative top is clipped to 0 and remembered in g_textClipOffY; recomputes columns/rows. Verified."
0x533970,Text_FormatHex,func,"u32 (char *out, u32 v) -- '$' then v in hex without leading zeros, digits from 0x57bcd0; returns the length. Verified."
0x5339fc,Text_FormatHex8,func,"u32 (char *out, u32 v) -- '&' then all 8 hex digits. No callers in the export. Verified."
0x533a64,Text_FormatUInt,func,"u32 (char *out, u32 v) -- decimal via Int_ToBcd; values over 99999999 clamp to 99999999 with a leading '>'. Verified."
0x533b0f,Text_FormatUIntPadded,func,"u32 (char *out, u32 v, u8 minDigits) -- as Text_FormatUInt, zero-padded to minDigits. No callers in the export. Verified."
0x533be0,Text_FormatInt,func,"u32 (char *out, s32 v) -- signed decimal ('-' sign), clamped to +/-99999999 with a leading '>'. Verified."
0x533ce2,Text_FormatBinary,func,"u16 (char *out, u32 v) -- '%' then v in binary without leading zeros. No callers in the export. Verified."
0x533d68,Str_ParseU16,func,"u16 (const char *s) -- decimal string to integer (no sign, no validation). Caller the scroll-text driver 0x5328b3. Verified."
0x533dda,Text_ScrambleGlyphs,func,void (char *s) -- for each character draws Rand_Bounded(0x7e) (skipping $token$ runs and '%' escapes) to pick a glyph variant: the load-time glyph randomisation that consumes RNG per processed character (docs/03). Caller the string-bank loader 0x539273. Verified (loop head).
0x533ec3,Text_BlinkButtonGlyphs,func,"void (char *s) -- advances a 0..0xba ms phase from g_rawTimeMs and substitutes button glyphs according to the phase (three states: < 0x3e, < 0x7c, rest), skipping 4-byte colour codes. Called by Text_PrintFmtStyled when blinking is requested. Verified (first part)."
0x5343da,Text_ExpandNameToken,func,"s32 __cdecl Text_ExpandNameToken(const char *tok, char *out, u16 *len) -- returns 0/1 in eax (0x53442c/0x534433). token 'G_NAME' expands to UI string 0x4d. Verified."
0x534437,Text_PutColorCode,func,"void (u8 *out, u32 rgb) -- writes the 4-byte colour code {1, r, g, b}. Verified."
0x5345f3,Text_SelectFormatBuffer,func,void (bool alt) -- points the format buffers at 0x6ddb10/0x6ddb20 or at the collision scratch (alt). No callers in the export. Verified.
0x534630,Text_PrintWrapped,func,"void (const char *s) -- Text_WordWrap(s, 0) if s is non-empty. Verified."
0x534655,Text_PrintFmt,func,"void (const char *fmt, ...) -- if text is enabled, Text_VFormat into g_textFormatBuf and print it wrapped. 6 callers (HUD prompt, countdown...). Verified."
0x5348d8,Text_PrintFmtStyled,func,"void (style, bool blink, const char *fmt, va_list) -- Text_VFormat, optional Text_BlinkButtonGlyphs, Text_WordWrap(buf, style). Callers Text_PrintfStyled and two menu sites. Verified."
0x534cd0,Text_ExpandMemCardToken,func,"bool (const char *tok, char *out, u16 *len) -- token 'M_CARD' expands to UI string 0x32 (via g_pGetUiString). Verified."
0x53495f,Text_VFormat,func,"formatter: expands $TOKENS$ (Text_ExpandNameToken, Text_ExpandMemCardToken...) and numeric conversions (Text_FormatHex/UInt/Int) into a buffer. 4 callers. Verified by its callees; body not fully read."
0x533fbd,Text_ExpandButtonToken,func,"s32 __cdecl Text_ExpandButtonToken(const char *tok, char *out, u16 *len) -- returns 0/1 in eax (xor eax,eax / mov eax,1 at 0x533fde). expands $B_<name>$ button tokens (CANCEL, CIRCLE, CROSS, INTVIEW, QUICKINV, RIGHT, SELECT, SNEAK, SQUARE, START, TRIANGLE, VALID, ...) into button glyph codes, with Text_PutColorCode for their colours. Callers Text_VFormat and the scroll-text driver. Verified by its string table."
0x53447c,Text_ExpandColorToken,func,"s32 __cdecl Text_ExpandColorToken(const char *tok, char *out, u16 *len) -- returns 0/1 in eax (0x5345d9/0x5345ec). expands $C_<colour>$ tokens (DEFAULT, WHITE, RED, GREEN, BLUE, YELLOW, CYAN, PURPLE) into 4-byte colour codes via Text_PutColorCode. Verified by its string table."
0x534d2e,Text_DrawString,func,"draws a prepared string glyph by glyph into g_pPolyBin with the current font (g_pCurFont cell size, UVs), clipped to the text window and its clip offsets. Callers 0x535a88 and 0x535f03 (the word-wrap/print layer). Verified by its data use; body not fully read."
0x5328b3,ScrollText_Run,func,"the scrolling multi-page text driver (caller 0x5395c7): reads scroll input (Text_GetScrollInput) and new pad presses, steps pages with Text_PageStep / the $<digits>$ markers, parses marker numbers (Str_ParseU16), timing from g_rawTime, prints through Text_WordWrap. Verified by its callees; body not fully read."
0x53647a,HoleFX_Destruct,func,"void __fastcall(HoleFX *this) -- vtable g_vtblHoleFX, deletes the owned object at +0xfa4 (slot 0, arg 1), destroys the 120 RenderPolys ending at +0xf8c. Caller Transition_StaticDtor_HoleFX 0x515f6f. Verified."
0x53678f,HoleFX_SetShading,func,"void __thiscall(HoleFX *this, float scale, float bias) -- +0xf8c = scale, +0xf90 = bias. Caller Transition_Init 0x516515. The two fields are a colour shading ramp, not a target or depth: the only reads are the fmul at 0x538d40 and the fadd at 0x538d49, both inside the colour function 0x538d20; the rest are writes (HoleFX_Init sets 1.0 / 0.0, this function sets them from its arguments)."
0x538dc0,HoleFX_ScalarDeletingDtor,func,HoleFX_Destruct then operator delete if (flags & 1). Verified.
0x538b2d,Bezier3_Eval,func,"void __thiscall HoleFX::Bezier3_Eval(float *outPos, float *outTangent, const float *p0, const float *p1, const float *p2, const float *p3, float t) -- a HoleFX member. cubic Bezier point (1-t)^3 p0 + 3t(1-t)^2 p1 + 3t^2(1-t) p2 + t^3 p3, plus a derivative-like second vector. Caller the HoleFX animator 0x5367b4. Verified (position part)."
0x53907d,Menu_DrawYes,func,"void (char selected?, const u8 *item) -- if arg == 0, Text_PrintfStyled(2, item bit 4, g_strYes). Verified."
0x5390b3,Menu_DrawNo,func,as Menu_DrawYes with g_strNo. Verified.
0x53931b,Ui_DrawSubtitleBox,func,"void (const char *text, const s16 rect[4] or null, u16 frameStyle) -- rect defaults to g_subtitleRect; panel fill 0x080808 grown by 4 px, frame quads, font 1, window = rect, vertically centred by its wrapped line count, printed style 2. Callers 0x4f1435/0x4f15c8/0x4f169c. Verified."
0x5395c7,Dialogue_Show,func,"u8 __cdecl Dialogue_Show(void *text, s32 arg) -- returns u8: xor al,al at 0x53987b. on a new text resets and activates the dialogue box; while the letterbox is fully in (g_letterboxState == 2) prints it through ScrollText_Run in window (32, 194, 448 wide, two lines), and draws the up/down page triangles (g_spriteTriangle) when Text_PageStep reports previous/next pages and progress bit 0x98 & 4 is set. 4 callers incl. cinematics. Verified (first part)."
0x539965,ScrollList_Update,func,"void __thiscall(ScrollList *this, s8 dir) -- smooth line scrolling: a non-zero dir starts a scroll (+0x12) toward the previous/next line within +0xc/+0xe, the pixel offset +0x13 advances until one line pitch, then the start offset +0x10 is recomputed with Text_MeasureLine. Callers 0x49bd01 and PauseMenu 0x5402ff. Verified (first part)."
0x539f2a,UiFrame_LoadSkin,func,"void __thiscall(UiFrame *this, a, b) -- reads the frame textures from resource id lists 0x27 (centre) and 0x28..0x2b (four parts): texture id and rect for each. Caller 0x5428c0. Verified (first part)."
0x539199,Menu_BuildList,func,"void (a, u32 out[5], s8 count, const u32 *items) -- builds a 5-dword menu descriptor (count+2 entries) and registers it with 0x54ed8d / 0x54eb76. Callers 0x4375bd, 0x45a58a, 0x53ec02. Verified (first part)."
0x6d656c,g_textCatalog,data,TextResBank -- static text resource bank: StaticInit_g_6d656c_ctor 0x52293e loads ECX=0x6d656c and calls TextResBank_Ctor 0x54f8f0 (vtable 0x5771bc). Verified.
0x6d6568,g_pD3DAppMain,data,"D3DApp * -- the D3D framework object (+0x20 IDirectDraw7, +0x24 IDirect3D7, +0x28 IDirect3DDevice7; D3DDeviceInfo table, current device index +0x41e3d). Verified."
0x6d6ebc,g_pViewFrustum,data,"Frustrum * -- App_InitGameSystems 0x4018b9 does new(0x444) + Frustrum_Construct(g_pD3DAppMain) and stores it here (0x4018cd, the only write). Float +0x1c/+0x20 are the viewport width/height Screen_ScaleX/Y use. Was g_pDisplayInfo / g_pViewport. Verified."
0x5c7630,g_szEmpty_5c7630,data,char[1] -- empty string compared against the joystick product name in D3DApp_GetJoystickInstanceName (push at 0x405c50). Verified.
0x5c7631,g_szEmpty_5c7631,data,char[1] -- empty string strcpy'd to the output when the joystick product name is empty (push at 0x405c79). Verified.
0x4071b0,InputDevice_GetObjectName,func,"u32 __thiscall InputDevice_GetObjectName(InputDevice *this, u32 diObjOffset, char *out) -- IDirectInputDevice::GetObjectInfo then GetProperty(DIPROP_KEYNAME); Portuguese space-bar fix. Was DI_GetObjectName; class prefix so ApplyClassTypes types this. Verified."
0x6defa8,g_listNodeHeap,data,"Heap -- the list-node heap over the malloc'd 32 KB block pointed to by g_scratch32k 0x6defe8 (not contiguous). Heap_Init'd by Scratch32k_Install, Heap_Term'd by Scratch32k_Free. Serves List_Create 0x5472d9, 0x5472fa (12-byte nodes), List_FreeNode 0x5473c4, 0x547415. Verified."
0x6e4374,g_camScriptOwner,data,"ScnObject * -- owner of the current scripted camera: written only by Camera_StartScripted (arg 1, 0x55a879) and zeroed at 0x55a159. Every reader (0x460190, 0x481d6e, 0x4a0829, 0x4a67db, 0x55a3a7) is the same inlined getter 'owner if g_camMode is 7/9/10, else NULL'. Was g_camTargetObject. Verified."
0x57e8a0,g_camModeDefaults,data,"CamModeParams[13] -- per-camera-mode defaults (stride 0x1c) copied to 0x6e4428 by Camera_InitSettings 0x55a227: s32 pitch/yaw/roll speeds, s32 accel/decel at +0xc/+0x10/+0x14 (dword loads at 0x5544bc/0x5544c5/0x5544ce), s16 dist +0x18, s16 focal +0x1a. Not 's16 pairs'. Verified."
0x55b1a0,StaticInit_g_attachLinkStorage,func,"void (void) -- CRT initializer-table entry (0x5790bc, next to 0x55ca30 StaticInit_g_skyVerts at 0x5790c0); calls StaticCtor_g_attachLinkStorage. Verified (exe bytes)."
0x55b1aa,StaticCtor_g_attachLinkStorage,func,"void (void) -- for 10 entries of 0x60 bytes from g_attachLinkStorage 0x6e4620, calls Thunk_ReturnArg on entry+0x20 (the inlined matrix member ctor). Verified."
0x55b1ee,Dav_GetResourcePtr,func,"void * Dav_GetResourcePtr(u16 idx) -- (g_pDav->table[idx] & 0xFFFFFF) + g_pDav->blob (+0xc / +0x10): a WAR resource's address, dropping the type byte. Only caller ScnObject_InitWithAltModels. Verified."
0x55d86b,Instance_DrawRigid,func,"void Instance_DrawRigid(...) -- the rigid (non-animated) instance draw: identity matrix, colour/texture setup (Color_RgbToBgr, Texture_FindByResource), Instance_SetRigidTransforms 0x55d31d, then the mesh draw. Callers: ScnLogic_Render and its Shadowed/Scaled variants, 0x4e3d20, 0x4f5bbc (Snowball). Counterpart of Instance_DrawAnimated 0x55d5d5. Name verified by callees; prototype not read."
0x55da1e,WorldObj_DrawAnimated,func,"void __cdecl (WorldObj *object, Camera *camera) -- two arguments like every g_worldObjDrawFns entry: the dispatchers push the object and 0x584c50 (g_camera) and pop 8 (0x56035b-0x560368, 0x56046f). g_worldObjDrawFns[4] (table 0x57eaf0 = 0x55d0fa, 0x55d119, 0x55d200, 0x55cc28, 0x55da1e, 0; exe bytes read). Advances the animation (Anim_Advance, Anim_FireSoundEvent) inside the render pass, then Instance_DrawAnimParts. Dead with shipped data: no level has a WAR type-4 resource. Verified."
0x4eb0fd,seesaw_Init,func,"vtable +0 of seesaw (class 15): reads the seesaw properties, ejection boxes, plank geometry"
0x4ed66d,seesaw_CollideBody,func,"The seesaw's body collision; the class prefix is spelled as in class_map.csv (seesaw), so ApplyClassTypes types `this`."
0x4ed99f,seesaw_CollideBody_GroundQueryBranch,label,NOT a function: a fall-through chunk of seesaw_CollideBody 0x4ed66d (0x4ed999 je falls into it; no prologue; uses the caller's [ebp-0x310]/[ebp-0x67c]; the only ret 0x20 is at 0x4eeb99). Kept as a label; tools/ghidra/FixFunctionSplit.java removes the bogus function
0x493e80,WallAvoid_Reset,func,void __thiscall WallAvoid_Reset(WallAvoid *this) -- clears the 8-byte WallAvoid steering record (+0..+7); ECX = sheep+0xC4 or wolf+0x2B0 at every call site. Was Sub_0x493e80_ClearVecAndFlags
0x57c038,g_fogPauseColor,data,"u32 RGB -- FogManager's PAUSE_COLOR; written at 0x4c2788 and 0x53c3e7 (default 0xa05050), never read: dead data (2 references, both stores)"
0x57c03c,g_waterColor,data,"u32 RGB -- written by FogManager 0x4c27a4 and at 0x53c3f1 (default 0x600060), read at 0x4de126 (Piranhas) and by Color_ScaleClamp"
0x4ed5d0,seesaw_Create,func,"factory for CLASSID 15 ""seesaw"": new(0xa94) + inlined ctor chain; sets obj+0x3a |= 0x200"
0x53e126,Hud_DrawCannonMask,func,"void __cdecl Hud_DrawCannonMask(void) -- cannon-sight overlay: a 2x2 mosaic of DAV_IDI_ICSMASQ_ (res 160) at 2.0x scale, centred, colour 0x808080. Sole call site 0x4a75be in CanonSimple_Update (vtable 0x575ce0 +4, class 97), not CanonSheep"
0x574320,g_float_2,data,"float 2.0f -- a shared literal with about 90 references (sound stream length, elastic_UpdateBandMesh, ...), named after its value."
0x4722d7,Sam_Pirate_Create,func,"factory for CLASSID 142 ""Sam_Pirate"": new(0x358) + ScnMobile ctor chain"
0x436910,DaffyLevel01_DrawChoice0,func,"MenuHandler: draws answer choice 0 of the Level 1 Daffy quiz; entry 0 of g_daffy01ChoiceHandlers 0x57a6bc (exe bytes: 0x436910, 0x43694d, 0x43698a, 0x4369c7, 0x436a04), reads g_pDaffyLevel01 0x6cc86c +0x130/+0x134"
0x43694d,DaffyLevel01_DrawChoice1,func,MenuHandler: answer choice 1 of the Level 1 Daffy quiz; entry 1 of g_daffy01ChoiceHandlers 0x57a6bc
0x43698a,DaffyLevel01_DrawChoice2,func,MenuHandler: answer choice 2 of the Level 1 Daffy quiz; entry 2 of g_daffy01ChoiceHandlers 0x57a6bc
0x4369c7,DaffyLevel01_DrawChoice3,func,MenuHandler: answer choice 3 of the Level 1 Daffy quiz; entry 3 of g_daffy01ChoiceHandlers 0x57a6bc
0x48c7c6,Wolf_BushCommon,func,the Wolf's in-bush state step (Ralph wearing the Bush): sets the context action +0x640 = 0xe (take the bush off) and on the way out sends the Bush msg 0x1c02 MSG_BUSH_TAKEN_OFF (push 0x1c02 at 0x48c871). Not a carry step (Wolf_CarrySheepGroundStep is a different function).
# --- prototypes proven by byte-matched source, and the CRT helpers the matched code calls
0x488a51,Wolf_Create,func,"ScnObject *Wolf_Create(void *warRecord) -- class 0 factory. Its `new` is ScnObject's class-specific operator new, Scenaric_Alloc 0x50d5f4 (0x71c bytes): the inlined ctor chain incl. embedded emitters/bodies, ScnObject_InitWithAltModels(record, this+0x5A0, 5, g_wolfModelIds, this+0x5B0); sets g_pWolf, g_wolfInstanceCount=0. Source: src/game/wolf.cpp."
0x6d6780,g_inputMgr,data,InputMgr -- the static input manager: StaticInit ctor 0x5228ff calls InputMgr_Construct 0x527a00 with ecx=0x6d6780; vtable 0x577138 (InputMgr_vtbl; dtor 0x527abc; owns three deletable sub-objects at +0x14/+0x18/+0x1c). Used by the menu pad helpers and Game_Frame_2.
0x489e09,Wolf_PushObjectStep,func,"Wolf_PushObjectStep (state 0x2F) -- not tangential motion at a constant radius: Ralph heads toward the object's centre (heading from atan2(pos - target) snapped by Wolf_SnapHeadingToObject), sends it msg 10 with this frame's x/z step, and his own step is then replaced so that the radius shrinks (0x489e76-). Source: src/game/wolf_move.cpp."
0x5609c0,TexScroll_AddList,func,"void TexScroll_AddList(u16 listId, s8 reverse) -- the flag is signed (movsx at 0x5609ce), then overwritten with 1 or -1. Ignored when listId == 0. IdList_FindWithCount(listId, &n), then TexScroll_AddRect(entry[k], step) for each of the n entry pointers; each entry points to a DavBitmapRec {u, width, v, height, page}. Sole caller TexScroll_Init. Source: src/engine/tex_scroll.cpp."
0x6ddf68,g_texScrollReverseMask,data,"u16 bitfield of four 1-bit fields (list0..list3), not a plain mask: VC6 bitfield code at 0x560e61 (and dx,1) and 0x560e7c (shr cx,1; and cx,1). Type-0x83 header bytes 8..9: bit i reverses list i's scroll direction. Source: src/engine/game_state.cpp."
0x71b288,g_texScrollBackup,data,"Texture *[16] -- created by new(0x90) + Texture_Ctor at 0x560aec-0x560b44 and used as the receiver of the Texture accessors: per rect, a surface holding the unscrolled texels. Only 16 slots fit before g_frameCount 0x71b2c8. Source: src/engine/tex_scroll.cpp."
0x48a897,Wolf_ClimbStep,func,"Wolf_ClimbStep: the box parameter is an ordinary 16-byte WAR Box {u32 flags; s16 min[3]; s16 max[3]} (0x48a934 reads flags; 0x48a95e-0x48a9bb min/max), not a ZoneBox *. In a climb zone the step is clamped with axes (flags & 0x2000000) ? 7 : 5. States 0x3f (isClimbZone=1, box from CLIMBBOXES, wall heading = g_wolfClimbDirTable[(flags&0x78000000)>>27]<<9) and 0x40 (box of ctx object +0x644, heading toward box centre). Source: src/game/wolf_move.cpp."
0x6d5478,g_wolfTmpStep,data,Not a separate variable: g_sharedScratch+0x10 seen through a pointer local (0x48a1e9 / 0x48a8ea load 0x6d5468). Wolf_ClimbStep keeps the climb target there and the step at +0x18.
0x6d5470,g_wolfTmpRot,data,Not a separate variable: g_sharedScratch+8 (WolfMoveScratch.rot) seen through a pointer local.
0x5602e2,Game_RenderStaticWorld,func,"void Game_RenderStaticWorld(void) -- real size 150 bytes (0x5602e2-0x560377) + 10 nops, not Ghidra's 1: VC6 /Ob2 output, the out-of-line copy of a function auto-inlined into Game_Frame (the matched compile spans 160 bytes, all equal). No call or pointer reference. Source: src/engine/scenaric_loop.cpp."
0x560382,Game_Frame,func,"Game_Frame's first step is the weather hook, not a camera pre-update: Weather_UpdateRain or Weather_UpdateSnow(&g_camPos) (0x52e1ab / 0x52e06b, both empty), chosen by g_weatherType 1 or 2. Source: src/engine/scenaric_loop.cpp."
0x561bc0,Cine_ResetIterators,func,"void __thiscall Cine_ResetIterators(Cine *this) -- this is Cine *, not CineMgr *. Rewinds the cinematic script's two iteration cursors before each walk. Source: src/engine/cine1.cpp."
0x561cd0,Cine_SetDialogueParams,func,"void __thiscall Cine_SetDialogueParams(Cine *this, const CineDialogue *p) -- p is a 12-byte struct copied in one go into Cine+0x968 (only matches as a struct assignment): +0x968 dialogue speaker object, +0x96c idle anim in the low half, talk anim in the high half, +0x970 camera setup pointer. Source: src/engine/cine2.cpp."
0x5622b0,Cine_SaveActorState,func,"void __thiscall Cine_SaveActorState(Cine *this, ScnObject *obj, CineActorSave *s) -- CineActorSave's anim fields mirror the Animator block at obj+0x40: anim40 = anim.cur (AnimData *), anim50 = timeAcc, anim54 = pendingSoundId, anim5a[0..4] = animId, frame, frameDuration, speed, flags. Source: src/engine/cine2.cpp."
0x565d1c,_ftol,func,"CRT (static LIBCMT, SP5): float to int conversion (__ftol). Placed by tools/match.py: every matched call to it lands here."
0x566910,_allmul,func,"CRT (static LIBCMT, SP5): 64-bit multiply (__allmul). Placed by tools/match.py: every matched call to it lands here."
0x566860,_alldiv,func,"CRT (static LIBCMT, SP5): 64-bit signed divide (__alldiv). Placed by tools/match.py: every matched call to it lands here."
0x566659,pow,func,"CRT (static LIBCMT, SP5): pow. Placed by tools/match.py: every matched call to it lands here."
0x566374,sin,func,"CRT (static LIBCMT, SP5): sin. Placed by tools/match.py: every matched call to it lands here."
0x566424,cos,func,"CRT (static LIBCMT, SP5): cos. Placed by tools/match.py: every matched call to it lands here."
0x5664be,fabs,func,"CRT (static LIBCMT, SP5): fabs. Placed by tools/match.py: every matched call to it lands here."
0x566594,sqrt,func,"CRT (static LIBCMT, SP5): sqrt. Placed by tools/match.py: every matched call to it lands here."
0x565e70,memcpy,func,"CRT (static LIBCMT, SP5): memcpy. Placed by tools/match.py: every matched call to it lands here."
0x565d50,memset,func,"CRT (static LIBCMT, SP5): memset. Placed by tools/match.py: every matched call to it lands here."
0x565940,operator_new,func,"CRT (static LIBCMT, SP5): global operator new (??2@YAPAXI@Z). Placed by tools/match.py: every matched call to it lands here."
0x565d43,operator_delete,func,"CRT (static LIBCMT, SP5): global operator delete (??3@YAXPAX@Z). Placed by tools/match.py: every matched call to it lands here."
# --- prototypes proven by byte-matched source, CRT helpers
0x50e6b7,Collide_ResolveMove,func,"u16 __thiscall Collide_ResolveMove(ScnObject *this, Vec3s *ioDelta, ContactInfo *outInfo, u16 floorNormalCutoff, u16 flags, Vec3s *startPosOrNull, CollBox *boxOrNull, s16 stepHeight, ScnObject **excludeList, s32 excludeCount) -- move-and-slide: up to 3 sweeps (1 if slideMask==0) via Collide_SweepBox 0x519f6d, which receives excludeList and excludeCount unchanged as its last two arguments (0x50e865-0x50e86c push [ebp+0x28] and [ebp+0x24])."
0x47255f,Shadow_Update,func,"void __cdecl Shadow_Update(Shadow *shadow, Vec3s *pos, ScnObject *owner) -- shadow is the ScnMobile+0x64 block. Runs only if the shadow flags (+0x14) have bit value 2 (dirty) set, and clears it; the ground Y is the minimum of Collide_GroundYRay(pos, &n, pos.y-10) and an object-grid ground query. The +8 block is Vec3s corners[2] (half-diagonals). Byte-matched in src/engine/shadow.cpp: flags at +0x14 (0x472568), radius u8 +7 (0x472650), alpha u8 +6 (0x47273e), corners pointer at 0x4726a1."
0x6d5130,g_objGridCells,data,"ListNode *** -- the malloc'd dimX*dimZ array of list handles, each pointing at a heap head cell made by List_Create (ObjGrid_QueryGroundY 0x472420-0x472426 takes &cells[x + z*dimX], then *cell at 0x472455 and *list at 0x47245d before the node walk)."
0x6d5668,g_clipTriBuffer,data,"Vec3i[] -- the vertex ping-pong buffer of the Poly_Clip* chain, 12 bytes per vertex (passed as the Vec3i* in/out of Poly_Clip* by Collide_BoxTriangleSweep 0x5175da and Collide_ClipTriToBox 0x517d2f)."
0x719704,g_padRawSnapshot,data,"PadFrame -- copy of g_pad's raw 8-byte frame taken each Input_Poll, struct-copied from g_pad.raw (two dword moves 0x719628->0x719704, 0x71962c->0x719708 at 0x55e926-0x55e936); no reader found by absolute address."
0x55e7ea,PadRec_Load,func,"void PadRec_Load(const char *name) -- builds path = name + '.PAD' (0x57ebbc) with Str_Concat2 and loads it with File_LoadWhole; if it loaded: memcpy(&g_padRec 0x719728, data, _msize(data)) with NO bound on the size, then free(data), and the recorded button layout is restored. No callers (and PadRec_Save 0x55e89b has none either): record/playback is dead code in this build, and Input_SetMode(1) is never called (no call to 0x55e7ea / 0x55e89b anywhere in the disassembly; the four Input_SetMode calls pass 0 or 2)."
0x55e89b,PadRec_Save,func,"void PadRec_Save(const char *name) -- len = g_padRecDataLen (0x719738) + 0x28; sets header +0x14 (0x71973c) = g_gameTimeMs, byte +0 = 3, byte +1 = 7; path = '..\Data' (0x57ebc4) + name + '.pad' (0x57ebcc), with no separator inserted; File_SaveWhole(path, &g_padRec, len). No callers: record/playback is dead code in this build (see PadRec_Load 0x55e7ea)."
0x49192e,ScnObject_IsRocket,func,"s32 ScnObject::IsRocket(ScnObject *obj) -- returns obj->classId == 10 (Rocket). __thiscall with an unused this and one stack argument (ret 4), not __cdecl (0x491934 mov [ebp-8],ecx; 0x49195d ret 4; caller Wolf_EquipItem 0x48f1b8 push obj; mov ecx,this; no add esp)."
0x48d9dd,Wolf_SnapHeadingToObject,func,"s16 __thiscall Wolf_SnapHeadingToObject(Wolf *this, ScnObject *obj, s16 heading) -- asks obj via msg 0x5b for its snap mode: 0 -> nearest 0x400 (90 deg), 1 -> nearest multiple of 0x800, 2 -> 0x400 or 0xc00; other -> unchanged. The heading and the result are s16 (0x48da19 / 0x48da2d movsx ecx,word [ebp+0xc]). Used by 0x489e09 (state 0x2f, the approach of context action 5)."
0x48d0c7,Wolf_MoveWithPlatform,func,"u32 __thiscall Wolf_MoveWithPlatform(Wolf *this, Vec3s *delta, ContactInfo *contact, u16 mask, Vec3s *vel) -- adds carrier/platform motion (0x49205d, sets FB 0x10000000), computes scale-based limits, Wolf_MoveResolve; stamps lastObjectContactTime/+0x618 and clears FB 0x400 on landing. The mask is u16 (0x48d213 movzx eax,word [ebp+0x10]; test)."
0x48dd48,Wolf_FindClimbBoxOnTarget,func,"CollBox * __thiscall Wolf_FindClimbBoxOnTarget(Wolf *this) -- if the context action type +0x640 == 0xf and target +0x644 is set: scans the target's model box list (*(obj+8)+0xc: count, then 0x10-byte boxes with flags at +0) for the first box with flag 0x10 (climbable) and without flag 1 (disabled), and returns it (0x48dd7c obj->inst_model->boxes, 0x48dddb add eax,0x10, 0x48ddb5/0x48ddc1 [box]&1 / &0x10). State 0x40."
0x50c90d,InvWheel_IsRotating,func,"s32 InvWheel_IsRotating(void) -- returns wheelAngle 0x6cfc6e != 0xc00; Wolf_QuickInventory ignores left/right input while the carousel is still turning. It returns int, not bool: the whole eax is set (xor ecx,ecx; cmp; setne cl; mov eax,ecx at 0x50c917-0x50c921), and Wolf_QuickInventory tests the full register (0x48f743 test eax,eax); a bool-returning callee would give movzx eax,al in the caller, as Pad_MenuHeld does at 0x48f754."
0x491960,Wolf_SetActiveItem,func,"void __thiscall Wolf_SetActiveItem(Wolf *this, ScnObject *item) -- +0x718 |= 0x40000, +0x668 = item; if not already running, starts FX slot 7 attached to Wolf joint 3 and sets 0x714 |= 0x80000 (joint 3 being the head is inferred). Wolf_ClearActiveItem 0x4919fc is its counterpart."
0x6e45be,g_camReqFlags,data,"u8 bitfield struct (bits = CamRequestFlags), written each frame by Wolf_UpdateCamera or Robot_UpdateCamera; g_camFlags 0x6e4384 is one as well (bits = CamFlags). Byte read-modify-write per bit at 0x48f9e5-0x48fa65 and 0x48fbcf-0x48fbe4; bitfield read at 0x48fd04 (byte match of Wolf_UpdateCamera)."
0x55b510,WorldObj_CreateFromResource,func,"void * __cdecl WorldObj_CreateFromResource(u32 resIdx) -- called by Load_DAVnWAR for every GetResourceType class-0 resource; the result goes into g_worldObjs 0x585054. type = g_pDav->table[resIdx] >> 24, res = g_pDav blob(+0x10) + (entry & 0xFFFFFF); then a switch through the jump table. The parameter is 32-bit: the callee reads mov ecx,dword ptr [ebp+8] at 0x55b546, and Load_DAVnWAR widens with movzx edx,word ptr [ebp-0x26] at 0x547e16 (a u16 parameter would compile to mov dx / push edx)."
0x547855,Load_DAVnWAR,func,"u8 Load_DAVnWAR(const char *levelPath, Dav *dav): 1 success, 0 failure (mov al,1 0x548170 / xor al,al 0x548181; caller 0x529ff2 xor ecx,ecx; mov cl,al). The classifier GetResourceType 0x547470 returns 0 for types 3, 4, 0xb, 0x26; 1 for type 5; 2 for type 10; 3 for types 8, 9, 0x27, 0x80-0x86 or any type with bit 0x40; 4 (ignored) for types 1 and 2. AddToWorld and PostLoadInit run as two separate full passes over the objects."
0x6ddf60,g_texScrollListIds,data,"u16[4] -- four id-list ids of scroll rects: the first field of the 12-byte WAR type-0x83 block {u16 texScrollListIds[4]; u16 texScrollReverseMask (0x6ddf68); u16 weatherType (0x6ddf6a)}, copied as one 12-byte struct by Install_WarResource (0x547773-0x547787). g_weatherType is therefore level data from the .WAR."
0x515e50,Voice_PlayStream,func,"bool Voice_PlayStream(u32 voiceId, void *owner) -- voiceId 0 -> false. If the stream player (*0x71cdb8) state (0x564490) is not 0/1 -> false. Otherwise it starts streaming via 0x563940(player, voiceId, save->language byte +0xbb, 0, 1), from the language's folder (English/Spanish/Italian/...). voiceId is a 32-bit argument: the callee tests cmp dword ptr [ebp+8],0 (0x515e56) and Cine_Update pushes the whole *resource dword (0x5626eb..0x5626f3); a u16 prototype would make VC6 emit movzx before the push."
0x489b24,Wolf_MoveStepFixedFacing,func,"s32 __thiscall Wolf_MoveStepFixedFacing(Wolf *this, s16 facing) -- Wolf_MoveStepDirected(facing, vtbl+0x24 stick heading, rec.maxSpeed*stickMag>>8): moves with the stick while the body keeps a given facing, and returns Wolf_MoveStepDirected's result (caller Wolf_StrafeFixedFacingStep 0x48c5cd: call 0x489b24; mov [ebp-4],eax; later cmp [ebp-4],0 -> state 9)."
0x489bb5,Wolf_SidestepStep,func,"s32 __thiscall Wolf_SidestepStep(Wolf *this, s16 facing) -- strafe: the stickX sign selects heading facing-0x400 / facing+0x400, speed = maxSpeed*|stickX|>>8; keeps the current moveDir until the speed is 0; returns Wolf_MoveStepDirected's result (caller Wolf_SidestepHeldStep 0x48c685: call 0x489bb5; mov [ebp-0xc],eax; cmp [ebp-0xc],0 -> state 9)."
0x490ecf,Wolf_CheckActionButton,func,"void __thiscall Wolf_CheckActionButton(Wolf *this, s32 onGround) -- if 0x49054c(onGround) == 0 it clears the context action +0x640..+0x64c; on an action edge (padBits & 0x40) it calls Wolf_DoAction(onGround). The argument is an int flag (callers push 0 and 1: 0x48b91a, 0x48afc9)."
0x48c32d,Wolf_ForcedHeadingGroundStepChecked,func,"s32 __thiscall Wolf_ForcedHeadingGroundStepChecked(Wolf *this, s16 heading) -- calls Wolf_ForcedHeadingGroundStep 0x48a767 (0x48c33e call 0x48a767), then Wolf_CheckFallOrSlide. States 0x5d/0x5e/0xac/0xd1/0xdc and via 0x48c358."
0x516bc8,Poly_ClipMaxX,func,"u32 Poly_ClipMaxX(s32 plane, Vec3i *in, u32 count, Vec3i *out) -- Vec3i *in / Vec3i *out (s32 x, y, z triples, 12-byte stride), not s32 * (++out adds 0xc); keeps x <= plane. Source: src/engine/coll_clip.cpp."
0x516dd4,Poly_ClipMinY,func,"u32 Poly_ClipMinY(s32 plane, Vec3i *in, u32 count, Vec3i *out) -- Vec3i *in / Vec3i *out (s32 x, y, z triples, 12-byte stride), not s32 * (++out adds 0xc); keeps y >= plane (x and z interpolated). Source: src/engine/coll_clip.cpp."
0x516fd2,Poly_ClipMaxY,func,"u32 Poly_ClipMaxY(s32 plane, Vec3i *in, u32 count, Vec3i *out) -- Vec3i *in / Vec3i *out (s32 x, y, z triples, 12-byte stride), not s32 * (++out adds 0xc); keeps y <= plane. Source: src/engine/coll_clip.cpp."
0x5171d4,Poly_ClipMinZ,func,"u32 Poly_ClipMinZ(s32 plane, Vec3i *in, u32 count, Vec3i *out) -- Vec3i *in / Vec3i *out (s32 x, y, z triples, 12-byte stride), not s32 * (++out adds 0xc); keeps z >= plane. Source: src/engine/coll_clip.cpp."
0x5173d2,Poly_ClipMaxZ,func,"u32 Poly_ClipMaxZ(s32 plane, Vec3i *in, u32 count, Vec3i *out) -- Vec3i *in / Vec3i *out (s32 x, y, z triples, 12-byte stride), not s32 * (++out adds 0xc); keeps z <= plane. Source: src/engine/coll_clip.cpp."
0x5169c0,Poly_ClipMinX,func,"u32 Poly_ClipMinX(s32 plane, Vec3i *in, u32 count, Vec3i *out) -- Sutherland-Hodgman clip of a closed polygon (Vec3i, s32 x, y, z triples, 12-byte stride; ++out adds 0xc) keeping x >= plane (inclusive); intersection t = -d0*0x1000/(d1-d0) in 4.12, y/z interpolated with >>12; returns the output vertex count. Source: src/engine/coll_clip.cpp."
0x4919fc,Wolf_ClearActiveItem,func,"void __thiscall Wolf_ClearActiveItem(Wolf *this) -- clears 0x718 bit 0x40000, +0x668 = 0, calls 0x48d49b, detaches FX if 0x714&0x80000 (the counterpart of Wolf_SetActiveItem 0x491960)."
0x6e4384,g_camFlags,data,"u8 bitfield struct (bits = CamFlags: 1 manual-rotated, 2 smooth, 4 snap, 8 too far, 0x10 too-far cut), as g_camReqFlags 0x6e45be."
0x719620,g_inputMode,data,"u8 -- 0 live, 1 record, 2 playback (Input_SetMode takes u8; 0x55e72f). Input_Poll latches the pads only in mode 0. Input_SetMode hangs deliberately on 1-while-2 and 2-while-1. No caller ever passes 1."
0x566330,_chkstk,func,"CRT (static LIBCMT, SP5): stack probe __chkstk (cmp eax,0x1000 / test [ecx],eax loop). Placed by tools/match.py from matched calls."
0x566b12,malloc,func,"CRT (static LIBCMT, SP5): malloc (18-byte wrapper; also). Placed by tools/match.py from matched calls."
0x566c4c,free,func,"CRT (static LIBCMT, SP5): free (.10: _free, free.obj). Placed by tools/match.py from matched calls."
0x565be0,strlen,func,"CRT (static LIBCMT, SP5): strlen (0x7efefeff scan). Placed by tools/match.py from matched calls."
0x5661b0,strncmp,func,"CRT (static LIBCMT, SP5): strncmp (repne scasb over the count). Placed by tools/match.py from matched calls."
0x565e26,atexit,func,"CRT (static LIBCMT, SP5): atexit (_onexit 0x565da8, then neg/sbb/neg/dec). Placed by tools/match.py from matched calls."
0x568665,_msize,func,"CRT (static LIBCMT, SP5): _msize (SEH frame, heap mode 0x71d544). Placed by tools/match.py from matched calls."
0x565850,strcpy,func,"CRT (static LIBCMT, SP5): strcpy (the shared MSVC strcpy/strcat body). Placed by tools/match.py from matched calls."
0x565860,strcat,func,"CRT (static LIBCMT, SP5): strcat (the shared MSVC strcpy/strcat body). Placed by tools/match.py from matched calls."
0x565a70,strncpy,func,"CRT (static LIBCMT, SP5): strncpy. Placed by tools/match.py from matched calls."
0x5677ee,sprintf,func,"CRT (static LIBCMT, SP5): sprintf (string FILE with _flag 0x42, _cnt 0x7fffffff). Placed by tools/match.py from matched calls."
0x5685ec,longjmp,func,"CRT (static LIBCMT, SP5): longjmp. Placed by tools/match.py from matched calls."
0x568570,_setjmp3,func,"CRT (static LIBCMT, SP5): _setjmp3 (stores ebp/ebx/edi/esi/esp/ret and the cookie 0x56433230). Placed by tools/match.py from matched calls."
0x491bf2,ScnObject_GetSideQuadrant,func,"s32 __thiscall (ScnObject *this, ScnObject *other) -- returns s32, not u8: 0x491c4c reads all of [ebp-8] into EAX after OR-ing the bits, and the caller 0x47fce7 stores and compares a dword."
0x4875b9,Wolf_SetStateAnim,func,"void __thiscall (Wolf *this, u8 state, u16 animId, s32 loop, s32 stopLoopSound) -- animId is u16: 0x4876a3 movzx eax, word ptr [ebp+0xc]."
0x53353f,Text_CountWrappedLines,func,"u16 __cdecl (const char *s) -- returns u16: the caller 0x45aa61 does xor ecx,ecx; mov cx,ax."
0x53eee8,Dialog_Update,func,"u8 __cdecl (DialogBox *dlg) -- returns u8: the function ends xor al,al at 0x53efa6."
0x539893,Dialogue_Say,func,"u8 __cdecl (const char *text, s32 voiceId, ScnObject *speaker, u32 arg) -- returns u8: it tail-calls 0x5395c7 and PorkyLevel01_Update tests AL at 0x459d6b."
0x53ec02,Dialog_Begin,func,"void __cdecl Dialog_Begin(DialogBox *dlg, u32 firstStringId, s8 answerCount, const MenuHandler *handlers, ScnObject *sender) -- answerCount is s8: movsx edx,byte [ebp+0x10] at 0x53ec80 and 0x53ed33. The 4th argument is a MenuHandler table; 0x57a698 holds the three DrawChoice addresses."
0x53efaa,Dialog_UpdateAnswer,func,"u32 __cdecl (DialogBox *dlg, u32 *voiceIds) -- the 2nd argument is a per-answer voice table (0x57a700 = {0x60,0x61,0x62})."
0x4064ce,DI_JoystickEnumCallback,func,"BOOL CALLBACK (const DIDEVICEINSTANCEA *pdidi, void *pvRef) -- copies tszInstanceName at +0x28 (0x4064fe add edx,0x28), not tszProductName at +0x12c."
0x515a00,Box_GroundQueryDome,func,"s32 (GroundQuery *q, Box *box, Vec3s *boxPos) -- returns s32."
0x515934,Box_GroundQueryFlatTop,func,"s32 __cdecl Box_GroundQueryFlatTop(GroundQuery *q, CollBox *box, Vec3s *boxPos, s32 margin) -- answers the flat top of a box to a ground query. The fourth argument is read at 0x51595d, 0x515979, 0x51598c and 0x5159a7 (ebp+0x14); src/objects/train.cpp and snowyground.cpp call it with margin 0. Returns s32."
0x406747,SoundDevice_StepDevice,func,"u8 __thiscall (SoundDevice *this, u8 forward) -- forward is u8."
0x404c9b,D3DApp_StepDevice,func,"u8 __thiscall (D3DApp *this, u8 forward) -- forward is u8."
0x404dcf,D3DApp_StepMode,func,"u8 __thiscall (D3DApp *this, u8 forward) -- forward is u8."
0x405b79,D3DApp_StepJoystick,func,"u8 __thiscall (D3DApp *this, u8 forward) -- forward is u8."
0x5c7a98,g_enumSoundDeviceCount,data,"u32 -- not s32. Entry count for g_enumSoundDevices, capped at 20 by DS_EnumCallback."
0x52a810,Texture_FindByResource,func,"void * __cdecl (u32 key) -- the entry it returns is a MESH / vertex-buffer cache entry, not a texture: the caller reads +0x10 as an IDirect3DVertexBuffer7 (Lock through [vtbl+0xc] at 0x499c4d) and +0x14 as an unsigned vertex count (0x499c68). The other caller is Instance_DrawAnimated 0x55d5d5."
0x401030,StaticInit_g_camera,func,"The CRT static-initialiser thunk for g_camera (0x584c90 is g_camera.viewMat, not a weather instance); calls 0x40103a."
0x40103a,StaticCtor_g_camera,func,Constructs g_camera.viewMat (+0x40) and viewMatCopy (+0x80) with Mat44_Ctor.
0x404185,InputDevice_SetAcquired,func,"long __thiscall (InputDevice *this, u8 acquire) -- vtable slot +0x04 of the base class, returns 0; Joystick 0x406f29 and Keyboard 0x4073db override it."
0x5503d8,Anim_GetDurationMs,func,"u32 __cdecl (void *inst, u16 animId, u8 includeFirstTrack) -- the third argument is read movzx byte at 0x55047c, so u8."
0x421140,StreamSound_ServiceNotify,func,"s32 __thiscall () -- returns s32: 0x421216 mov eax,edi before the epilogue."
0x420e90,StreamSound_CreateFromWaveEx,func,"s32 __thiscall (SoundDevice *device, WaveFile *wave, float seconds, u8 notifications) -- the notification count is a BYTE argument (0x420f29 mov cl,byte [ebp+0x14]); the seconds argument is treated as a MINIMUM, not an exact size."
0x420c90,StreamSound_CreateFromFile,func,"s32 __thiscall (SoundDevice *device, char *path) -- the hard-wired variant is 2.0 s / 16 notifications."
0x5758bc,g_wolfGhostIdleAnims,data,"IdleAnimEntry[] -- the bytes at 0x5758bc are 06 00 02 03, the same 4-byte {u16 animId; u8 loopsMin; u8 loopsMax} entries as g_wolfIdleAnims 0x5758a0, whose table this continues."
0x50ff14,ScnObject_AttachTo,func,"void __thiscall (ScnObject *parent, u8 joint, Vec3s *offset, Vec3s *rot, u32 arg, u32 arg2) -- the joint is a byte (0x484d2b mov al,[ebp-0x19]); arguments 4-6 are passed on as dwords (0x50ff34-0x50ff3c), and the cinematic caller passes a real Vec3s* for the fourth."
0x55f085,Pad_Rumble_stub,func,"void __thiscall (Pad *this, s32 durationMs, const u8 *motors, s16 strength) -- the pattern is a byte array (g_rumbleSeqKill 0x57eba8 = c8 40 80 20 ff). Empty on PC. -- strength is 16-bit: CannonBall_SetState loads it with mov cx,word [ebp-0xa]; push ecx at 0x4a37f1 (a 32-bit parameter would be movsx); the other nine callers push constants"
0x472904,Shadow_Render,func,"void __cdecl (Shadow *shadow) -- the argument is the 0x18-byte Shadow at ScnMobile+0x64, not a bare pointer."
0x5472fa,List_AllocateNode,func,"void List_AllocateNode(void **nodeOut) -- Heap_Alloc(12) from g_listNodeHeap 0x6defa8 for one ListNode {data, prev, next}; the caller fills data. Defined in src/engine/list.cpp."
0x44b653,Ghost_Update,func,"The class Update, not a state-7 helper."
0x45b1b3,PrayingGhost_Update,func,The class Update.
0x450767,Gossamer_Boss_SetState,func,Gossamer_Boss's state setter; the class prefix is spelled as in data/symbols_auto.csv.
0x451921,Gossamer_Boss_ChaseStep,func,Gossamer_Boss's chase step; the class prefix is spelled as in data/symbols_auto.csv.
0x459789,TrajPatrol_Init,func,"void __cdecl TrajPatrol_Init(TrajPatrol *p, Trajectory *traj, s16, s16, void *, void *, s16 speed) -- 0x4597ec `mov dword ptr [ecx+0x20], 1` writes past the 0x20-byte TrajFollower, so param 1 is not a TrajFollower; 0x4597a5 stores speed*speed at +0xc. Not TrajFollower_InitRunning."
0x47d284,Sheep_Create,func,"ScnObject * __cdecl(void *record) -- the Sheep class factory (class_map.csv: 11,Sheep,0x47d284,0x110,0x57507c)."
0x44f378,Gossamer_Boss_Update,func,"void __thiscall(Gossamer_Boss*) -- vtbl[1]. Caches Vec3s_DistXZ to Ralph in +0x94, then 0x44f3dc jmp [4*edx+0x45041b], 22 states; the single ret is 0x45041a, so 0x450080 and 0x44ff00 are arms of this body, not functions."
0x450080,Gossamer_Boss_Update_case0F,label,NOT A FUNCTION: an arm of Gossamer_Boss_Update jump table 0x45041b with no prologue; the body has one ret at 0x45041a.
0x46bc35,Sam_Create,func,"ScnObject * __cdecl(void *record) -- the Sam class factory: the single factory for CLASSID 1, new(0xa44) + the inlined constructor chain. Verified."
0x462266,Sam_PointInBoxListXZ,func,"int __thiscall(Sam *this, Vec3s *point, CollBox **boxes, u16 count) -- a Sam member (declared in SDW_MEMBERS_Sam); verified by the byte match of src/objects/sam.cpp."
0x46231d,Sam_PointInBoxListXYZ,func,"int __thiscall(Sam *this, Vec3s *point, CollBox **boxes, u16 count) -- as Sam_PointInBoxListXZ 0x462266, but tests the vertical axis too. A Sam member; verified by the byte match of src/objects/sam.cpp."
0x46dc0b,Sam_ResolveMove,func,"u16 __thiscall(Sam *this, Vec3s *delta, SamContactInfo *info, u16 normalCutoff, u16 mask, Vec3s *startPos, CollBox *box) -- the return is 16-bit in the byte-matched src/objects/sam.cpp; every caller tests its low byte."
0x462171,Sam_IsDistBelowHistoryThreshold,func,"int __thiscall(Sam *this, int distance) -- returns int (byte-matched src/objects/sam.cpp). Used as a stall test: callers only test nonzero."
0x462e4a,Sam_GetAnimId,func,"u16 __thiscall(Sam *this, u16 index) -- unsigned in the byte-matched src/objects/sam.cpp. Ids are compared for equality only, so the sign is not observable at the call sites."
0x5129dd,NavPath_StepSearch,func,"u8 __cdecl(NavSearch *s, NavNode **outGoalNode) -- one A* expansion step. Returns a BYTE: verified by the byte match of src/objects/sam.cpp, whose do/while loops on it."
0x6ccd28,g_samFadeAmount,data,"u16 tint amount driven by Sam state 5 (0x40 .. 0x1000, cleared at 0x1000); mirrors Sam::tintAmount. Verified in Sam_Update 0x46639e case 5"
0x6ccd2c,g_samFadeEnabled,data,int flag set with g_samFadeAmount in Sam state 5 and cleared with it. Verified in Sam_Update 0x46639e case 5
0x567a62,printf,func,"CRT (static LIBCMT, SP5): printf. Identified by SHAPE and use, not by a byte match against a library body: it loads the fixed stream object 0x581900, locks it (0x567779 with mode 1), forwards format + varargs and unlocks, and all three SamNav_DebugDumpGraph calls (0x51217f, 0x5121ac, 0x5121f3) target it. Needed so src/engine/navigation.cpp resolves without an --addr pin"
0x51221d,SamNav_BuildGraph,func,"void __cdecl SamNav_BuildGraph(u16 listId) -- builds g_samNavNodes from the trajectories in the id list; de-duplicates on X/Z only and keeps the first height; NO capacity check on 120 nodes or 8 neighbours. The argument is a WORD: the prologue reads it with `mov cx, word ptr [ebp+8]` (0x512239) before passing it to Scn_FindIdList."
0x5131ca,SamNav_IsGoalNearOrNotAhead,func,"int __cdecl(Vec3s *pos, Vec3s *toWaypoint, int waypointDist, Vec3s *goal) -- returns int in EAX; callers test nonzero. A bool return would give the same bytes here, so the width is not recoverable from a byte match."
0x5145c5,Scenaric_FindByClass,func,"s32 __cdecl Scenaric_FindByClass(u16 classId, ScnObject **out, s32 max) -- linear scan of the live object list, writing up to max matches and returning the count. The class id is unsigned: the original ZERO-extends both the argument (movzx ecx, word ptr [ebp+8] at 0x514623) and the object's class field (movzx at 0x51461f)."
0x50d5f4,??2ScnObject@@SAPAXI@Z,func,"DECORATED-NAME ALIAS ROW for Scenaric_Alloc 0x50d5f4, which IS ScnObject's class-specific `static void *operator new(size_t)`. tools/match.py lookup() tries the raw COFF name before undecorating, so this row lets every class factory resolve its `new` relocation instead of qualifying MATCH~. Not a second function: same address, same body, second spelling. Removes the qualifier from ~15 factories across the tree without an --addr pin or an alias wrapper"
0x567a30,fmod,func,"CRT (static LIBCMT, SP5): fmod(double, double). Called by Scene_Wheel_AngleToIndex; declared `extern ""C"" double fmod(double, double)` in matched source. Identified by call site and signature, as with the other CRT rows"
0x567967,_isnan,func,"CRT (static LIBCMT, SP5): _isnan(double), the C spelling of __isnan. Called by Scene_Wheel_AngleToIndex. Identified by call site and signature"
0x6cf8f8,g_resizerCandidates,data,ScnObject *[64] - Resizer_Update's scratch candidate list; 64 entries end exactly at g_resizerCandidateCount 0x6cf9f8. From Resizer_Update's nine data relocations.
0x6cf9f8,g_resizerCandidateCount,data,s32 - number of valid entries in g_resizerCandidates.
0x6cfa2c,g_pRocket,data,"Rocket * - the level's Rocket, stored by Rocket_Create."
0x6cf728,g_piranhaBubblesShared,data,"InlineEmitter10 - static 10-slot bubble emitter, constructed by its own compiler-generated root with count 10, then Emitter_Reset. Type InlineEmitter10 (size 0xec = 0x24 + 10 * 0x14). The name src/objects/piranhas.cpp defines at this address (descriptive name g_piranhaBubbleFx)."
0x6cf830,g_piranhaRingFx,data,"InlineEmitter6 - static 6-slot splash-ring emitter, constructed by its own compiler-generated root with count 6 then Emitter_Reset. Type InlineEmitter6 (size 0x9c = 0x24 + 6 * 0x14)"
0x57ece0,g_sinTable4096,data,"s16, 4.12 fixed point, 4096 steps per turn ([1024] = 4096). CANONICAL DECLARATION: extern ""C"" const s16 g_sinTable4096[]; - C linkage so the const / array / pointer spelling differences between files cannot change the linked symbol"
0x5814e4,g_pCosTable,data,"pointer to g_sinTable4096 + 1024 entries (0x57f4e0). CANONICAL DECLARATION: extern ""C"" const s16 *g_pCosTable; - C linkage, same reason as g_sinTable4096"
0x57b744,g_languageWheelNames,data,"const char *[4] - labels of the language-selection wheel (Scene_Wheel), in wheel order: english 0x57b71c, Portugues 0x57b724, espanol 0x57b730, italIAno 0x57b738. Verified from the image bytes"
0x57b754,g_languageWheelToLanguage,data,"u8[4] - wheel slot -> Progress.language (+0xbb) index: 00 03 01 02, i.e. english 0, Portuguese 3, Spanish 1, Italian 2, which agrees with Progress.language's documented order. Scene_Wheel_Update 0x4e94f6 does g_pProgress[0xbb] = table[slot]. Verified from the image bytes"
0x6cf610,g_emptyLevelLabel,data,"char[4] - zero-filled BSS slot used as an EMPTY STRING: DoorLevel_GetLevelLabel 0x4b3ae0 returns its address (mov eax,0x6cf610 at 0x4b3af8) for a level number outside 0..0x11. Only reference in the image is that address load; the next object, g_pDoorOpenRequester, starts 4 bytes later at 0x6cf614. Verified."
0x57ebb8,g_rumbleSeqFallingRock,data,"const u8[4] = {0x20, 0xc8, 0x20, 0xff} - rumble pattern passed by FallingRock_Trigger (0x4bb4bd-0x4bb4d1) to Pad Rumble_stub(1000, pattern, 0x200). Sits between g_rumbleSeqImpact 0x57ebb0 and g_strPadExtUpper 0x57ebbc. Bytes verified."
0x535dde,Text_SetWindow,func,"void __cdecl Text_SetWindow(u32 *layer, s32 x, s32 y, s32 w, s32 h, u32 unused) -- s32 x/y/w/h: cmp dword [ebp+0xc] at 0x535e11, add eax,[ebp+0x14] at 0x535e44, callers push zero-extended values (0x54171d/0x54172b). Establishes the clip window, clamps to the 512x240 virtual HUD, recomputes font->cols/rows, and clears g_textNoClip. Its 6th argument is dead."
0x536d24,HoleFX_CaptureScreen,func,"HRESULT __thiscall HoleFX::CaptureScreen(int useSecondBuffer, u8 force) -- force is u8: movzx edx,byte [ebp+0xc] at 0x536d3b. Blits app->+0x41E40 (or +0x41E44 when useSecondBuffer) into the capture surface at +0xF94 with DDBLT_WAIT (0x1000000) — surface vtable slot 0x14 = Blt. Runs only in blocking mode (+0x04 == 1"
0x53b67e,AnimSprite_Draw,func,"void __thiscall AnimSprite::Draw(u32 *layer, s32 x0, s32 y0, s32 x1, s32 y1, u32 color, u8 frame, u32 flipMode) -- frame is u8: movzx byte [ebp+0x20] at 0x53b6b0, mov byte [ebp+0x20],dl at 0x53b6d3. sprite-sheet quad emitter into the PolyBatcher."
0x53f24e,Ui_PromptConfirm,func,"u8 __cdecl Ui_PromptConfirm(char *title, char *prompt) -- returns u8: mov al,0x10 / mov al,-0x80 / xor al,al. Two-line OK prompt in colour 0x4BCCFF: title in g_rectDialogBody, prompt in g_rectChoiceWide. Returns 0x10 and plays the confirm sound on CROSS, 0x80 and the cancel sound on TRIANGLE, else 0."
0x545929,Menu_CreateNoiseTexture,func,"long __cdecl Menu_CreateNoiseTexture(void) -- returns an HRESULT-style long: xor eax,eax / mov eax,0x80004005; the caller tests eax at 0x545b74. The owner is the pause/menu module (inferred). Cosmetic, CRT rand only."
0x529d75,Input_GetKeyName,func,"void __thiscall InputMgr::Input_GetKeyName(u32 diObjOffset, char *out, u32 outSize) -- u32 offset: dword loads of [ebp+8] at 0x529d7e/0x529d88. Wrapper around 0x4071B0 (IDirectInputDevice::GetObjectInfo for the DIDEVICEOBJECTINSTANCE + GetProperty with DIPROP_KEYNAME(20), then WideCharToMultiByte, with a hard-coded special case turni"
0x53a72a,Sprite_LoadFromRes,func,"s32 __thiscall Sprite::LoadFromRes(u16 resId) -- s32: the body ends xor eax,eax / setne al, and hud caller 0x53f1bb tests all of eax; s32 is the one type byte-identical for every caller. Resolves resType through Res_GetValidatedIdList, stores the id-list pointer at +0x00 (the 'is loaded' field), then from the 10-byte DAV bitmap record writes width-1 at +0x08, height-1 at +0x0A, u at +0x0C, v at +0x0"
0x53b531,AnimSprite_InitFromRes,func,"s32 __thiscall AnimSprite::InitFromRes(u16 resId) -- s32 for the same reason as Sprite_LoadFromRes. Resolves resId to a bitmap record, stores width-1/height-1 at +0x30/+0x32, finds the bitmap's group with Res_FindBitmapGroup, clamps the frame count to 10, and fills frames[i] = {texPage via 0x548430, u, v}. C"
0x5393f4,Text_GetUiString,func,"char * __cdecl Text_GetUiString(u8 index) -- non-const result, as its definition in ui_a.cpp. Walks list 0 of the string bank (g_pDav->+0x18) past `index` NUL-terminated strings; returns the empty strings at 0x6de32e/0x6de32f when the bank is absent or the index is out of range."
0x5389d6,Bezier2_EvalWithTangent,func,"void __thiscall HoleFX::Bezier2_EvalWithTangent(float *outPos, float *outTangent, const float *p0, const float *p1, const float *p2, float t) -- a HoleFX member, not __cdecl: ret 0x18, ecx loaded at 0x536b47. Quadratic Bezier: pos = t^2*p2 + 2t(1-t)*p1 + (1-t)^2*p0, tangent = 2t*p2 + (1-2t)*2*p1 - 2(1-t)*p0 (constants 1.0 at 0x5742dc, 2.0 at 0"
0x538d20,Color_GreyFromScalar,func,"u32 __thiscall HoleFX::Color_GreyFromScalar(float v) -- a HoleFX member. c = (u32)f(v) via the CRT helper 0x5664be, then returns c<<16 | c<<8 | c — a grey RGB. Used once, to turn each Bezier tangent length into the per-vertex diffuse colour of the wipe mesh, so the hole edge brightens where the mesh stretch"
0x510574,ScnObject_IsRespawnWobbleDone,func,"s32 __thiscall ScnObject_IsRespawnWobbleDone(ScnObject *this, s32 elapsed) -- s32, not bool: xor eax,eax; cmp; setge al, and Dynamite caller 0x4b52e3 tests all of eax. Returns elapsed > 0xfff, i.e. 1 s of g_gameTime has passed. Used by the re-appear state of Dynamite (state 6 goes back to 0), Rocket, Bush, InflatableSheep and Salad Update."
0x4b5e8f,elastic_ApplyTension,func,"s32 __thiscall elastic_ApplyTension(elastic *this, const Vec3s *stretch, const Vec3s *moverVel, Vec3s *ioStep) -- returns s32: the s16 result is widened by movsx eax,word [ebp-2] at 0x4b6127. s = *stretch + *ioStep, len = (s16)sqrt|s|², speed = (s16)sqrt|moverVel|². moverVel is the Wolf's velocity in units/s (msg-0x1a aux). - len > LONGUEUR_MAX(+0x316): s "
0x4c8009,GoldenCoins_NearestCoinScoreCB,func,"u32 __cdecl GoldenCoins_NearestCoinScoreCB(ScnObject *self, ScnObject *candidate, u32 dist2, ScnObject *selectedSoFar) -- the shared radius-search callback shape (see Mine_TriggerScoreCB 0x4d4d2a); the 4th argument is unused here. Score callback that GoldenCoins_HandleMessage msg 6 passes by pointer to Scenaric_FindBestInRadius (push 0x4c8009 at 0x4c7f28). Returns dist2 + 360000 when cand->classId == 0x8d (another Go"
0x57b61c,g_dynamiteStates,data,"const DynamiteStateEntry[7] {u16 anim; u8 flags; u8 reserved} = {0,3},{2,0},{3,0},{1,6},{0,0},{0,0},{0,2}: per-state anim and flags (1 = answers msg 0/0x65, 2 = shadow visible, 4 = anim loops); read by Dynamite_SetState 0x4b4e7d and at +2 by Dynamite_HandleMessage 0x4b537a. Bytes verified"
0x57b638,g_dynamiteFuseFxParams,data,"EmitterColumnParams[1] = {riseSpeed -200, life 0x800, period 0x800, size 0x10 to 0x40, sheet 7}: the lit fuse emitter parameters Dynamite_Update passes at 0x4b510b. Bytes verified"
0x6cf678,g_laserWolfBox,data,CollBox (BSS): Laser_Update 0x4d071b translates Wolf's first solid box into it (ecx = 0x6cf678 for Box_Translate 0x5154ce at 0x4d07ef) and tests min 0x6cf67c/7e/80 and max 0x6cf682/84/86 against the beam box (0x4d07f9-0x4d0874). Verified
0x6e4400,g_camResetPositions,data,"Vec3s: set to 0x8000 x3 by Camera_ResetMotion (0x559dea/0x559df3/0x559dfc); no direct reads found, so the name makes no claim about its role. Verified writes (the name src/objects/camera.cpp defines here; descriptive name g_camUnusedMotionPos)"
0x6e4406,g_camUnusedResetPos,data,Vec3s: set to 0x8000 x3 by Camera_Reset (0x55a1ed/0x55a1f6/0x55a1ff); no direct reads found. Verified writes
0x584fc0,g_levelDav,data,"Dav: the level's DAV context that Game_ReloadLevel 0x529f88 passes to Load_DAVnWAR(g_pProgress, 0x584fc0)"
0x6d82b4,g_particlePoly,data,RenderPoly: the one polygon every flat particle is pushed through (Emitter_RenderFlat 0x52afc1); constructed by RenderPoly_StaticInit_6d82b4 0x52a86f
0x6ddfb4,g_dialogueMorePages,data,"u8: ScrollText_Run's result, nonzero while the dialogue text still has pages to show; defined in src/engine/interface.cpp, read by Interface_Init."
0x6de180,g_cannonMaskQuads,data,UiQuad[4]: the four quads of the cannon aiming mask drawn by Hud_DrawCannonMask
0x6de100,g_cannonOriginX,data,s16: x of the cannon mask origin (Hud_DrawCannonMask)
0x6de102,g_cannonOriginY,data,s16: y of the cannon mask origin (Hud_DrawCannonMask)
0x6de128,g_cannonTileH,data,s16: height of one cannon mask tile (Hud_DrawCannonMask)
0x6de12a,g_cannonTileW,data,s16: width of one cannon mask tile (Hud_DrawCannonMask)
0x5670f0,fread,func,"CRT (static LIBCMT, SP5): fread(void *, size_t, size_t, FILE *). Identified by shape: locks the stream (0x56774a), calls _fread_lk 0x56711f, unlocks. Declared extern ""C"" in input_mgr.cpp"
0x567207,fwrite,func,"CRT (static LIBCMT, SP5): fwrite(const void *, size_t, size_t, FILE *). Same lock / _fwrite_lk 0x567236 / unlock shape"
0x567b72,srand,func,"CRT (static LIBCMT, SP5): srand(unsigned). Stores the seed at _getptd()+0x14; rand (the 0x343fd/0x269ec3 LCG) follows at 0x567b7f"
0x567ba1,time,func,"CRT (static LIBCMT, SP5): time(time_t *). Calls GetLocalTime and GetTimeZoneInformation through the IAT"
0x5673f0,strchr,func,"CRT (static LIBCMT, SP5): strchr(const char *, int), the hand-written dword-scan version"
0x6e43e0,g_camProbeStartTargetVert,data,"s16: stored by the camera clear-view probe setup at 0x5567a1 and 0x556a97 from a 16-bit local; the store is verified, the local's meaning (the target's vertical) is inferred"
0x6e43e6,g_camProbeStartEye,data,"Vec3s: the camera eye (Camera.pos +0xd0) copied at probe start, dword at 0x55678d + word at 0x556797, repeated at 0x556a82/0x556a8c. Verified"
0x4b6de9,elastic_LaunchTargetScoreCB,func,"u32 __cdecl elastic_LaunchTargetScoreCB(ScnObject *self, ScnObject *candidate, u32 score, ScnObject *selected) -- four arguments: Scenaric_FindBestInRadius 0x50f80e pushes four before call [ebp+0x1c] at 0x50f9e4. Score callback for Scenaric_FindBestInRadius, referenced only as a pointer, from elastic_Update state 6. Returns dist2 when cand != g_pWolf, cand inst.flags & 4 (animated), and cand->model->boxL"
0x4d7d00,MineDetector_ConeScoreCB,func,"u32 __cdecl MineDetector_ConeScoreCB(ScnObject *self, ScnObject *candidate, u32 distance, ScnObject *selected) -- four arguments: Scenaric_FindBestInRadius 0x50f80e pushes four before call [ebp+0x1c] at 0x50f9e4. Search callback. heading = (Math_RadiansToAngle4096(Math_Atan2(cand.x - self.x, cand.z - self.z)) + 0x800) & 0xfff. Rejects (-1) when |wrap(self.rot.y - heading)| > 0x2aa (about 60 degree"
0x4e8762,Salad_ScoreAttractTargetCB,func,"u32 __cdecl Salad_ScoreAttractTargetCB(ScnObject *self, ScnObject *candidate, u32 distanceSquared, ScnObject *selected) -- four arguments: Scenaric_FindBestInRadius 0x50f80e pushes four before call [ebp+0x1c] at 0x50f9e4. Score callback for Scenaric_FindBestInRadius, passed by pointer from Salad msg 6 (the only reference is push 0x4e8762 at 0x4e83d8). A Sheep that answers msg 0x982 (MSG_SHEEP_QUERY_AVAILABLE) no"
0x6e3684,g_mcardIconReserved,data,"u16[2]: zeroed by MCard_Init (mov word [base + index*2], 0 at 0x54a898, index 0..1); no reader found, so the name makes no claim"
0x6cf604,g_dgStepDefaultPos,data,"Vec3s: default queued step position, copied (dword + word) by DancingGhostManager_SetState 0x4b1bd4 and UpdateBeatTrack"
0x6cf60a,g_dgTokenInitial,data,u8: first byte of the sequence parser's 3-byte token buffer (ParseSequences 0x4af66d); only one byte established
0x6cc8c0,g_dgFollowerVelocity,data,"Vec3s: DancingGhost UpdateState's trajectory velocity, output of TrajFollower_Step (push at 0x4436eb) and input of Vec3s_ScaleByDt (0x443731)"
0x6cc8c8,g_dgFollowerStep,data,"Vec3s: the scaled step, output of Vec3s_ScaleByDt (0x44372c) and input of Translate (0x44373e)"
0x6cc8d6,g_dgFollowerHeading,data,"s16: heading output pointer (push at 0x4436e6), read as a word into rot.y (0x44370e)"
0x4b2760,DancingGhost_ClearGhostQueue,func,"void __thiscall DancingGhost::ClearGhostQueue() -- the receiver is a DancingGhost (it writes the step queue +0x64..+0xe8, 0x4b2790-0x4b2811) and its callers pass entries of the manager's dancers[] (+0x27c); not a DancingGhostManager method"
0x57a738,g_trainingHelpProps,data,"u16[20][5]: training help records {text, box, trajectory, type, voice}, stride 10: read at 0x43e332 (+0), 0x43e35f (+2) and 0x43d6d7 (+8, voice)"
0x6cc878,g_trainingEmptyText,data,char[]: the empty string DaffyTrainingLevel stores as currentText (address at 0x43d699)
0x6cf441,g_emptyPromptStrings,data,"char[1]: an empty string, the ""no prompt"" entry of the first prompt table (0x493d68 stores its address). NARROWED from char[4]: the three bytes after it are separate empty strings, each stored by address (0x6cf442/443/444)"
0x6cf440,g_emptyActionPrompt,data,char[1]: empty string pushed by Hud_DrawActionPrompt to Str_Copy (0x4938e9)
0x6cf442,g_emptyHeldPrompt,data,char[1]: empty string stored by address into the held-item prompt table (0x493dbc)
0x6cf443,g_emptyViewPrompt,data,char[1]: empty string stored into the view prompt table (0x493e10)
0x6cf444,g_emptySneakPrompt,data,char[1]: empty string stored into the sneak prompt table (0x493e64)
0x57b26e,g_itemPromptValue,data,"u16: stored by Hud_DrawItemPrompt (0x493aa4), compared with 0xe665 (0x493c71), reset to 0xffff by Hud_Reset (0x493cf5)"
0x6cf260,g_sheepIceBlockPresent,data,u8: movzx at 0x47712a before the shared ice-block effect; set by Sheep Init (0x47cfe4/0x47cfed)
0x6cf274,g_sheepSplashPresent,data,u8: movzx at 0x4771fc before the splash; set by Sheep Init (0x47cf7c/0x47cf85)
0x575074,g_sheepCarryOffset,data,"const Vec3s = (0, 7, 0): AttachTo offset for a non-Sam pickup (push at 0x47c1d5)"
0x6cef58,g_sheepSplashSynthRec,data,the name src/objects/sheep.cpp defines at this address (descriptive name g_sheepSplashRecord)
0x6cf06c,g_sheepIceBlockRecord,data,"ScnRecordSynth: the ice-block effect record (0x47cf90, 0x47cfa5)"
0x567940,strrchr,func,"CRT (static LIBCMT, SP5): char *strrchr(const char *, int); called by BonusManager at 0x49cd28 / 0x49cdd7 and at 0x57085f"
0x477a5f,Flock_GetObjNearestAvailableSheep_Vision,func,"Sheep * __cdecl(ScnObject *target, u32 range) -- range is a full dword: the caller at 0x4774be pushes [ebp+0xc] unwidened. ORIGINAL NAME from the exe's own string at 0x57ac70 (""WARNING - Character_Sheep: Flock_GetObjNearestAvailableSheep_Vision() - parameter range out of limit.""). Range clamped to 600 at 0x477a6f; Scenaric_FindBestInRadius with +-0x96 v"
0x4593a0,Box_SegmentCrossesXZ,func,"s32 __cdecl(CollBox *box, Vec3s *a, Vec3s *b) -- the box it reads has flags +0, min +4, max +0xa, which is CollBox. NOT a Marvin method: a free helper in the file's shared tail. 1 when either endpoint is inside the box's x/z rectangle or the segment crosses an edge (12.x fixed-point clips at 0x4596b7-0x459701). No image reference and no caller: dead code."
0x6cf460,g_bonusPath,data,char[256]: PostLoadInit copies g_dirBonusGame into it (0x49b62e); Update passes it to Str_Concat2 (0x49c606); capacity inferred from the next object
0x6cf560,g_bonusCategoryStrings,data,char *[4]: Init stores GetUiString(13+i) for i = 0..3 (0x49b76f); read by entry category (0x49ba7d)
0x6cf570,g_bonusUiBuf,data,char[128]: BonusManager GetUiString clears it (memset 128) and builds its result there (0x49cc8c) (the name src/objects/bonusmanager.cpp defines here; descriptive name g_bonusUiText)
0x6cf5f0,g_bonusFooterInitial,data,char: the one byte DrawViewerFooter copies into its footer buffer (0x49bb3e); zero; only one byte established
0x57b298,g_bonusEntries,data,"BonusEntry[8]: the bonus menu table {kind, price, name}: PERSO, DECOR, STORY, COLOR, TEAM, INTRO and two pictures; bytes decoded here"
0x7195d8,g_packJpeg,data,PackJpeg: the bonus picture pack; ECX of PackJpeg_DrawImage at 0x49bcf2
0x7195f8,g_packJpegTextures,data,"Texture *[4]: page textures of the current pack image (0x55ddc1, 0x55dfea)"
0x719608,g_packJpegPixels,data,u16 *[4]: pixel buffers of the pack image pages (0x55ddd7); u16 (scaled-by-2 arithmetic)
0x719618,g_packJpegOpen,data,"s32: set by PackJpeg Open/Close (0x55db55, 0x55dce1)"
0x49bb2e,BonusManager_DrawViewerFooter,func,"void __thiscall BonusManager::DrawViewerFooter() -- a member, not cdecl: ECX is saved at 0x49bb38 and reloaded at 0x49bcc1 for the member GetUiString call. slideshow footer: '$B_LEFT$' / '$B_RIGHT$' hints gated on DAT_007195f4 and DAT_007195e0, Input_GetKeyName, the literals at 0x57b32c ' $B_CANCEL$/$C_CYAN$' and 0x57b344, then a re-blit via 0x55e1aa. Bare ret at 0x49bd00 = cdecl."
0x6cc848,g_videoStretchFlag,data,"u8: PlayFile's stretch argument, read by VideoPlayer_BlitFrame. The name src/objects/video_player.cpp defines at this address (descriptive name g_videoStretchMode)"
0x6cc84c,g_videoDestRect,data,RECT: video destination rectangle
0x6cc85c,g_pVideoPrimarySurface,data,IDirectDrawSurface7 *: the primary surface the video frames are blitted to. The name src/objects/video_player.cpp defines at this address (descriptive name g_pVideoPrimary)
0x566eb4,fseek,func,"CRT (static LIBCMT, SP5): int fseek(FILE *, long, int). Shape: locks the stream (0x56774a) around _fseek_lk, like fread/fwrite. Used by Bs_FileSize and PackJpeg"
0x566f6d,ftell,func,"CRT (static LIBCMT, SP5): long ftell(FILE *). Shape: locks the stream (0x56774a) around _ftell_lk. Used by Bs_FileSize"
0x566944,qsort,func,"CRT (static LIBCMT, SP5): void qsort(void *, size_t, size_t, int (__cdecl *)(const void *, const void *)); sorts the outline edge keys (src/engine/mesh.cpp). Named from the matched callers that declare it"
0x566d35,abs,func,"CRT (static LIBCMT, SP5): int abs(int). Named from the matched callers that declare it"
0x566d54,tan,func,"CRT (static LIBCMT, SP5): double tan(double). Named from the matched callers that declare it"
0x566e14,atan,func,"CRT (static LIBCMT, SP5): double atan(double). Named from the matched callers that declare it"
0x566ea0,exp,func,"CRT (static LIBCMT, SP5): double exp(double). Named from the matched callers that declare it"
0x567aa3,floor,func,"CRT (static LIBCMT, SP5): double floor(double); the Math_FloatTo* fixed-point conversions call it (0x526600-0x52688b). Named from the matched callers that declare it"
0x5674ac,swprintf,func,"CRT (static LIBCMT, SP5): int swprintf(wchar_t *, const wchar_t *, ...); called once, by Video_ConnectAudioStream. Named from the matched callers that declare it"
0x5c7aa0,g_texRequestedFormat,data,u32: the texture pixel format requested (texture.cpp)
0x577620,c_dfDIMouse,data,const DIDATAFORMAT: the DirectInput mouse data format constant (texture.cpp)
0x5c7ab0,g_outlineEdgeKeys,data,u32[1500]: one sort key per front-face edge (Outline_MakeEdgeKey; defined in src/engine/mesh.cpp)
0x5c9220,g_cntOutlineEdgeKeys,data,u32: number of keys in g_outlineEdgeKeys (src/engine/mesh.cpp) The name src/engine/mesh.cpp defines at this address (descriptive name g_outlineEdgeCount).
0x5743f8,RenderPoly_vtbl,data,"void *[1]: RenderPoly vtable, one slot (the deleting destructor); from the generated class table"
0x5743c4,MeshPart_vtbl,data,"void *[1]: MeshPart vtable, one slot (the deleting destructor); from the generated class table"
0x5743d4,MeshAnimFrame_vtbl,data,"void *[1]: MeshAnimFrame vtable, one slot (the deleting destructor); from the generated class table"
0x5743d8,MeshPartPose_vtbl,data,"void *[1]: MeshPartPose vtable, one slot (the deleting destructor); from the generated class table"
0x5743f4,PolyTri_vtbl,data,"void *[1]: PolyTri vtable, one slot (the deleting destructor); from the generated class table"
0x5743e4,BsPolyFlat_vtbl,data,"void *[1]: BsPolyFlat vtable, one slot (the deleting destructor); from the generated class table"
0x5743ec,BsPolyGouraud_vtbl,data,"void *[1]: BsPolyGouraud vtable, one slot (the deleting destructor); from the generated class table"
0x5743e8,BsPolyTexFlat_vtbl,data,"void *[1]: BsPolyTexFlat vtable, one slot (the deleting destructor); from the generated class table"
0x5743f0,BsPolyTexGouraud_vtbl,data,"void *[1]: BsPolyTexGouraud vtable, one slot (the deleting destructor); from the generated class table"
0x5743dc,BsPolyBlendFlat_vtbl,data,"void *[1]: BsPolyBlendFlat vtable, one slot (the deleting destructor); from the generated class table"
0x5743e0,BsPolyBlendGouraud_vtbl,data,"void *[1]: BsPolyBlendGouraud vtable, one slot (the deleting destructor); from the generated class table"
0x415120,BsPolyFlat_VectorDeletingDtor,func,"BsPolyFlat * __thiscall BsPolyFlat::`vector deleting destructor'(u32 flags) -- the compiler's ??_E, which the original linker kept in the vtable slot (its body tests flags & 2 first)"
0x4151d0,BsPolyGouraud_VectorDeletingDtor,func,"BsPolyGouraud * __thiscall BsPolyGouraud::`vector deleting destructor'(u32 flags) -- the compiler's ??_E, which the original linker kept in the vtable slot (its body tests flags & 2 first)"
0x415280,BsPolyTexFlat_VectorDeletingDtor,func,"BsPolyTexFlat * __thiscall BsPolyTexFlat::`vector deleting destructor'(u32 flags) -- the compiler's ??_E, which the original linker kept in the vtable slot (its body tests flags & 2 first)"
0x415330,BsPolyTexGouraud_VectorDeletingDtor,func,"BsPolyTexGouraud * __thiscall BsPolyTexGouraud::`vector deleting destructor'(u32 flags) -- the compiler's ??_E, which the original linker kept in the vtable slot (its body tests flags & 2 first)"
0x4153e0,BsPolyBlendFlat_VectorDeletingDtor,func,"BsPolyBlendFlat * __thiscall BsPolyBlendFlat::`vector deleting destructor'(u32 flags) -- the compiler's ??_E, which the original linker kept in the vtable slot (its body tests flags & 2 first)"
0x415490,BsPolyBlendGouraud_VectorDeletingDtor,func,"BsPolyBlendGouraud * __thiscall BsPolyBlendGouraud::`vector deleting destructor'(u32 flags) -- the compiler's ??_E, which the original linker kept in the vtable slot (its body tests flags & 2 first)"
0x415540,RenderPoly_VectorDeletingDtor,func,"RenderPoly * __thiscall RenderPoly::`vector deleting destructor'(u32 flags) -- the compiler's ??_E, which the original linker kept in the vtable slot (its body tests flags & 2 first)"
0x40c020,MeshPart_VectorDeletingDtor,func,"MeshPart * __thiscall MeshPart::`vector deleting destructor'(u32 flags) -- the compiler's ??_E, which the original linker kept in the vtable slot (its body tests flags & 2 first)"
0x40c100,MeshAnimSeq_VectorDeletingDtor,func,"MeshAnimSeq * __thiscall MeshAnimSeq::`vector deleting destructor'(u32 flags) -- the compiler's ??_E, which the original linker kept in the vtable slot (its body tests flags & 2 first)"
0x420450,MeshAnimFrame_VectorDeletingDtor,func,"MeshAnimFrame * __thiscall MeshAnimFrame::`vector deleting destructor'(u32 flags) -- the compiler's ??_E, which the original linker kept in the vtable slot (its body tests flags & 2 first)"
0x420500,MeshPartPose_VectorDeletingDtor,func,"MeshPartPose * __thiscall MeshPartPose::`vector deleting destructor'(u32 flags) -- the compiler's ??_E, which the original linker kept in the vtable slot (its body tests flags & 2 first)"
0x40b6e1,AnimMesh_BuildFromBsFile,func,The AnimMesh override of Mesh vtable slot +4 BuildFromBsFile. Only accepts a resource whose byte at +0xc is 4 and whose +4 is non-null. Allocates partCount records of 0x70 bytes (count from 0x41be6d) and seqCount MeshAnimSeq of 0x14 (count from 0x41bf4e).
0x40b865,AnimMesh_TransformAll,func,"AnimMesh override of Mesh slot +0xc TransformAll: empty. An animated mesh cannot transform its vertices in one ProcessVertices call because each part needs its own world matrix, so the whole-mesh path is deliberately a no-op."
0x40b870,AnimMesh_DrawAll,func,"AnimMesh override of Mesh slot +0x14 DrawAll (Mat44 *world, Mat44 *view, Mat44 *proj). Calls AnimMesh_UpdateAnim when playing or when a new sequence was requested, computes the frame scale from frameDurationMs (+0x48 / +0x4c), pushes view and proj through SetTransform, then transforms and draws each part with its own matrix."
0x41b1a0,BsStream_Ctor,func,"The constructor BsStream(const char *path): installs vtable 0x5743fc, loads the image with Bs_LoadFile 0x41b72d into this->+0x08, stores the length at +0x0c and sets the valid byte at +0x04 to 1, or 0 when the length is < 1. Verified."
0x41b410,Vdx7_Ctor,func,"The constructor Vdx7(const char *path): installs vtable 0x574400, reads four bytes with BsStream_ReadU8 and strncmp's them against the literal at 0x5794b0, which is **'VDX7'** - a DIFFERENT magic from the model format's 'V2.6' at 0x5794c0. On a match it allocates two arrays: one of u32 entries masked to 16 bits, and one of 10-BYTE records written as five u16s each (at +0, +2, +4, +6, +8). Almost certainly the texture-page container: PolyBatcher_LoadTexturePages 0x416fe2 takes its page count from a 'VDX7' header word. Verified as to magic, allocation and record size; the field meanings are inferred."
0x41b7f0,BsFile_Ctor,func,"The constructor BsFile(const char *path) for the Black Sheep model/animation file (Load_WarMeshes calls it). Installs vtable 0x574404, zeroes data/cursor, loads the image with 0x41b72d into this->data (+0x10) with the length through a local, and fails when the length is < 1. It then reads FOUR bytes one at a time with BsFile_ReadU8 and strncmp's them against 0x5794c0 - the 'V2.6' magic. On success it records a record pointer and copies a byte from record+4 into this->+0x04. Verified."
0x51c99e,Collide_SegmentVsStaticTris,func,"s32 __cdecl Collide_SegmentVsStaticTris(CollRay *ray, Vec3s *hitVerts) -- two arguments: the caller pushes two and pops 8 (0x51d3df-0x51d3e9). Gathers the cells under the segment, AABB-culls triangles against the segment bounds, requires the plane to be crossed within the segment (0<=dot(n,v0-origin)<=dot(n,end-origin) with matching sign, two-sided) and the three edge sca"
0x47760f,Flock_AddScentSource,func,"void __cdecl Flock_AddScentSource(ScnObject *obj, s32 heading, s32 range) -- heading is a full s32 at the call: Perfume passes an int (an s16 formal changes Perfume's bytes) and Flock's own body matches with s32 too; it stores only the low word. Finds the entry for obj, or appends one if g_flockScentCount < 2 (it silently returns when 2 sources already exist). Writes obj, heading (+8) and rangeSq (+4) = (range + 90)^2. Sole caller Perfume_Update"
0x42f8de,bull_TargetScoreCB,func,"u32 __cdecl bull_TargetScoreCB(ScnObject *self, ScnObject *candidate, u32 dist2, ScnObject *selected) -- four arguments, like every Scenaric_FindBestInRadius score callback (it pushes four before call [ebp+0x1c] at 0x50f9e4). Score callback that bull_SetState passes by pointer (push 0x42f8de) to Scenaric_FindBestInRadius. Sends cand->HandleMessage(self, 0x1e, 0). Returns dist2 when the reply is 1, else -1 (reject). Gossamer"
0x4784ca,Sheep_AttractorScoreCB,func,"u32 __cdecl Sheep_AttractorScoreCB(ScnObject *self, ScnObject *candidate, u32 dist2, ScnObject *selected) -- four arguments, like every Scenaric_FindBestInRadius score callback (it pushes four before call [ebp+0x1c] at 0x50f9e4). Scoring callback passed to the radius search 0x50f80e. Candidate class must have registry flag 2; sends msg 2: kind 0x25 (salad) unreserved -> dist2 (+360000 if cand +4 flag 8), 0x26 (bush) -> dist2, 0"
0x45e570,Robot_GetStickHeading,func,"s16 __thiscall Robot::GetStickHeading() -- s16, like ScnControllable/Wolf GetStickHeading (the generated vtable +0x24 slot). Robot vtable 0x574fa8 slot +0x24 (overrides ScnControllable_GetStickHeading 0x49246f, which it calls first). Snaps the heading when robotFlags (+0x2dc) has 0x300 set; msg 0x44 sets those bits each frame."
0x43d872,DaffyTrainingLevel_MoveTo,func,"u32 __thiscall DaffyTrainingLevel::MoveTo(Vec3s dst, s32 speed, u8 gait) -- returns u32: the caller compares it unsigned (jae at 0x4406e7); ret 0x10 matches the by-value Vec3s. Faces the destination via Math_Atan2 0x43d8f8, picks anim 0x12/0x13/0x25/0x14/0x0B by gait, and teleports when the same target has been asked for more than 10000 ms."
# --- IJG libjpeg release 6, public functions, located by tools/jpeg_pins.py from src/jpeg (unmodified IJG
# files). Static functions are pinned per file in src/jpeg/vc6.json instead: several share names across files.
0x4222b0,jpeg_mem_init,func,IJG libjpeg release 6 (jmemnobs.c); located by tools/jpeg_pins.py
0x4222c0,jpeg_abort,func,IJG libjpeg release 6 (jcomapi.c); located by tools/jpeg_pins.py
0x4222f0,jpeg_destroy,func,IJG libjpeg release 6 (jcomapi.c); located by tools/jpeg_pins.py
0x422320,jpeg_alloc_quant_table,func,IJG libjpeg release 6 (jcomapi.c); located by tools/jpeg_pins.py
0x422350,jpeg_alloc_huff_table,func,IJG libjpeg release 6 (jcomapi.c); located by tools/jpeg_pins.py
0x4224a0,jpeg_consume_input,func,IJG libjpeg release 6 (jdapimin.c); located by tools/jpeg_pins.py
0x422c40,jinit_d_coef_controller,func,IJG libjpeg release 6 (jdcoefct.c); located by tools/jpeg_pins.py
0x423b30,jinit_color_deconverter,func,IJG libjpeg release 6 (jdcolor.c); located by tools/jpeg_pins.py
0x4240d0,jinit_inverse_dct,func,IJG libjpeg release 6 (jddctmgr.c); located by tools/jpeg_pins.py
0x424390,jpeg_make_d_derived_tbl,func,IJG libjpeg release 6 (jdhuff.c); located by tools/jpeg_pins.py
0x424550,jpeg_fill_bit_buffer,func,IJG libjpeg release 6 (jdhuff.c); located by tools/jpeg_pins.py
0x424660,jpeg_huff_decode,func,IJG libjpeg release 6 (jdhuff.c); located by tools/jpeg_pins.py
0x424760,jinit_huff_decoder,func,IJG libjpeg release 6 (jdhuff.c); located by tools/jpeg_pins.py
0x424d50,jinit_input_controller,func,IJG libjpeg release 6 (jdinput.c); located by tools/jpeg_pins.py
0x4255d0,jinit_d_main_controller,func,IJG libjpeg release 6 (jdmainct.c); located by tools/jpeg_pins.py
0x425c70,jpeg_resync_to_restart,func,IJG libjpeg release 6 (jdmarker.c); located by tools/jpeg_pins.py
0x425e90,jinit_marker_reader,func,IJG libjpeg release 6 (jdmarker.c); located by tools/jpeg_pins.py
0x427760,jpeg_calc_output_dimensions,func,IJG libjpeg release 6 (jdmaster.c); located by tools/jpeg_pins.py
0x427a20,jinit_master_decompress,func,IJG libjpeg release 6 (jdmaster.c); located by tools/jpeg_pins.py
0x427e30,jinit_merged_upsampler,func,IJG libjpeg release 6 (jdmerge.c); located by tools/jpeg_pins.py
0x4283b0,jinit_phuff_decoder,func,IJG libjpeg release 6 (jdphuff.c); located by tools/jpeg_pins.py
0x4291b0,jinit_d_post_controller,func,IJG libjpeg release 6 (jdpostct.c); located by tools/jpeg_pins.py
0x429510,jinit_upsampler,func,IJG libjpeg release 6 (jdsample.c); located by tools/jpeg_pins.py
0x429db0,jpeg_idct_float,func,IJG libjpeg release 6 (jidctflt.c); located by tools/jpeg_pins.py
0x42a1a0,jpeg_idct_ifast,func,IJG libjpeg release 6 (jidctfst.c); located by tools/jpeg_pins.py
0x42a590,jpeg_idct_islow,func,IJG libjpeg release 6 (jidctint.c); located by tools/jpeg_pins.py
0x42aa80,jpeg_idct_4x4,func,IJG libjpeg release 6 (jidctred.c); located by tools/jpeg_pins.py
0x42ad90,jpeg_idct_2x2,func,IJG libjpeg release 6 (jidctred.c); located by tools/jpeg_pins.py
0x42af50,jpeg_idct_1x1,func,IJG libjpeg release 6 (jidctred.c); located by tools/jpeg_pins.py
0x42af90,jinit_memory_mgr,func,IJG libjpeg release 6 (jmemmgr.c); located by tools/jpeg_pins.py
0x42bc10,jpeg_free_large,func,IJG libjpeg release 6 (jmemnobs.c); located by tools/jpeg_pins.py
0x42bc10,jpeg_free_small,func,IJG libjpeg release 6 (jmemnobs.c); located by tools/jpeg_pins.py
0x42bc30,jpeg_get_large,func,IJG libjpeg release 6 (jmemnobs.c); located by tools/jpeg_pins.py
0x42bc30,jpeg_get_small,func,IJG libjpeg release 6 (jmemnobs.c); located by tools/jpeg_pins.py
0x42bc50,jpeg_mem_available,func,IJG libjpeg release 6 (jmemnobs.c); located by tools/jpeg_pins.py
0x42bc60,jpeg_open_backing_store,func,IJG libjpeg release 6 (jmemnobs.c); located by tools/jpeg_pins.py
0x42bc80,jpeg_mem_term,func,IJG libjpeg release 6 (jmemnobs.c); located by tools/jpeg_pins.py
0x42bc90,jinit_1pass_quantizer,func,IJG libjpeg release 6 (jquant1.c); located by tools/jpeg_pins.py
0x42c800,jinit_2pass_quantizer,func,IJG libjpeg release 6 (jquant2.c); located by tools/jpeg_pins.py
0x42da00,jdiv_round_up,func,IJG libjpeg release 6 (jutils.c); located by tools/jpeg_pins.py
0x42da20,jround_up,func,IJG libjpeg release 6 (jutils.c); located by tools/jpeg_pins.py
0x42da40,jcopy_sample_rows,func,IJG libjpeg release 6 (jutils.c); located by tools/jpeg_pins.py
0x42da90,jcopy_block_row,func,IJG libjpeg release 6 (jutils.c); located by tools/jpeg_pins.py
0x42dac0,jzero_far,func,IJG libjpeg release 6 (jutils.c); located by tools/jpeg_pins.py
0x5749b8,jpeg_zigzag_order,data,"IJG libjpeg 6 jutils.c: const int jpeg_zigzag_order[64] (.rdata). Referenced by jddctmgr start_pass; placed by the byte-matched src/jpeg call sites."
0x574ab8,jpeg_natural_order,data,"IJG libjpeg 6 jutils.c: const int jpeg_natural_order[64+16] (.rdata). Referenced by the Huffman decoders; placed by the byte-matched src/jpeg call sites."
0x5818e0,_iob,data,"CRT (static LIBCMT, SP5): FILE _iob[]; stderr is _iob+0x40. Read from libjpeg output_message's fprintf(stderr, ...) call (src/jpeg/jerror.c, byte-matched)."
0x567652,fprintf,func,"CRT (static LIBCMT, SP5): fprintf. Called by libjpeg output_message (src/jpeg/jerror.c, byte-matched)."
0x567840,sscanf,func,"CRT (static LIBCMT, SP5): sscanf. Called by libjpeg jinit_memory_mgr for the JPEGMEM variable (src/jpeg/jmemmgr.c, byte-matched)."
0x567874,getenv,func,"CRT (static LIBCMT, SP5): getenv. Called by libjpeg jinit_memory_mgr for JPEGMEM (src/jpeg/jmemmgr.c, byte-matched)."
0x567340,_purecall,func,"CRT (static LIBCMT, SP5): _purecall, the pure-virtual handler in abstract vtables (push 0x19 = R6025; call _amsg_exit). Slots of Sound 0x57441c and the ScnObject bases point here."
0x577748,IID_IBaseFilter,data,DirectX 8.0 SDK GUID {56a86895-0ad4-11ce-b03a-0020af0ba770} (strmiids/amstrmid); value verified against the published GUID.
0x577758,IID_IDirectDrawMediaStream,data,DirectX 8.0 SDK GUID {f4104fce-9a70-11d0-8fde-00c04fd9189d} (strmiids/amstrmid); value verified against the published GUID.
0x577768,CLSID_AMMultiMediaStream,data,DirectX 8.0 SDK GUID {49c47ce5-9ba4-11d0-8212-00c04fc32c45} (strmiids/amstrmid); value verified against the published GUID.
0x577778,IID_IAMMultiMediaStream,data,DirectX 8.0 SDK GUID {bebe595c-9a6f-11d0-8fde-00c04fd9189d} (strmiids/amstrmid); value verified against the published GUID.
0x577788,CLSID_AudioRender,data,DirectX 8.0 SDK GUID {e30629d1-27e5-11ce-875d-00608cb78066} (strmiids/amstrmid); value verified against the published GUID.
0x577798,MSPID_PrimaryVideo,data,DirectX 8.0 SDK GUID {a35ff56a-9fda-11d0-8fdf-00c04fd9189d} (strmiids/amstrmid); value verified against the published GUID.
0x567c7d,lseek,func,"CRT lseek (LIBCMT), placed by the byte-matched call site"
0x567d55,open,func,"CRT open (LIBCMT), placed by the byte-matched call site"
0x56803b,read,func,"CRT read (LIBCMT), placed by the byte-matched call site"
0x568279,write,func,"CRT write (LIBCMT), placed by the byte-matched call site"
0x568469,close,func,"CRT close (LIBCMT), placed by the byte-matched call site"
0x568549,div,func,"CRT div (LIBCMT), placed by the byte-matched call site"
0x5750ac,g_wolfPropModelTable,data,the name src/game/wolf.cpp defines at this address (descriptive name g_wolfPropBaseModelId)
0x57bcd0,g_hexDigits,data,the name src/engine/text.cpp defines at this address
0x57bce0,g_pTextScratch,data,the name src/engine/text.cpp defines at this address
0x6ccd38,g_splashVertsRear,data,the name src/engine/shadow.cpp defines at this address (descriptive name g_splashVertsB)
0x6cde2c,g_splashFrontCount,data,the name src/engine/shadow.cpp defines at this address (descriptive name g_splashCountA)
0x6cde30,g_splashSpareBlock,data,the name src/engine/shadow.cpp defines at this address
0x6cde48,g_splashFrontVertices,data,the name src/engine/shadow.cpp defines at this address (descriptive name g_splashVertsA)
0x6cefd4,g_pFrozenRiverInst,data,the name src/objects/sheep.cpp defines at this address (descriptive name g_pFrozenRiver)
0x6ceff0,g_flockInOrangeBits,data,the name src/objects/sheep.cpp defines at this address (descriptive name g_flockInZoneMask)
0x6cf000,g_sheepIceCubeBody,data,the name src/objects/sheep.cpp defines at this address (descriptive name g_sheepIceBlock)
0x6cf064,g_beachOrangeZoneList,data,the name src/objects/sheep.cpp defines at this address (descriptive name g_beachOrangeBoxes)
0x6cf080,g_flockReserveTargets,data,the name src/objects/sheep.cpp defines at this address (descriptive name g_flockReservedTargets)
0x6cf094,g_flockIncomplete,data,the name src/objects/sheep.cpp defines at this address (descriptive name g_flockSheepMissing)
0x6cf098,g_sheepBubbleEmit,data,the name src/objects/sheep.cpp defines at this address (descriptive name g_sheepBubbleEmitter)
0x6ddb10,g_textScratchBuffer,data,the name src/engine/text.cpp defines at this address (the name src/engine/text.cpp defines here; descriptive name g_textScratchBuf)
0x6ddf24,g_textDefRect,data,the name src/engine/text.cpp defines at this address (the name src/engine/text.cpp defines here; descriptive name g_textDefWinX)
0x6ddf26,g_textDefWinY,data,the name src/engine/text.cpp defines at this address
0x6ddf28,g_textDefWinW,data,the name src/engine/text.cpp defines at this address
0x6ddf2a,g_textDefWinH,data,the name src/engine/text.cpp defines at this address
0x6ddf30,g_textGlyphPoly,data,the name src/engine/text.cpp defines at this address
0x6de9a0,g_onOffNames,data,the name src/engine/pause_menu.cpp defines at this address
0x6de9a8,g_soundModeNames,data,the name src/engine/pause_menu.cpp defines at this address
0x6de9b4,g_pauseCfg,data,the name src/engine/pause_menu.cpp defines at this address
0x6deb50,g_uiString1B,data,the name src/engine/pause_menu.cpp defines at this address
0x6deb58,g_menuCursors,data,the name src/engine/pause_menu.cpp defines at this address
0x6dec48,g_pauseBoxRect,data,the name src/engine/pause_menu.cpp defines at this address
0x6dec50,g_pauseTextRect,data,the name src/engine/pause_menu.cpp defines at this address
0x6dec82,g_pauseViewDistance,data,the name src/engine/pause_menu.cpp defines at this address
0x6dec84,g_pauseResumeIndex,data,the name src/engine/pause_menu.cpp defines at this address
0x6dec86,g_menuFooterStyle,data,the name src/engine/pause_menu.cpp defines at this address
0x6dec87,g_menuFooterStylePrev,data,the name src/engine/pause_menu.cpp defines at this address
0x6dec88,g_pauseRebinding,data,the name src/engine/pause_menu.cpp defines at this address
0x6dec89,g_pauseFlag89,data,the name src/engine/pause_menu.cpp defines at this address
0x6dec8a,g_pauseSlidersShown,data,the name src/engine/pause_menu.cpp defines at this address
0x6dec8b,g_pauseFlag8b,data,the name src/engine/pause_menu.cpp defines at this address
0x6dec8c,g_pauseExitRequested,data,the name src/engine/pause_menu.cpp defines at this address
0x6dec8d,g_pauseRestartRequested,data,the name src/engine/pause_menu.cpp defines at this address
0x6dec8e,g_pauseFlag8e,data,the name src/engine/pause_menu.cpp defines at this address
0x6dec8f,g_pauseFlag8f,data,the name src/engine/pause_menu.cpp defines at this address
0x6dec90,g_msgBoxText,data,the name src/engine/pause_menu.cpp defines at this address
0x6ded10,g_msgBoxRect,data,the name src/engine/pause_menu.cpp defines at this address
0x6ded18,g_msgBoxAlign,data,the name src/engine/pause_menu.cpp defines at this address
0x6ded20,g_msgBoxFrame,data,the name src/engine/pause_menu.cpp defines at this address
0x6dede4,g_rebindCooldown,data,the name src/engine/pause_menu.cpp defines at this address
0x6dede8,g_quitCfg,data,the name src/engine/pause_menu.cpp defines at this address
0x6dedf0,g_uiLangMask,data,the name src/engine/pause_menu.cpp defines at this address
0x6def8c,g_settingNames,data,the name src/engine/pause_menu.cpp defines at this address
0x6def9c,g_confirmPending,data,the name src/engine/pause_menu.cpp defines at this address
0x6defa0,g_quitPending,data,the name src/engine/pause_menu.cpp defines at this address
0x6dfbf0,g_sndWaveBank,data,the name src/engine/sound_mgr.cpp defines at this address (descriptive name g_sndBankWaves)
0x6cfb58,g_timeMachineZonePresent,data,"Box *: BOXPRESENT (TimeMachineSphere prop +4), read by TimeMachine_IsInPresent. The name src/objects/timemachine.cpp defines at this address, chosen for its .bss hash order (descriptive name g_timeMachineBoxPresent)"
0x6cfb5c,g_timeMachinePastOffset,data,"Vec3s: BoxPast.min - BoxPresent.min, added when travelling to the past. The name src/objects/timemachine.cpp defines at this address, chosen for its .bss hash order (descriptive name g_timeMachineOffsetToPast)"
0x6cfb64,g_timeMachinePastEraZone,data,"Box *: BOXPAST (TimeMachineSphere prop +0). The name src/objects/timemachine.cpp defines at this address, chosen for its .bss hash order (descriptive name g_timeMachineBoxPast)"
0x579100,g_unref_579100,data,The name src/app/app_main.cpp defines at this address.
0x57910e,g_unref_57910e,data,The name src/app/app_main.cpp defines at this address.
0x584d30,g_unref_584d30,data,The name src/app/app_main.cpp defines at this address.
0x584fdc,g_unref_584fdc,data,The name src/app/app_main.cpp defines at this address.
0x585000,g_unref_585000,data,The name src/app/app_main.cpp defines at this address.
0x585038,g_unref_585038,data,The name src/app/app_main.cpp defines at this address.
0x6d6fd8,g_regProgressKey,data,The name src/engine/card.cpp defines at this address.
0x581714,g_cineOpStride_581714,data,The name src/engine/cine3.cpp defines at this address.
0x581720,g_cineOpStride_581720,data,The name src/engine/cine4.cpp defines at this address.
0x58172c,g_cineOpStride_58172c,data,The name src/engine/cine5.cpp defines at this address.
0x57bc7c,g_fileLastSize,data,The name src/engine/file.cpp defines at this address.
0x57bc80,g_fileBytesRead,data,The name src/engine/file.cpp defines at this address.
0x6dd9b0,g_filePath,data,The name src/engine/file.cpp defines at this address.
0x6ddab4,g_fileBaseDir,data,The name src/engine/file.cpp defines at this address.
0x71968c,g_padTail_71968c,data,The name src/engine/input.cpp defines at this address.
0x7196fc,g_padTail_7196fc,data,The name src/engine/input.cpp defines at this address.
0x71970c,g_inputUnref_71970c,data,The name src/engine/input.cpp defines at this address.
0x719750,g_padRecData_719750,data,The name src/engine/input.cpp defines at this address.
0x5814e8,g_pZeroVec_5814e8,data,The name src/engine/maths.cpp defines at this address.
0x5814f0,g_pZeroVec_5814f0,data,The name src/engine/maths.cpp defines at this address.
0x6d411a,g_navGraphNodeCount,data,The name src/engine/navigation.cpp defines at this address; descriptive name g_samNavNodeCount.
0x6def98,g_pauseBss_6def98,data,The name src/engine/pause_menu.cpp defines at this address.
0x57c13c,g_confirmChoice,data,The name src/engine/pause_menu.cpp defines at this address.
0x57c140,g_quitChoice,data,The name src/engine/pause_menu.cpp defines at this address.
0x57c144,g_bindUpShown,data,The name src/engine/pause_menu.cpp defines at this address.
0x57c145,g_bindRightShown,data,The name src/engine/pause_menu.cpp defines at this address.
0x57c146,g_bindDownShown,data,The name src/engine/pause_menu.cpp defines at this address.
0x57c147,g_bindLeftShown,data,The name src/engine/pause_menu.cpp defines at this address.
0x57c148,g_bindActionShown,data,The name src/engine/pause_menu.cpp defines at this address.
0x57c149,g_bindJumpShown,data,The name src/engine/pause_menu.cpp defines at this address.
0x57c14a,g_bindWolfEyeShown,data,The name src/engine/pause_menu.cpp defines at this address.
0x57c14b,g_bindRunShown,data,The name src/engine/pause_menu.cpp defines at this address.
0x57c14c,g_bindQuickInvShown,data,The name src/engine/pause_menu.cpp defines at this address.
0x57c14d,g_bindSneakShown,data,The name src/engine/pause_menu.cpp defines at this address.
0x57c14e,g_bindViewMapShown,data,The name src/engine/pause_menu.cpp defines at this address.
0x57c14f,g_bindCamLeftShown,data,The name src/engine/pause_menu.cpp defines at this address.
0x57c150,g_bindCamRightShown,data,The name src/engine/pause_menu.cpp defines at this address.
0x6cfc28,g_invSelClass,data,The name src/engine/progress_inventory.cpp defines at this address; descriptive name g_invSelectedClass.
0x6cfc2a,g_invSpare_6cfc2a,data,The name src/engine/progress_inventory.cpp defines at this address.
0x6cfc2c,g_invFlyDir,data,The name src/engine/progress_inventory.cpp defines at this address; descriptive name g_itemFlyMode.
0x6cfc30,g_itemFlyObj,data,The name src/engine/progress_inventory.cpp defines at this address; descriptive name g_itemFlyObject.
0x6cfc34,g_itemFlyStart,data,The name src/engine/progress_inventory.cpp defines at this address; descriptive name g_itemFlyFrom.
0x6cfc3c,g_itemFlightViewOffset,data,The name src/engine/progress_inventory.cpp defines at this address; descriptive name g_itemFlyCamOffset.
0x6cfc44,g_itemFlyCur,data,The name src/engine/progress_inventory.cpp defines at this address; descriptive name g_itemFlyPos.
0x6cfc4a,g_invUnused6cfc4a,data,The name src/engine/progress_inventory.cpp defines at this address.
0x6cfc4c,g_itemFlightTime,data,The name src/engine/progress_inventory.cpp defines at this address; descriptive name g_itemFlyT.
0x6cfc4e,g_invUnused_6cfc4e,data,The name src/engine/progress_inventory.cpp defines at this address.
0x6cfc54,g_inventoryMailboxTable,data,The name src/engine/progress_inventory.cpp defines at this address; descriptive name g_invMailboxes.
0x6cfc6c,g_invWheelTurn,data,The name src/engine/progress_inventory.cpp defines at this address; descriptive name g_invWheelSide.
0x6cfc6e,g_inventoryWheelYaw,data,The name src/engine/progress_inventory.cpp defines at this address; descriptive name g_invWheelAngle.
0x6cfc70,g_invWheelSlide,data,The name src/engine/progress_inventory.cpp defines at this address; descriptive name g_invWheelSlideY.
0x6cfc72,g_inventoryAllCommit,data,The name src/engine/progress_inventory.cpp defines at this address; descriptive name g_invAllCommitted.
0x6d0c94,g_emptyNames,data,The name src/engine/scenaric.cpp defines at this address; descriptive name g_emptyStrings.
0x57ecd4,g_cineOpStride_57ecd4,data,The name src/engine/scenaric_loop.cpp defines at this address.
0x581750,g_cineOpStride_581750,data,The name src/engine/sfx_volume.cpp defines at this address.
0x71af74,g_texScrollUnref_71af74,data,The name src/engine/tex_scroll.cpp defines at this address.
0x71b280,g_texScrollUnref_71b280,data,The name src/engine/tex_scroll.cpp defines at this address.
0x6d4120,g_transitionUnk6D4120,data,The name src/engine/transition.cpp defines at this address.
0x6d511c,g_transitionAlphaOrigin,data,The name src/engine/transition.cpp defines at this address; descriptive name g_transitionAlphaBase.
0x6d5118,g_transIrisAlphaDelta,data,The name src/engine/transition.cpp defines at this address; descriptive name g_transitionAlphaDelta.
0x6d5120,g_transIrisPhase,data,The name src/engine/transition.cpp defines at this address; descriptive name g_transitionPhase.
0x6d5121,g_transPhaseRunning,data,The name src/engine/transition.cpp defines at this address; descriptive name g_transitionPhaseStarted.
0x6d5122,g_transitionIsNonBlocking,data,The name src/engine/transition.cpp defines at this address; descriptive name g_transitionNonBlocking.
0x6e435c,g_camAimState,data,The name src/objects/camera.cpp defines at this address; descriptive name g_camFocal.
0x6e43e4,g_camProbeState,data,The name src/objects/camera.cpp defines at this address; descriptive name g_camProbeYawOffset.
0x6e4422,g_camUnref_6e4422,data,The name src/objects/camera.cpp defines at this address.
0x6e45f6,g_camUnref_6e45f6,data,The name src/objects/camera.cpp defines at this address.
0x6cfadc,g_lightSpotBeamFace,data,The name src/objects/lightspot.cpp defines at this address; descriptive name g_lightSpotPoly.
0x6cfb48,g_lightSpotXyzVb,data,The name src/objects/lightspot.cpp defines at this address; descriptive name g_lightSpotVb.
0x6cfb34,g_lightSpotUnknownArea,data,The name src/objects/lightspot.cpp defines at this address.
0x6e38ac,g_mcardBss_6e38ac,data,The name src/objects/mcard.cpp defines at this address.
0x6cf818,g_numPiranhasAttacking,data,The name src/objects/piranhas.cpp defines at this address; descriptive name g_piranhaAttackCount.
0x6cf81c,g_piranhaBubbleSpawnRequest,data,The name src/objects/piranhas.cpp defines at this address; descriptive name g_piranhaBubbleSpawnReq.
0x71c328,g_vidPlayer,data,The name src/objects/video_sequence.cpp defines at this address; descriptive name g_videoPlayer.
0x6e4a10,g_skyVtxDrawn,data,The name src/objects/world_draw.cpp defines at this address; descriptive name g_skyVertCount.
